Skipping completed run: low, seed=42
Skipping completed run: high, seed=42
Skipping completed run: low, seed=6543
Resuming from: C:\Users\jafari.h\Desktop\ai_project\ConvNeXt\results\cifar100\ablation_delay_initialization\high\seed_6543\best_checkpoint.pth

==============================================
Delay initialization: high
Stage delays: 0.10,0.04,0.02,0.02
Seed: 6543
==============================================
Runtime downsample shapes: {0: (1, 96, 32, 32), 1: (1, 192, 16, 16), 2: (1, 384, 8, 8), 3: (1, 768, 4, 4)}
Dataset: CIFAR-100, classes=100, input_resolution=32x32
Architecture: dims=(96, 192, 384, 768), depths=(2, 2, 6, 2), parameters=20,920,036
TTFS normalization mode: score_layernorm
Depthwise convolution mode: dense
Downsampling convolution mode: dense
Non-negative effective pointwise weights: False
Final score normalization enabled: True
Augmentation settings: {'randaugment': True, 'randaugment_num_ops': 2, 'randaugment_magnitude': 9, 'mixup_alpha': 0.2, 'cutmix_alpha': 1.0, 'random_erasing': 0.1}
Actual stage delays: [{'stage': 0, 'mid': 0.10000000894069672, 'out': 0.10000000894069672}, {'stage': 1, 'mid': 0.03999999910593033, 'out': 0.03999999910593033}, {'stage': 2, 'mid': 0.019999999552965164, 'out': 0.019999999552965164}, {'stage': 3, 'mid': 0.019999999552965164, 'out': 0.019999999552965164}]
Delay gradient norms after test backward: [{'stage': 0, 'D_mid': 1.4081350944397067e-05, 'D_out': 3.678744974711292e-05}, {'stage': 1, 'D_mid': 0.0003780889362718832, 'D_out': 0.0008988271419789936}, {'stage': 2, 'D_mid': 0.0010613147715259658, 'D_out': 0.0020924168024548284}, {'stage': 3, 'D_mid': 0.0011947670268691816, 'D_out': 0.001720712061089841}]
TTFS normalization smoke test: {'logits_shape': [2, 100], 'logits_finite': True, 'delay_gradient_norms': [{'stage': 0, 'D_mid': 1.4081350944397067e-05, 'D_out': 3.678744974711292e-05}, {'stage': 1, 'D_mid': 0.0003780889362718832, 'D_out': 0.0008988271419789936}, {'stage': 2, 'D_mid': 0.0010613147715259658, 'D_out': 0.0020924168024548284}, {'stage': 3, 'D_mid': 0.0011947670268691816, 'D_out': 0.001720712061089841}], 'layernorm_gradient_norms': [{'stage': 0, 'block': 0, 'parameter': 'weight', 'gradient_norm': 3.25228065776173e-05}, {'stage': 0, 'block': 0, 'parameter': 'bias', 'gradient_norm': 3.0066499675740488e-05}, {'stage': 0, 'block': 1, 'parameter': 'weight', 'gradient_norm': 0.0}, {'stage': 0, 'block': 1, 'parameter': 'bias', 'gradient_norm': 0.0}, {'stage': 1, 'block': 0, 'parameter': 'weight', 'gradient_norm': 0.0017091517802327871}, {'stage': 1, 'block': 0, 'parameter': 'bias', 'gradient_norm': 0.0024149136152118444}, {'stage': 1, 'block': 1, 'parameter': 'weight', 'gradient_norm': 0.001011856715194881}, {'stage': 1, 'block': 1, 'parameter': 'bias', 'gradient_norm': 0.0015116947470232844}, {'stage': 2, 'block': 0, 'parameter': 'weight', 'gradient_norm': 0.007825522683560848}, {'stage': 2, 'block': 0, 'parameter': 'bias', 'gradient_norm': 0.009710748679935932}, {'stage': 2, 'block': 1, 'parameter': 'weight', 'gradient_norm': 0.007027688901871443}, {'stage': 2, 'block': 1, 'parameter': 'bias', 'gradient_norm': 0.008785216137766838}, {'stage': 2, 'block': 2, 'parameter': 'weight', 'gradient_norm': 0.007455002516508102}, {'stage': 2, 'block': 2, 'parameter': 'bias', 'gradient_norm': 0.008106346242129803}, {'stage': 2, 'block': 3, 'parameter': 'weight', 'gradient_norm': 0.007416569162160158}, {'stage': 2, 'block': 3, 'parameter': 'bias', 'gradient_norm': 0.010446278378367424}, {'stage': 2, 'block': 4, 'parameter': 'weight', 'gradient_norm': 0.011292356997728348}, {'stage': 2, 'block': 4, 'parameter': 'bias', 'gradient_norm': 0.008197445422410965}, {'stage': 2, 'block': 5, 'parameter': 'weight', 'gradient_norm': 0.006920805666595697}, {'stage': 2, 'block': 5, 'parameter': 'bias', 'gradient_norm': 0.0053992667235434055}, {'stage': 3, 'block': 0, 'parameter': 'weight', 'gradient_norm': 0.01779748871922493}, {'stage': 3, 'block': 0, 'parameter': 'bias', 'gradient_norm': 0.02243747189640999}, {'stage': 3, 'block': 1, 'parameter': 'weight', 'gradient_norm': 0.019276224076747894}, {'stage': 3, 'block': 1, 'parameter': 'bias', 'gradient_norm': 0.02495921589434147}], 'final_layernorm_gradient_norms': [{'parameter': 'weight', 'gradient_norm': 0.1011185273528099}, {'parameter': 'bias', 'gradient_norm': 0.0686100572347641}], 'convolution_delay_gradient_norms': []}
Resumed from epoch 75 with best validation accuracy 65.82% and 0 epochs without improvement




Epoch == 76
{"phase": "train", "iteration": 50, "loss": 2.5760854363441466, "accuracy": 52.17842193437445}
{"phase": "train", "iteration": 100, "loss": 2.579537388086319, "accuracy": 51.81068954621213}
{"phase": "train", "iteration": 150, "loss": 2.5291542665163678, "accuracy": 53.05621546695}
{"phase": "train", "iteration": 200, "loss": 2.5638949924707415, "accuracy": 52.26560261423118}
{"phase": "train", "iteration": 250, "loss": 2.59955419254303, "accuracy": 51.38080054397239}
{"phase": "train", "iteration": 300, "loss": 2.571313720146815, "accuracy": 52.05349068066154}
{"phase": "train", "iteration": 350, "loss": 2.5617745011193414, "accuracy": 52.3045585162889}
{"epoch": 76, "learning_rate": 0.0002, "next_learning_rate": 0.0002, "learning_rates": {"all": 0.0002}, "next_learning_rates": {"all": 0.0002}, "train_loss": 2.561610430314806, "train_accuracy": 52.31718116871751, "train_samples": 45000, "train_seconds": 30.093773365020752, "val_loss": 1.8613699619293214, "val_accuracy": 66.02, "val_samples": 5000, "val_seconds": 12.663549661636353, "best_validation_accuracy": 66.02, "best_epoch": 76, "epochs_without_improvement": 0}




Epoch == 77
{"phase": "train", "iteration": 50, "loss": 2.4269169640541075, "accuracy": 56.343099468321}
{"phase": "train", "iteration": 100, "loss": 2.567039487361908, "accuracy": 52.80222816249509}
{"phase": "train", "iteration": 150, "loss": 2.5836741789182027, "accuracy": 52.495356501597264}
{"phase": "train", "iteration": 200, "loss": 2.5750736862421038, "accuracy": 52.568071420083115}
{"phase": "train", "iteration": 250, "loss": 2.6077895736694336, "accuracy": 51.49949240637879}
{"phase": "train", "iteration": 300, "loss": 2.640615557829539, "accuracy": 50.35218258250339}
{"phase": "train", "iteration": 350, "loss": 2.631686359133039, "accuracy": 50.568162963877114}
{"epoch": 77, "learning_rate": 0.0002, "next_learning_rate": 0.0002, "learning_rates": {"all": 0.0002}, "next_learning_rates": {"all": 0.0002}, "train_loss": 2.627876426251729, "train_accuracy": 50.67846128400938, "train_samples": 45000, "train_seconds": 17.465105772018433, "val_loss": 1.855193595123291, "val_accuracy": 66.04, "val_samples": 5000, "val_seconds": 0.7410893440246582, "best_validation_accuracy": 66.04, "best_epoch": 77, "epochs_without_improvement": 0}




Epoch == 78
{"phase": "train", "iteration": 50, "loss": 2.5610648131370546, "accuracy": 52.5752355372746}
{"phase": "train", "iteration": 100, "loss": 2.592774704694748, "accuracy": 51.74362743469207}
{"phase": "train", "iteration": 150, "loss": 2.6371856808662413, "accuracy": 50.775372922764724}
{"phase": "train", "iteration": 200, "loss": 2.6074852937459947, "accuracy": 51.51718982591694}
{"phase": "train", "iteration": 250, "loss": 2.630124606132507, "accuracy": 50.92771806559211}
{"phase": "train", "iteration": 300, "loss": 2.6450953654448193, "accuracy": 50.37853480717383}
{"phase": "train", "iteration": 350, "loss": 2.641977730478559, "accuracy": 50.468621201992306}
{"epoch": 78, "learning_rate": 0.0002, "next_learning_rate": 0.0002, "learning_rates": {"all": 0.0002}, "next_learning_rates": {"all": 0.0002}, "train_loss": 2.639432703314887, "train_accuracy": 50.530896194131, "train_samples": 45000, "train_seconds": 17.930100679397583, "val_loss": 1.8495204711914062, "val_accuracy": 66.24, "val_samples": 5000, "val_seconds": 0.7355751991271973, "best_validation_accuracy": 66.24, "best_epoch": 78, "epochs_without_improvement": 0}




Epoch == 79
{"phase": "train", "iteration": 50, "loss": 2.4773625802993773, "accuracy": 54.55906091343274}
{"phase": "train", "iteration": 100, "loss": 2.6622024834156037, "accuracy": 49.65861102071467}
{"phase": "train", "iteration": 150, "loss": 2.614186986287435, "accuracy": 50.85584606730878}
{"phase": "train", "iteration": 200, "loss": 2.569121696949005, "accuracy": 52.18840686511937}
{"phase": "train", "iteration": 250, "loss": 2.573703525066376, "accuracy": 52.00754387955248}
{"phase": "train", "iteration": 300, "loss": 2.57175475080808, "accuracy": 52.03148610639525}
{"phase": "train", "iteration": 350, "loss": 2.5555011452947345, "accuracy": 52.43411661118863}
{"epoch": 79, "learning_rate": 0.0002, "next_learning_rate": 0.0002, "learning_rates": {"all": 0.0002}, "next_learning_rates": {"all": 0.0002}, "train_loss": 2.552756671142578, "train_accuracy": 52.51087354800287, "train_samples": 45000, "train_seconds": 40.83226990699768, "val_loss": 1.8438655445098877, "val_accuracy": 66.5, "val_samples": 5000, "val_seconds": 1.9858782291412354, "best_validation_accuracy": 66.5, "best_epoch": 79, "epochs_without_improvement": 0}




Epoch == 80
{"phase": "train", "iteration": 50, "loss": 2.601804416179657, "accuracy": 51.36490987122008}
{"phase": "train", "iteration": 100, "loss": 2.593270651102066, "accuracy": 51.59890817091571}
{"phase": "train", "iteration": 150, "loss": 2.6096238923072814, "accuracy": 51.1230080890233}
{"phase": "train", "iteration": 200, "loss": 2.6174917244911193, "accuracy": 50.842895905684756}
{"phase": "train", "iteration": 250, "loss": 2.6146689229011537, "accuracy": 50.83696817011381}
{"phase": "train", "iteration": 300, "loss": 2.585110390583674, "accuracy": 51.719686714605025}
{"phase": "train", "iteration": 350, "loss": 2.590069135257176, "accuracy": 51.67259095450959}
{"epoch": 80, "learning_rate": 0.0002, "next_learning_rate": 0.0002, "learning_rates": {"all": 0.0002}, "next_learning_rates": {"all": 0.0002}, "train_loss": 2.5907891306559243, "train_accuracy": 51.66881173951252, "train_samples": 45000, "train_seconds": 24.809514045715332, "val_loss": 1.837827383995056, "val_accuracy": 66.74, "val_samples": 5000, "val_seconds": 1.9767630100250244, "best_validation_accuracy": 66.74, "best_epoch": 80, "epochs_without_improvement": 0}




Epoch == 81
{"phase": "train", "iteration": 50, "loss": 2.5560442996025086, "accuracy": 53.00784465777383}
{"phase": "train", "iteration": 100, "loss": 2.540683921575546, "accuracy": 53.284053741067424}
{"phase": "train", "iteration": 150, "loss": 2.53331751982371, "accuracy": 53.32383049644435}
{"phase": "train", "iteration": 200, "loss": 2.5535324186086656, "accuracy": 52.889629453253995}
{"phase": "train", "iteration": 250, "loss": 2.5469075531959535, "accuracy": 53.0787283619356}
{"phase": "train", "iteration": 300, "loss": 2.5793895427385967, "accuracy": 52.221245320798445}
{"phase": "train", "iteration": 350, "loss": 2.579882948057992, "accuracy": 52.18824900693415}
{"epoch": 81, "learning_rate": 0.0002, "next_learning_rate": 0.0002, "learning_rates": {"all": 0.0002}, "next_learning_rates": {"all": 0.0002}, "train_loss": 2.5791350222269696, "train_accuracy": 52.21136388996509, "train_samples": 45000, "train_seconds": 44.970364570617676, "val_loss": 1.8323221153259277, "val_accuracy": 66.86, "val_samples": 5000, "val_seconds": 1.9851317405700684, "best_validation_accuracy": 66.86, "best_epoch": 81, "epochs_without_improvement": 0}




Epoch == 82
{"phase": "train", "iteration": 50, "loss": 2.3724247574806214, "accuracy": 58.22888852717669}
{"phase": "train", "iteration": 100, "loss": 2.5331674122810366, "accuracy": 53.796985614416705}
{"phase": "train", "iteration": 150, "loss": 2.5253352014223736, "accuracy": 53.88080774422717}
{"phase": "train", "iteration": 200, "loss": 2.558883402347565, "accuracy": 52.751737087269056}
{"phase": "train", "iteration": 250, "loss": 2.555632433414459, "accuracy": 52.74864268796304}
{"phase": "train", "iteration": 300, "loss": 2.564170317252477, "accuracy": 52.509906975263405}
{"phase": "train", "iteration": 350, "loss": 2.556881331716265, "accuracy": 52.57788330519311}
{"epoch": 82, "learning_rate": 0.0002, "next_learning_rate": 0.0002, "learning_rates": {"all": 0.0002}, "next_learning_rates": {"all": 0.0002}, "train_loss": 2.5552295958624947, "train_accuracy": 52.62049331073703, "train_samples": 45000, "train_seconds": 45.150378704071045, "val_loss": 1.8272812526702882, "val_accuracy": 67.04, "val_samples": 5000, "val_seconds": 1.9817345142364502, "best_validation_accuracy": 67.04, "best_epoch": 82, "epochs_without_improvement": 0}




Epoch == 83
{"phase": "train", "iteration": 50, "loss": 2.459122931957245, "accuracy": 55.10166728764749}
{"phase": "train", "iteration": 100, "loss": 2.512596763372421, "accuracy": 53.8932283958329}
{"phase": "train", "iteration": 150, "loss": 2.5815503668785094, "accuracy": 51.859095455361434}
{"phase": "train", "iteration": 200, "loss": 2.57785843193531, "accuracy": 52.02485029901465}
{"phase": "train", "iteration": 250, "loss": 2.5880517659187317, "accuracy": 51.683969216464135}
{"phase": "train", "iteration": 300, "loss": 2.5835284225145974, "accuracy": 51.81628887494962}
{"phase": "train", "iteration": 350, "loss": 2.585959046568189, "accuracy": 51.9575905727423}
{"epoch": 83, "learning_rate": 0.0002, "next_learning_rate": 0.0002, "learning_rates": {"all": 0.0002}, "next_learning_rates": {"all": 0.0002}, "train_loss": 2.584605880970425, "train_accuracy": 51.98186343724846, "train_samples": 45000, "train_seconds": 45.268357038497925, "val_loss": 1.822205522918701, "val_accuracy": 67.08, "val_samples": 5000, "val_seconds": 1.9789466857910156, "best_validation_accuracy": 67.08, "best_epoch": 83, "epochs_without_improvement": 0}




Epoch == 84
{"phase": "train", "iteration": 50, "loss": 2.602069783210754, "accuracy": 51.16725763293423}
{"phase": "train", "iteration": 100, "loss": 2.6177519965171814, "accuracy": 51.107306185863784}
{"phase": "train", "iteration": 150, "loss": 2.6101564383506775, "accuracy": 51.477436235172576}
{"phase": "train", "iteration": 200, "loss": 2.5454503041505814, "accuracy": 52.92472513881795}
{"phase": "train", "iteration": 250, "loss": 2.5636758103370667, "accuracy": 52.451472052645755}
{"phase": "train", "iteration": 300, "loss": 2.5861913955211637, "accuracy": 51.874060006540695}
{"phase": "train", "iteration": 350, "loss": 2.5893571628843035, "accuracy": 51.94460265016644}
{"epoch": 84, "learning_rate": 0.0002, "next_learning_rate": 0.0002, "learning_rates": {"all": 0.0002}, "next_learning_rates": {"all": 0.0002}, "train_loss": 2.5855260131200155, "train_accuracy": 52.042533869282444, "train_samples": 45000, "train_seconds": 45.28087139129639, "val_loss": 1.8174306081771852, "val_accuracy": 67.24, "val_samples": 5000, "val_seconds": 1.992091178894043, "best_validation_accuracy": 67.24, "best_epoch": 84, "epochs_without_improvement": 0}




Epoch == 85
{"phase": "train", "iteration": 50, "loss": 2.5339271926879885, "accuracy": 53.686397968443295}
{"phase": "train", "iteration": 100, "loss": 2.5480209410190584, "accuracy": 53.75296173303404}
{"phase": "train", "iteration": 150, "loss": 2.582234833240509, "accuracy": 52.62998822476747}
{"phase": "train", "iteration": 200, "loss": 2.6101925134658814, "accuracy": 51.750938811071734}
{"phase": "train", "iteration": 250, "loss": 2.6015885705947874, "accuracy": 51.99362261623681}
{"phase": "train", "iteration": 300, "loss": 2.607315853039424, "accuracy": 51.79348375399733}
{"phase": "train", "iteration": 350, "loss": 2.60976336990084, "accuracy": 51.71338150025099}
{"epoch": 85, "learning_rate": 0.0002, "next_learning_rate": 0.0002, "learning_rates": {"all": 0.0002}, "next_learning_rates": {"all": 0.0002}, "train_loss": 2.6142642996046277, "train_accuracy": 51.59272110359977, "train_samples": 45000, "train_seconds": 45.092499017715454, "val_loss": 1.8129757698059081, "val_accuracy": 67.48, "val_samples": 5000, "val_seconds": 1.986217737197876, "best_validation_accuracy": 67.48, "best_epoch": 85, "epochs_without_improvement": 0}




Epoch == 86
{"phase": "train", "iteration": 50, "loss": 2.535608239173889, "accuracy": 54.13912313245524}
{"phase": "train", "iteration": 100, "loss": 2.5710970652103424, "accuracy": 53.09888467086043}
{"phase": "train", "iteration": 150, "loss": 2.59804807027181, "accuracy": 52.324028934525174}
{"phase": "train", "iteration": 200, "loss": 2.5883022356033325, "accuracy": 52.38207426452752}
{"phase": "train", "iteration": 250, "loss": 2.5307558569908144, "accuracy": 53.80773450307915}
{"phase": "train", "iteration": 300, "loss": 2.5624709113438926, "accuracy": 52.89065982871561}
{"phase": "train", "iteration": 350, "loss": 2.5521764489582606, "accuracy": 53.13304373845822}
{"epoch": 86, "learning_rate": 0.0002, "next_learning_rate": 0.0002, "learning_rates": {"all": 0.0002}, "next_learning_rates": {"all": 0.0002}, "train_loss": 2.551422436396281, "train_accuracy": 53.1423769519496, "train_samples": 45000, "train_seconds": 45.5370819568634, "val_loss": 1.8085714771270751, "val_accuracy": 67.66, "val_samples": 5000, "val_seconds": 1.999244213104248, "best_validation_accuracy": 67.66, "best_epoch": 86, "epochs_without_improvement": 0}




Epoch == 87
{"phase": "train", "iteration": 50, "loss": 2.601045377254486, "accuracy": 52.77489193339619}
{"phase": "train", "iteration": 100, "loss": 2.5018567705154418, "accuracy": 54.43110022597911}
{"phase": "train", "iteration": 150, "loss": 2.51895467042923, "accuracy": 53.97382666778798}
{"phase": "train", "iteration": 200, "loss": 2.489308444261551, "accuracy": 54.6103591672131}
{"phase": "train", "iteration": 250, "loss": 2.5213101811408998, "accuracy": 53.722281469742825}
{"phase": "train", "iteration": 300, "loss": 2.5029843596617383, "accuracy": 54.206573649858285}
{"phase": "train", "iteration": 350, "loss": 2.5078388748850142, "accuracy": 53.991672354353746}
{"epoch": 87, "learning_rate": 0.0002, "next_learning_rate": 0.0002, "learning_rates": {"all": 0.0002}, "next_learning_rates": {"all": 0.0002}, "train_loss": 2.504413575553894, "train_accuracy": 54.085248958962296, "train_samples": 45000, "train_seconds": 45.309540033340454, "val_loss": 1.8041521072387696, "val_accuracy": 67.7, "val_samples": 5000, "val_seconds": 1.9945933818817139, "best_validation_accuracy": 67.7, "best_epoch": 87, "epochs_without_improvement": 0}




Epoch == 88
{"phase": "train", "iteration": 50, "loss": 2.5204448819160463, "accuracy": 53.95776286949411}
{"phase": "train", "iteration": 100, "loss": 2.454589982032776, "accuracy": 55.85842472598403}
{"phase": "train", "iteration": 150, "loss": 2.54855727036794, "accuracy": 53.45179689802326}
{"phase": "train", "iteration": 200, "loss": 2.563220894932747, "accuracy": 53.015678967804654}
{"phase": "train", "iteration": 250, "loss": 2.536958664894104, "accuracy": 53.62999729548042}
{"phase": "train", "iteration": 300, "loss": 2.5133790759245556, "accuracy": 54.177079016630884}
{"phase": "train", "iteration": 350, "loss": 2.4933581481661116, "accuracy": 54.85509677344334}
{"epoch": 88, "learning_rate": 0.0002, "next_learning_rate": 0.0002, "learning_rates": {"all": 0.0002}, "next_learning_rates": {"all": 0.0002}, "train_loss": 2.4955603961520727, "train_accuracy": 54.790463010005816, "train_samples": 45000, "train_seconds": 45.215712547302246, "val_loss": 1.79998687210083, "val_accuracy": 67.9, "val_samples": 5000, "val_seconds": 1.9921557903289795, "best_validation_accuracy": 67.9, "best_epoch": 88, "epochs_without_improvement": 0}




Epoch == 89
{"phase": "train", "iteration": 50, "loss": 2.4493938446044923, "accuracy": 55.899946969822786}
{"phase": "train", "iteration": 100, "loss": 2.430111529827118, "accuracy": 56.20359084739753}
{"phase": "train", "iteration": 150, "loss": 2.465750981171926, "accuracy": 55.617443596314864}
{"phase": "train", "iteration": 200, "loss": 2.5166114538908007, "accuracy": 54.09875036334184}
{"phase": "train", "iteration": 250, "loss": 2.5386922454833982, "accuracy": 53.45361016966605}
{"phase": "train", "iteration": 300, "loss": 2.536525082588196, "accuracy": 53.416020548708914}
{"phase": "train", "iteration": 350, "loss": 2.505832065173558, "accuracy": 54.27994025913506}
{"epoch": 89, "learning_rate": 0.0002, "next_learning_rate": 0.0002, "learning_rates": {"all": 0.0002}, "next_learning_rates": {"all": 0.0002}, "train_loss": 2.504846305041843, "train_accuracy": 54.311147254045785, "train_samples": 45000, "train_seconds": 45.55275559425354, "val_loss": 1.7958542930603028, "val_accuracy": 68.08, "val_samples": 5000, "val_seconds": 1.9836502075195312, "best_validation_accuracy": 68.08, "best_epoch": 89, "epochs_without_improvement": 0}




Epoch == 90
{"phase": "train", "iteration": 50, "loss": 2.3229251313209534, "accuracy": 59.91918298807162}
{"phase": "train", "iteration": 100, "loss": 2.370981148481369, "accuracy": 58.144583441873394}
{"phase": "train", "iteration": 150, "loss": 2.4667108782132465, "accuracy": 55.51127546271286}
{"phase": "train", "iteration": 200, "loss": 2.47161475777626, "accuracy": 55.42668541901121}
{"phase": "train", "iteration": 250, "loss": 2.485101547241211, "accuracy": 54.91018435226679}
{"phase": "train", "iteration": 300, "loss": 2.46925550142924, "accuracy": 55.286770098910615}
{"phase": "train", "iteration": 350, "loss": 2.4883260931287494, "accuracy": 54.924564651852364}
{"epoch": 90, "learning_rate": 0.0002, "next_learning_rate": 0.0002, "learning_rates": {"all": 0.0002}, "next_learning_rates": {"all": 0.0002}, "train_loss": 2.485491840871175, "train_accuracy": 55.01643154864092, "train_samples": 45000, "train_seconds": 45.28351616859436, "val_loss": 1.7921909067153932, "val_accuracy": 68.26, "val_samples": 5000, "val_seconds": 1.982473373413086, "best_validation_accuracy": 68.26, "best_epoch": 90, "epochs_without_improvement": 0}




Epoch == 91
{"phase": "train", "iteration": 50, "loss": 2.5238509511947633, "accuracy": 54.318442830005644}
{"phase": "train", "iteration": 100, "loss": 2.5320980179309847, "accuracy": 54.16800817239261}
{"phase": "train", "iteration": 150, "loss": 2.571370449066162, "accuracy": 53.30469860589559}
{"phase": "train", "iteration": 200, "loss": 2.59015185713768, "accuracy": 52.68621683651256}
{"phase": "train", "iteration": 250, "loss": 2.5673294558525086, "accuracy": 53.23756380745182}
{"phase": "train", "iteration": 300, "loss": 2.558683082262675, "accuracy": 53.31799642304939}
{"phase": "train", "iteration": 350, "loss": 2.563669275556292, "accuracy": 53.1444211974082}
{"epoch": 91, "learning_rate": 0.0002, "next_learning_rate": 0.0002, "learning_rates": {"all": 0.0002}, "next_learning_rates": {"all": 0.0002}, "train_loss": 2.5659913425445557, "train_accuracy": 53.08243056147073, "train_samples": 45000, "train_seconds": 45.32827854156494, "val_loss": 1.7885073776245117, "val_accuracy": 68.42, "val_samples": 5000, "val_seconds": 1.9836764335632324, "best_validation_accuracy": 68.42, "best_epoch": 91, "epochs_without_improvement": 0}




Epoch == 92
{"phase": "train", "iteration": 50, "loss": 2.4012817478179933, "accuracy": 57.882583969741255}
{"phase": "train", "iteration": 100, "loss": 2.4171604752540587, "accuracy": 57.091029139000014}
{"phase": "train", "iteration": 150, "loss": 2.457456291516622, "accuracy": 56.43325847985796}
{"phase": "train", "iteration": 200, "loss": 2.4382609480619433, "accuracy": 56.87683535818341}
{"phase": "train", "iteration": 250, "loss": 2.4897196865081788, "accuracy": 55.518931041786956}
{"phase": "train", "iteration": 300, "loss": 2.495282613436381, "accuracy": 55.32280477286104}
{"phase": "train", "iteration": 350, "loss": 2.495239783355168, "accuracy": 55.33053624903236}
{"epoch": 92, "learning_rate": 0.0002, "next_learning_rate": 0.0002, "learning_rates": {"all": 0.0002}, "next_learning_rates": {"all": 0.0002}, "train_loss": 2.491403270403544, "train_accuracy": 55.40342051330848, "train_samples": 45000, "train_seconds": 45.14164471626282, "val_loss": 1.7851085021972657, "val_accuracy": 68.3, "val_samples": 5000, "val_seconds": 1.9799587726593018, "best_validation_accuracy": 68.42, "best_epoch": 91, "epochs_without_improvement": 1}




Epoch == 93
{"phase": "train", "iteration": 50, "loss": 2.3216752719879152, "accuracy": 59.94110919770443}
{"phase": "train", "iteration": 100, "loss": 2.4376666057109833, "accuracy": 56.78592134151723}
{"phase": "train", "iteration": 150, "loss": 2.470340142250061, "accuracy": 55.899980884600964}
{"phase": "train", "iteration": 200, "loss": 2.459113563299179, "accuracy": 56.22386262980591}
{"phase": "train", "iteration": 250, "loss": 2.470940567970276, "accuracy": 55.98495885927562}
{"phase": "train", "iteration": 300, "loss": 2.4693399592240652, "accuracy": 55.942010548961164}
{"phase": "train", "iteration": 350, "loss": 2.467678300312587, "accuracy": 55.857633430697646}
{"epoch": 93, "learning_rate": 0.0002, "next_learning_rate": 0.0002, "learning_rates": {"all": 0.0002}, "next_learning_rates": {"all": 0.0002}, "train_loss": 2.4658731733957926, "train_accuracy": 55.91484950508408, "train_samples": 45000, "train_seconds": 45.40299367904663, "val_loss": 1.7817885299682616, "val_accuracy": 68.42, "val_samples": 5000, "val_seconds": 1.9813306331634521, "best_validation_accuracy": 68.42, "best_epoch": 91, "epochs_without_improvement": 2}




Epoch == 94
{"phase": "train", "iteration": 50, "loss": 2.396981911659241, "accuracy": 58.23023513999688}
{"phase": "train", "iteration": 100, "loss": 2.379745680093765, "accuracy": 58.541808935905856}
{"phase": "train", "iteration": 150, "loss": 2.439450407028198, "accuracy": 56.78092912553168}
{"phase": "train", "iteration": 200, "loss": 2.4184612733125688, "accuracy": 57.02860716752513}
{"phase": "train", "iteration": 250, "loss": 2.429116457939148, "accuracy": 56.74787693048195}
{"phase": "train", "iteration": 300, "loss": 2.4553546778361004, "accuracy": 56.08908202322553}
{"phase": "train", "iteration": 350, "loss": 2.4619408140863692, "accuracy": 55.87525421329196}
{"epoch": 94, "learning_rate": 0.0002, "next_learning_rate": 0.0002, "learning_rates": {"all": 0.0002}, "next_learning_rates": {"all": 0.0002}, "train_loss": 2.462399455854628, "train_accuracy": 55.87126140520354, "train_samples": 45000, "train_seconds": 45.1383752822876, "val_loss": 1.7785238943099975, "val_accuracy": 68.54, "val_samples": 5000, "val_seconds": 1.9877877235412598, "best_validation_accuracy": 68.54, "best_epoch": 94, "epochs_without_improvement": 0}




Epoch == 95
{"phase": "train", "iteration": 50, "loss": 2.5401454305648805, "accuracy": 53.40534935842584}
{"phase": "train", "iteration": 100, "loss": 2.524616318941116, "accuracy": 53.76381629415267}
{"phase": "train", "iteration": 150, "loss": 2.527749688625336, "accuracy": 53.94216682266497}
{"phase": "train", "iteration": 200, "loss": 2.492259997725487, "accuracy": 54.99323932946002}
{"phase": "train", "iteration": 250, "loss": 2.4672991490364073, "accuracy": 55.70354794620496}
{"phase": "train", "iteration": 300, "loss": 2.458519452412923, "accuracy": 55.98268360137752}
{"phase": "train", "iteration": 350, "loss": 2.4748263253484453, "accuracy": 55.55896883940449}
{"epoch": 95, "learning_rate": 0.0002, "next_learning_rate": 0.0002, "learning_rates": {"all": 0.0002}, "next_learning_rates": {"all": 0.0002}, "train_loss": 2.475839163547092, "train_accuracy": 55.55567343886435, "train_samples": 45000, "train_seconds": 45.14950156211853, "val_loss": 1.7756644538879394, "val_accuracy": 68.7, "val_samples": 5000, "val_seconds": 1.9842097759246826, "best_validation_accuracy": 68.7, "best_epoch": 95, "epochs_without_improvement": 0}




Epoch == 96
{"phase": "train", "iteration": 50, "loss": 2.552541983127594, "accuracy": 52.90167323384926}
{"phase": "train", "iteration": 100, "loss": 2.554041098356247, "accuracy": 53.10007423020439}
{"phase": "train", "iteration": 150, "loss": 2.532025207678477, "accuracy": 53.79584263034644}
{"phase": "train", "iteration": 200, "loss": 2.5011166626214982, "accuracy": 54.6862272220417}
{"phase": "train", "iteration": 250, "loss": 2.519084620952606, "accuracy": 54.13124629364061}
{"phase": "train", "iteration": 300, "loss": 2.509717619419098, "accuracy": 54.47920371799078}
{"phase": "train", "iteration": 350, "loss": 2.4947575773511614, "accuracy": 55.0506455245193}
{"epoch": 96, "learning_rate": 0.0002, "next_learning_rate": 0.0002, "learning_rates": {"all": 0.0002}, "next_learning_rates": {"all": 0.0002}, "train_loss": 2.496387639596727, "train_accuracy": 55.00805382200305, "train_samples": 45000, "train_seconds": 45.389764070510864, "val_loss": 1.772757265663147, "val_accuracy": 68.74, "val_samples": 5000, "val_seconds": 1.9791216850280762, "best_validation_accuracy": 68.74, "best_epoch": 96, "epochs_without_improvement": 0}




Epoch == 97
{"phase": "train", "iteration": 50, "loss": 2.6174300265312196, "accuracy": 51.867262671571524}
{"phase": "train", "iteration": 100, "loss": 2.4828044891357424, "accuracy": 55.70136149466528}
{"phase": "train", "iteration": 150, "loss": 2.544234682718913, "accuracy": 54.20434888844967}
{"phase": "train", "iteration": 200, "loss": 2.5352474462985994, "accuracy": 54.39978762389885}
{"phase": "train", "iteration": 250, "loss": 2.499387945652008, "accuracy": 55.35663684456778}
{"phase": "train", "iteration": 300, "loss": 2.484567965269089, "accuracy": 55.77304708494209}
{"phase": "train", "iteration": 350, "loss": 2.5069660895211356, "accuracy": 55.109230872244964}
{"epoch": 97, "learning_rate": 0.0002, "next_learning_rate": 0.0002, "learning_rates": {"all": 0.0002}, "next_learning_rates": {"all": 0.0002}, "train_loss": 2.5078039542304147, "train_accuracy": 55.07855442899536, "train_samples": 45000, "train_seconds": 45.14653515815735, "val_loss": 1.7699408111572266, "val_accuracy": 68.68, "val_samples": 5000, "val_seconds": 1.985250473022461, "best_validation_accuracy": 68.74, "best_epoch": 96, "epochs_without_improvement": 1}




Epoch == 98
{"phase": "train", "iteration": 50, "loss": 2.5684440302848817, "accuracy": 52.324813490924136}
{"phase": "train", "iteration": 100, "loss": 2.4293858671188353, "accuracy": 56.580271978163246}
{"phase": "train", "iteration": 150, "loss": 2.461707607110341, "accuracy": 56.13790532750961}
{"phase": "train", "iteration": 200, "loss": 2.498341802954674, "accuracy": 55.0999282606147}
{"phase": "train", "iteration": 250, "loss": 2.4950906920433042, "accuracy": 55.28066523718591}
{"phase": "train", "iteration": 300, "loss": 2.5105931973457336, "accuracy": 54.76250108114136}
{"phase": "train", "iteration": 350, "loss": 2.5018280151912142, "accuracy": 54.8802873259052}
{"epoch": 98, "learning_rate": 0.0002, "next_learning_rate": 0.0002, "learning_rates": {"all": 0.0002}, "next_learning_rates": {"all": 0.0002}, "train_loss": 2.501427768452962, "train_accuracy": 54.908655716731836, "train_samples": 45000, "train_seconds": 45.62764835357666, "val_loss": 1.7671007802963257, "val_accuracy": 68.84, "val_samples": 5000, "val_seconds": 1.9792609214782715, "best_validation_accuracy": 68.84, "best_epoch": 98, "epochs_without_improvement": 0}




Epoch == 99
{"phase": "train", "iteration": 50, "loss": 2.349846680164337, "accuracy": 59.77836850645535}
{"phase": "train", "iteration": 100, "loss": 2.3744718289375304, "accuracy": 58.54347688708487}
{"phase": "train", "iteration": 150, "loss": 2.4370580037434895, "accuracy": 57.07526104224846}
{"phase": "train", "iteration": 200, "loss": 2.4043674010038374, "accuracy": 57.54485611016596}
{"phase": "train", "iteration": 250, "loss": 2.3798869862556455, "accuracy": 58.08999905106812}
{"phase": "train", "iteration": 300, "loss": 2.402616819938024, "accuracy": 57.385221216391095}
{"phase": "train", "iteration": 350, "loss": 2.4199364594050814, "accuracy": 56.83556417600143}
{"epoch": 99, "learning_rate": 0.0002, "next_learning_rate": 0.0002, "learning_rates": {"all": 0.0002}, "next_learning_rates": {"all": 0.0002}, "train_loss": 2.4194395268758138, "train_accuracy": 56.868324736292266, "train_samples": 45000, "train_seconds": 45.636452436447144, "val_loss": 1.7644226722717284, "val_accuracy": 68.9, "val_samples": 5000, "val_seconds": 2.0372555255889893, "best_validation_accuracy": 68.9, "best_epoch": 99, "epochs_without_improvement": 0}




Epoch == 100
{"phase": "train", "iteration": 50, "loss": 2.671289963722229, "accuracy": 51.37952688873772}
{"phase": "train", "iteration": 100, "loss": 2.5176742231845854, "accuracy": 55.15210596083894}
{"phase": "train", "iteration": 150, "loss": 2.523679618835449, "accuracy": 54.8521277224414}
{"phase": "train", "iteration": 200, "loss": 2.54402262032032, "accuracy": 53.930713952740845}
{"phase": "train", "iteration": 250, "loss": 2.559499251365662, "accuracy": 53.52370732448669}
{"phase": "train", "iteration": 300, "loss": 2.5480510822931923, "accuracy": 53.92081010852538}
{"phase": "train", "iteration": 350, "loss": 2.5426561195509776, "accuracy": 54.06732353666814}
{"epoch": 100, "learning_rate": 0.0002, "next_learning_rate": 0.0002, "learning_rates": {"all": 0.0002}, "next_learning_rates": {"all": 0.0002}, "train_loss": 2.543445128970676, "train_accuracy": 54.076355674242144, "train_samples": 45000, "train_seconds": 45.795902967453, "val_loss": 1.761855690574646, "val_accuracy": 68.92, "val_samples": 5000, "val_seconds": 2.0707452297210693, "best_validation_accuracy": 68.92, "best_epoch": 100, "epochs_without_improvement": 1}




Epoch == 101
{"phase": "train", "iteration": 50, "loss": 2.256580605506897, "accuracy": 61.107045309053234}
{"phase": "train", "iteration": 100, "loss": 2.384378675222397, "accuracy": 57.719795256031254}
{"phase": "train", "iteration": 150, "loss": 2.4233722257614136, "accuracy": 56.662149786436785}
{"phase": "train", "iteration": 200, "loss": 2.3816072285175323, "accuracy": 57.72655122295632}
{"phase": "train", "iteration": 250, "loss": 2.378621832847595, "accuracy": 57.946493943783835}
{"phase": "train", "iteration": 300, "loss": 2.367699161370595, "accuracy": 58.27670046717356}
{"phase": "train", "iteration": 350, "loss": 2.365823907170977, "accuracy": 58.28334166148452}
{"epoch": 101, "learning_rate": 0.0002, "next_learning_rate": 0.0002, "learning_rates": {"all": 0.0002}, "next_learning_rates": {"all": 0.0002}, "train_loss": 2.3618468834559123, "train_accuracy": 58.38832696757973, "train_samples": 45000, "train_seconds": 47.08697557449341, "val_loss": 1.7594190334320068, "val_accuracy": 68.94, "val_samples": 5000, "val_seconds": 2.0354597568511963, "best_validation_accuracy": 68.94, "best_epoch": 101, "epochs_without_improvement": 2}




Epoch == 102
{"phase": "train", "iteration": 50, "loss": 2.309825439453125, "accuracy": 60.52759177833591}
{"phase": "train", "iteration": 100, "loss": 2.483983118534088, "accuracy": 56.27116990353179}
{"phase": "train", "iteration": 150, "loss": 2.4595388825734457, "accuracy": 56.451691255944645}
{"phase": "train", "iteration": 200, "loss": 2.3989608323574068, "accuracy": 58.03615412011149}
{"phase": "train", "iteration": 250, "loss": 2.3964149069786074, "accuracy": 58.129597544001896}
{"phase": "train", "iteration": 300, "loss": 2.407422053019206, "accuracy": 57.758426949777615}
{"phase": "train", "iteration": 350, "loss": 2.438168705872127, "accuracy": 56.866845327187946}
{"epoch": 102, "learning_rate": 0.0002, "next_learning_rate": 0.0002, "learning_rates": {"all": 0.0002}, "next_learning_rates": {"all": 0.0002}, "train_loss": 2.435492434522841, "train_accuracy": 56.934380834265944, "train_samples": 45000, "train_seconds": 46.522000551223755, "val_loss": 1.7566291107177734, "val_accuracy": 69.0, "val_samples": 5000, "val_seconds": 2.0656039714813232, "best_validation_accuracy": 69.0, "best_epoch": 102, "epochs_without_improvement": 0}




Epoch == 103
{"phase": "train", "iteration": 50, "loss": 2.377272083759308, "accuracy": 57.06280373815906}
{"phase": "train", "iteration": 100, "loss": 2.3737604141235353, "accuracy": 57.95529839304802}
{"phase": "train", "iteration": 150, "loss": 2.3873729864756266, "accuracy": 57.81522410746764}
{"phase": "train", "iteration": 200, "loss": 2.3855011320114134, "accuracy": 57.9598802427713}
{"phase": "train", "iteration": 250, "loss": 2.374348455429077, "accuracy": 58.383951266572126}
{"phase": "train", "iteration": 300, "loss": 2.3609622557957968, "accuracy": 58.76825230228306}
{"phase": "train", "iteration": 350, "loss": 2.3911671461377826, "accuracy": 58.0119037157094}
{"epoch": 103, "learning_rate": 0.0002, "next_learning_rate": 0.0002, "learning_rates": {"all": 0.0002}, "next_learning_rates": {"all": 0.0002}, "train_loss": 2.391046471998427, "train_accuracy": 58.02105927435424, "train_samples": 45000, "train_seconds": 46.12458372116089, "val_loss": 1.7542095649719238, "val_accuracy": 69.04, "val_samples": 5000, "val_seconds": 2.0663387775421143, "best_validation_accuracy": 69.04, "best_epoch": 103, "epochs_without_improvement": 0}




Epoch == 104
{"phase": "train", "iteration": 50, "loss": 2.5296746611595156, "accuracy": 53.54171163797595}
{"phase": "train", "iteration": 100, "loss": 2.645123693943024, "accuracy": 50.60294813734984}
{"phase": "train", "iteration": 150, "loss": 2.571931641896566, "accuracy": 52.65729375416501}
{"phase": "train", "iteration": 200, "loss": 2.5289972084760666, "accuracy": 53.99784662668616}
{"phase": "train", "iteration": 250, "loss": 2.5020322065353393, "accuracy": 54.82587330499456}
{"phase": "train", "iteration": 300, "loss": 2.4740021455287935, "accuracy": 55.445617926002825}
{"phase": "train", "iteration": 350, "loss": 2.4640883718218123, "accuracy": 55.7758221884401}
{"epoch": 104, "learning_rate": 0.0002, "next_learning_rate": 0.0002, "learning_rates": {"all": 0.0002}, "next_learning_rates": {"all": 0.0002}, "train_loss": 2.466429066107008, "train_accuracy": 55.708346312047034, "train_samples": 45000, "train_seconds": 46.23663568496704, "val_loss": 1.7516842248916626, "val_accuracy": 69.28, "val_samples": 5000, "val_seconds": 1.9890546798706055, "best_validation_accuracy": 69.28, "best_epoch": 104, "epochs_without_improvement": 0}




Epoch == 105
{"phase": "train", "iteration": 50, "loss": 2.372974166870117, "accuracy": 59.00250790115449}
{"phase": "train", "iteration": 100, "loss": 2.3692658054828644, "accuracy": 59.04493326806233}
{"phase": "train", "iteration": 150, "loss": 2.4412002023061117, "accuracy": 56.96859428985743}
{"phase": "train", "iteration": 200, "loss": 2.458399928212166, "accuracy": 56.51022416595801}
{"phase": "train", "iteration": 250, "loss": 2.44025124502182, "accuracy": 56.85757213546464}
{"phase": "train", "iteration": 300, "loss": 2.442837499380112, "accuracy": 56.81319925949774}
{"phase": "train", "iteration": 350, "loss": 2.4392510850088938, "accuracy": 56.98526600152091}
{"epoch": 105, "learning_rate": 0.0002, "next_learning_rate": 0.0002, "learning_rates": {"all": 0.0002}, "next_learning_rates": {"all": 0.0002}, "train_loss": 2.437681341510349, "train_accuracy": 57.03091308318081, "train_samples": 45000, "train_seconds": 45.67548871040344, "val_loss": 1.7492602733612062, "val_accuracy": 69.36, "val_samples": 5000, "val_seconds": 2.033013343811035, "best_validation_accuracy": 69.36, "best_epoch": 105, "epochs_without_improvement": 0}




Epoch == 106
{"phase": "train", "iteration": 50, "loss": 2.381278736591339, "accuracy": 58.36785366502283}
{"phase": "train", "iteration": 100, "loss": 2.337986739873886, "accuracy": 59.35112910336091}
{"phase": "train", "iteration": 150, "loss": 2.314374528725942, "accuracy": 60.02636225637536}
{"phase": "train", "iteration": 200, "loss": 2.3678972727060317, "accuracy": 58.41858961312917}
{"phase": "train", "iteration": 250, "loss": 2.364490439414978, "accuracy": 58.717733635530564}
{"phase": "train", "iteration": 300, "loss": 2.3714221529165904, "accuracy": 58.51522211334409}
{"phase": "train", "iteration": 350, "loss": 2.3655118267876762, "accuracy": 58.67675038433045}
{"epoch": 106, "learning_rate": 0.0002, "next_learning_rate": 0.0002, "learning_rates": {"all": 0.0002}, "next_learning_rates": {"all": 0.0002}, "train_loss": 2.367622097015381, "train_accuracy": 58.62906208250319, "train_samples": 45000, "train_seconds": 47.89703035354614, "val_loss": 1.746988551712036, "val_accuracy": 69.38, "val_samples": 5000, "val_seconds": 2.077986001968384, "best_validation_accuracy": 69.38, "best_epoch": 106, "epochs_without_improvement": 1}




Epoch == 107
{"phase": "train", "iteration": 50, "loss": 2.479432137012482, "accuracy": 56.31461948890628}
{"phase": "train", "iteration": 100, "loss": 2.3390372586250305, "accuracy": 60.037083001599285}
{"phase": "train", "iteration": 150, "loss": 2.392891603310903, "accuracy": 58.38497561762991}
{"phase": "train", "iteration": 200, "loss": 2.4117422068119048, "accuracy": 57.943255108023024}
{"phase": "train", "iteration": 250, "loss": 2.37172820854187, "accuracy": 58.7719546869358}
{"phase": "train", "iteration": 300, "loss": 2.3733787699540456, "accuracy": 58.86737232566707}
{"phase": "train", "iteration": 350, "loss": 2.3959959861210414, "accuracy": 58.249746197169515}
{"epoch": 107, "learning_rate": 0.0002, "next_learning_rate": 0.0002, "learning_rates": {"all": 0.0002}, "next_learning_rates": {"all": 0.0002}, "train_loss": 2.3940838216993545, "train_accuracy": 58.29992958941883, "train_samples": 45000, "train_seconds": 47.2601420879364, "val_loss": 1.7451815624237061, "val_accuracy": 69.24, "val_samples": 5000, "val_seconds": 2.032010555267334, "best_validation_accuracy": 69.38, "best_epoch": 106, "epochs_without_improvement": 2}




Epoch == 108
{"phase": "train", "iteration": 50, "loss": 2.4618815875053404, "accuracy": 57.00412794480317}
{"phase": "train", "iteration": 100, "loss": 2.346229212284088, "accuracy": 59.82152324499997}
{"phase": "train", "iteration": 150, "loss": 2.365915456612905, "accuracy": 59.29827405346225}
{"phase": "train", "iteration": 200, "loss": 2.3956251800060273, "accuracy": 58.41263398534286}
{"phase": "train", "iteration": 250, "loss": 2.3683896470069885, "accuracy": 58.83519978489576}
{"phase": "train", "iteration": 300, "loss": 2.3342010017236072, "accuracy": 59.79523144197414}
{"phase": "train", "iteration": 350, "loss": 2.3681796220370703, "accuracy": 58.986242106840315}
{"epoch": 108, "learning_rate": 0.0002, "next_learning_rate": 0.0002, "learning_rates": {"all": 0.0002}, "next_learning_rates": {"all": 0.0002}, "train_loss": 2.3646581989712185, "train_accuracy": 59.06797857644518, "train_samples": 45000, "train_seconds": 46.71513867378235, "val_loss": 1.7433375755310059, "val_accuracy": 69.3, "val_samples": 5000, "val_seconds": 2.062594413757324, "best_validation_accuracy": 69.38, "best_epoch": 106, "epochs_without_improvement": 3}




Epoch == 109
{"phase": "train", "iteration": 50, "loss": 2.22814564704895, "accuracy": 62.67176678329329}
{"phase": "train", "iteration": 100, "loss": 2.278323283195496, "accuracy": 61.369922384899546}
{"phase": "train", "iteration": 150, "loss": 2.304990966320038, "accuracy": 60.53931914402055}
{"phase": "train", "iteration": 200, "loss": 2.3531429028511046, "accuracy": 59.10959297773745}
{"phase": "train", "iteration": 250, "loss": 2.3773480072021482, "accuracy": 58.69668808648694}
{"phase": "train", "iteration": 300, "loss": 2.408143858114878, "accuracy": 57.81314197178673}
{"phase": "train", "iteration": 350, "loss": 2.406546722139631, "accuracy": 57.866476106201176}
{"epoch": 109, "learning_rate": 0.0002, "next_learning_rate": 0.00017, "learning_rates": {"all": 0.0002}, "next_learning_rates": {"all": 0.00017}, "train_loss": 2.404045146942139, "train_accuracy": 57.95040927880387, "train_samples": 45000, "train_seconds": 47.11123251914978, "val_loss": 1.7408874446868896, "val_accuracy": 69.34, "val_samples": 5000, "val_seconds": 2.059628963470459, "best_validation_accuracy": 69.38, "best_epoch": 106, "epochs_without_improvement": 4}




Epoch == 110
{"phase": "train", "iteration": 50, "loss": 2.4606663727760316, "accuracy": 56.91608194542195}
{"phase": "train", "iteration": 100, "loss": 2.4199703896045683, "accuracy": 57.598337358300284}
{"phase": "train", "iteration": 150, "loss": 2.3933687369028727, "accuracy": 58.315712636602896}
{"phase": "train", "iteration": 200, "loss": 2.383849987387657, "accuracy": 58.72398675654774}
{"phase": "train", "iteration": 250, "loss": 2.417095658302307, "accuracy": 57.80287250909575}
{"phase": "train", "iteration": 300, "loss": 2.429157096942266, "accuracy": 57.354872223631965}
{"phase": "train", "iteration": 350, "loss": 2.4385101062910897, "accuracy": 57.073355886029056}
{"epoch": 110, "learning_rate": 0.00017, "next_learning_rate": 0.00017, "learning_rates": {"all": 0.00017}, "next_learning_rates": {"all": 0.00017}, "train_loss": 2.434915305709839, "train_accuracy": 57.18069000472959, "train_samples": 45000, "train_seconds": 47.04954171180725, "val_loss": 1.7387436725616454, "val_accuracy": 69.5, "val_samples": 5000, "val_seconds": 2.087167978286743, "best_validation_accuracy": 69.5, "best_epoch": 110, "epochs_without_improvement": 0}




Epoch == 111
{"phase": "train", "iteration": 50, "loss": 2.172445170879364, "accuracy": 64.95760048970044}
{"phase": "train", "iteration": 100, "loss": 2.2855377757549284, "accuracy": 61.530312299018945}
{"phase": "train", "iteration": 150, "loss": 2.2869912219047546, "accuracy": 61.47767039625674}
{"phase": "train", "iteration": 200, "loss": 2.3181331914663317, "accuracy": 60.60240954268813}
{"phase": "train", "iteration": 250, "loss": 2.3303415193557737, "accuracy": 60.24285128983134}
{"phase": "train", "iteration": 300, "loss": 2.348361206849416, "accuracy": 59.72325899397436}
{"phase": "train", "iteration": 350, "loss": 2.361677622113909, "accuracy": 59.32853052125385}
{"epoch": 111, "learning_rate": 0.00017, "next_learning_rate": 0.00017, "learning_rates": {"all": 0.00017}, "next_learning_rates": {"all": 0.00017}, "train_loss": 2.3609463268703883, "train_accuracy": 59.34609018128203, "train_samples": 45000, "train_seconds": 46.97870206832886, "val_loss": 1.7367885105133056, "val_accuracy": 69.56, "val_samples": 5000, "val_seconds": 2.0442752838134766, "best_validation_accuracy": 69.56, "best_epoch": 111, "epochs_without_improvement": 0}




Epoch == 112
{"phase": "train", "iteration": 50, "loss": 2.32363951921463, "accuracy": 60.911134690585165}
{"phase": "train", "iteration": 100, "loss": 2.359503914117813, "accuracy": 59.64661714865867}
{"phase": "train", "iteration": 150, "loss": 2.383568123181661, "accuracy": 58.756251297139436}
{"phase": "train", "iteration": 200, "loss": 2.4132113617658617, "accuracy": 57.935786002493245}
{"phase": "train", "iteration": 250, "loss": 2.3534648551940918, "accuracy": 59.57566707022318}
{"phase": "train", "iteration": 300, "loss": 2.3793285997708638, "accuracy": 58.79654740985621}
{"phase": "train", "iteration": 350, "loss": 2.381780185018267, "accuracy": 58.78609582576942}
{"epoch": 112, "learning_rate": 0.00017, "next_learning_rate": 0.00017, "learning_rates": {"all": 0.00017}, "next_learning_rates": {"all": 0.00017}, "train_loss": 2.378528148227268, "train_accuracy": 58.8837298127723, "train_samples": 45000, "train_seconds": 46.84368824958801, "val_loss": 1.7349614038467407, "val_accuracy": 69.6, "val_samples": 5000, "val_seconds": 2.0348563194274902, "best_validation_accuracy": 69.6, "best_epoch": 112, "epochs_without_improvement": 0}




Epoch == 113
{"phase": "train", "iteration": 50, "loss": 2.300909948348999, "accuracy": 61.14922582637827}
{"phase": "train", "iteration": 100, "loss": 2.219215965270996, "accuracy": 63.38557547768405}
{"phase": "train", "iteration": 150, "loss": 2.312906560897827, "accuracy": 60.786454604657834}
{"phase": "train", "iteration": 200, "loss": 2.3178063297271727, "accuracy": 60.8787963838482}
{"phase": "train", "iteration": 250, "loss": 2.3504977054595946, "accuracy": 59.88201610911933}
{"phase": "train", "iteration": 300, "loss": 2.330409260590871, "accuracy": 60.33254968925826}
{"phase": "train", "iteration": 350, "loss": 2.3192574068478176, "accuracy": 60.57167966776933}
{"epoch": 113, "learning_rate": 0.00017, "next_learning_rate": 0.00017, "learning_rates": {"all": 0.00017}, "next_learning_rates": {"all": 0.00017}, "train_loss": 2.3161254286236233, "train_accuracy": 60.66624062664095, "train_samples": 45000, "train_seconds": 46.95594930648804, "val_loss": 1.7334465141296387, "val_accuracy": 69.82, "val_samples": 5000, "val_seconds": 2.0279994010925293, "best_validation_accuracy": 69.82, "best_epoch": 113, "epochs_without_improvement": 0}




Epoch == 114
{"phase": "train", "iteration": 50, "loss": 2.2355669164657592, "accuracy": 63.50705845644231}
{"phase": "train", "iteration": 100, "loss": 2.3211463820934295, "accuracy": 60.993829752531056}
{"phase": "train", "iteration": 150, "loss": 2.350307985941569, "accuracy": 60.31200544723637}
{"phase": "train", "iteration": 200, "loss": 2.348471420407295, "accuracy": 60.32692144815782}
{"phase": "train", "iteration": 250, "loss": 2.380452096939087, "accuracy": 59.24427380279128}
{"phase": "train", "iteration": 300, "loss": 2.357407433191935, "accuracy": 59.89340015767851}
{"phase": "train", "iteration": 350, "loss": 2.3326058088030135, "accuracy": 60.578220394543166}
{"epoch": 114, "learning_rate": 0.00017, "next_learning_rate": 0.00017, "learning_rates": {"all": 0.00017}, "next_learning_rates": {"all": 0.00017}, "train_loss": 2.3321225778367785, "train_accuracy": 60.601084553900755, "train_samples": 45000, "train_seconds": 46.5420925617218, "val_loss": 1.7315890903472901, "val_accuracy": 69.9, "val_samples": 5000, "val_seconds": 2.025130033493042, "best_validation_accuracy": 69.9, "best_epoch": 114, "epochs_without_improvement": 0}




Epoch == 115
{"phase": "train", "iteration": 50, "loss": 2.397488875389099, "accuracy": 59.332381613155945}
{"phase": "train", "iteration": 100, "loss": 2.3474711811542512, "accuracy": 60.67120808408978}
{"phase": "train", "iteration": 150, "loss": 2.330050989786784, "accuracy": 61.07461107462375}
{"phase": "train", "iteration": 200, "loss": 2.2983723229169843, "accuracy": 61.810754937214014}
{"phase": "train", "iteration": 250, "loss": 2.2804067339897154, "accuracy": 62.18938023679877}
{"phase": "train", "iteration": 300, "loss": 2.2945915202299756, "accuracy": 61.670689353675456}
{"phase": "train", "iteration": 350, "loss": 2.3048482819965908, "accuracy": 61.39800468528268}
{"epoch": 115, "learning_rate": 0.00017, "next_learning_rate": 0.00017, "learning_rates": {"all": 0.00017}, "next_learning_rates": {"all": 0.00017}, "train_loss": 2.3058597729153103, "train_accuracy": 61.38280772207902, "train_samples": 45000, "train_seconds": 46.46737718582153, "val_loss": 1.729908374786377, "val_accuracy": 69.84, "val_samples": 5000, "val_seconds": 1.9773316383361816, "best_validation_accuracy": 69.9, "best_epoch": 114, "epochs_without_improvement": 1}




Epoch == 116
{"phase": "train", "iteration": 50, "loss": 2.439032835960388, "accuracy": 57.926001773940335}
{"phase": "train", "iteration": 100, "loss": 2.389194165468216, "accuracy": 59.40496187300371}
{"phase": "train", "iteration": 150, "loss": 2.4169766767819723, "accuracy": 58.45496915272915}
{"phase": "train", "iteration": 200, "loss": 2.4091640961170198, "accuracy": 58.48432733365864}
{"phase": "train", "iteration": 250, "loss": 2.374332893371582, "accuracy": 59.345555283372434}
{"phase": "train", "iteration": 300, "loss": 2.387794075012207, "accuracy": 59.04327881501356}
{"phase": "train", "iteration": 350, "loss": 2.360715833050864, "accuracy": 59.85185039352553}
{"epoch": 116, "learning_rate": 0.00017, "next_learning_rate": 0.00017, "learning_rates": {"all": 0.00017}, "next_learning_rates": {"all": 0.00017}, "train_loss": 2.360756331570943, "train_accuracy": 59.84593897978472, "train_samples": 45000, "train_seconds": 45.045573711395264, "val_loss": 1.728587045097351, "val_accuracy": 69.88, "val_samples": 5000, "val_seconds": 1.9807519912719727, "best_validation_accuracy": 69.9, "best_epoch": 114, "epochs_without_improvement": 2}




Epoch == 117
{"phase": "train", "iteration": 50, "loss": 2.453639738559723, "accuracy": 57.24279408638608}
{"phase": "train", "iteration": 100, "loss": 2.3846081840991973, "accuracy": 58.867398566740874}
{"phase": "train", "iteration": 150, "loss": 2.352341095606486, "accuracy": 59.73696899816644}
{"phase": "train", "iteration": 200, "loss": 2.368168993592262, "accuracy": 59.411570669927954}
{"phase": "train", "iteration": 250, "loss": 2.341706635951996, "accuracy": 60.044679322882565}
{"phase": "train", "iteration": 300, "loss": 2.3624742595354715, "accuracy": 59.64892551228598}
{"phase": "train", "iteration": 350, "loss": 2.3483022444588797, "accuracy": 60.075534935489706}
{"epoch": 117, "learning_rate": 0.00017, "next_learning_rate": 0.00017, "learning_rates": {"all": 0.00017}, "next_learning_rates": {"all": 0.00017}, "train_loss": 2.3525918631659613, "train_accuracy": 59.96241745869884, "train_samples": 45000, "train_seconds": 45.031254529953, "val_loss": 1.727279185295105, "val_accuracy": 69.88, "val_samples": 5000, "val_seconds": 1.9729924201965332, "best_validation_accuracy": 69.9, "best_epoch": 114, "epochs_without_improvement": 3}




Epoch == 118
{"phase": "train", "iteration": 50, "loss": 2.5609520506858825, "accuracy": 55.22425090925586}
{"phase": "train", "iteration": 100, "loss": 2.4003832280635833, "accuracy": 59.01896786319553}
{"phase": "train", "iteration": 150, "loss": 2.320144451459249, "accuracy": 61.31926067062099}
{"phase": "train", "iteration": 200, "loss": 2.349203106164932, "accuracy": 60.55632325477504}
{"phase": "train", "iteration": 250, "loss": 2.345924901008606, "accuracy": 60.49594473184944}
{"phase": "train", "iteration": 300, "loss": 2.3415418402353922, "accuracy": 60.563682154276215}
{"phase": "train", "iteration": 350, "loss": 2.3414790844917297, "accuracy": 60.465394393329426}
{"epoch": 118, "learning_rate": 0.00017, "next_learning_rate": 0.00014450000000000002, "learning_rates": {"all": 0.00017}, "next_learning_rates": {"all": 0.00014450000000000002}, "train_loss": 2.344098103756375, "train_accuracy": 60.40377257396946, "train_samples": 45000, "train_seconds": 45.612245082855225, "val_loss": 1.7256109867095948, "val_accuracy": 69.78, "val_samples": 5000, "val_seconds": 1.980661153793335, "best_validation_accuracy": 69.9, "best_epoch": 114, "epochs_without_improvement": 4}




Epoch == 119
{"phase": "train", "iteration": 50, "loss": 2.408003640174866, "accuracy": 58.4498185466758}
{"phase": "train", "iteration": 100, "loss": 2.386456047296524, "accuracy": 59.146790262631036}
{"phase": "train", "iteration": 150, "loss": 2.342220742702484, "accuracy": 60.16233855152966}
{"phase": "train", "iteration": 200, "loss": 2.357771408557892, "accuracy": 59.830787606965465}
{"phase": "train", "iteration": 250, "loss": 2.354241386413574, "accuracy": 59.98901037535798}
{"phase": "train", "iteration": 300, "loss": 2.3581750845909117, "accuracy": 59.96856870561043}
{"phase": "train", "iteration": 350, "loss": 2.3410637978145052, "accuracy": 60.523094915730596}
{"epoch": 119, "learning_rate": 0.00014450000000000002, "next_learning_rate": 0.00014450000000000002, "learning_rates": {"all": 0.00014450000000000002}, "next_learning_rates": {"all": 0.00014450000000000002}, "train_loss": 2.338052972073025, "train_accuracy": 60.60995570894504, "train_samples": 45000, "train_seconds": 47.116533279418945, "val_loss": 1.7242703239440917, "val_accuracy": 69.88, "val_samples": 5000, "val_seconds": 2.068326711654663, "best_validation_accuracy": 69.9, "best_epoch": 114, "epochs_without_improvement": 5}




Epoch == 120
{"phase": "train", "iteration": 50, "loss": 2.233502779006958, "accuracy": 62.63537280521251}
{"phase": "train", "iteration": 100, "loss": 2.322654935121536, "accuracy": 60.74220727850102}
{"phase": "train", "iteration": 150, "loss": 2.2951486547787985, "accuracy": 61.32703206372924}
{"phase": "train", "iteration": 200, "loss": 2.322016496062279, "accuracy": 60.721081473097684}
{"phase": "train", "iteration": 250, "loss": 2.2829117016792297, "accuracy": 61.86346568146137}
{"phase": "train", "iteration": 300, "loss": 2.273106855948766, "accuracy": 62.20920928888229}
{"phase": "train", "iteration": 350, "loss": 2.2671418997219632, "accuracy": 62.36265508398072}
{"epoch": 120, "learning_rate": 0.00014450000000000002, "next_learning_rate": 0.00014450000000000002, "learning_rates": {"all": 0.00014450000000000002}, "next_learning_rates": {"all": 0.00014450000000000002}, "train_loss": 2.2693318291770086, "train_accuracy": 62.288337330794874, "train_samples": 45000, "train_seconds": 45.71101951599121, "val_loss": 1.7228672927856445, "val_accuracy": 69.98, "val_samples": 5000, "val_seconds": 2.0635628700256348, "best_validation_accuracy": 69.98, "best_epoch": 120, "epochs_without_improvement": 0}




Epoch == 121
{"phase": "train", "iteration": 50, "loss": 2.404970734119415, "accuracy": 57.99987832940517}
{"phase": "train", "iteration": 100, "loss": 2.3787296164035796, "accuracy": 59.45544221095659}
{"phase": "train", "iteration": 150, "loss": 2.3310570963223776, "accuracy": 60.894459201767965}
{"phase": "train", "iteration": 200, "loss": 2.301658780574799, "accuracy": 61.81308166733305}
{"phase": "train", "iteration": 250, "loss": 2.3508393034935, "accuracy": 60.44948140034113}
{"phase": "train", "iteration": 300, "loss": 2.356233139038086, "accuracy": 60.15686768454186}
{"phase": "train", "iteration": 350, "loss": 2.3462544437817163, "accuracy": 60.37206823658944}
{"epoch": 121, "learning_rate": 0.00014450000000000002, "next_learning_rate": 0.00014450000000000002, "learning_rates": {"all": 0.00014450000000000002}, "next_learning_rates": {"all": 0.00014450000000000002}, "train_loss": 2.3470781087239585, "train_accuracy": 60.34577918331571, "train_samples": 45000, "train_seconds": 47.223647117614746, "val_loss": 1.7218462139129638, "val_accuracy": 70.08, "val_samples": 5000, "val_seconds": 2.069906234741211, "best_validation_accuracy": 70.08, "best_epoch": 121, "epochs_without_improvement": 0}




Epoch == 122
{"phase": "train", "iteration": 50, "loss": 2.4513784670829772, "accuracy": 58.08705711927777}
{"phase": "train", "iteration": 100, "loss": 2.3413245487213135, "accuracy": 60.84966632004309}
{"phase": "train", "iteration": 150, "loss": 2.3025243878364563, "accuracy": 61.640398501227246}
{"phase": "train", "iteration": 200, "loss": 2.2438499200344086, "accuracy": 63.272202428408036}
{"phase": "train", "iteration": 250, "loss": 2.274587167263031, "accuracy": 62.346486524712176}
{"phase": "train", "iteration": 300, "loss": 2.2476926585038504, "accuracy": 63.09475401051758}
{"phase": "train", "iteration": 350, "loss": 2.2659749249049597, "accuracy": 62.577159621711345}
{"epoch": 122, "learning_rate": 0.00014450000000000002, "next_learning_rate": 0.00014450000000000002, "learning_rates": {"all": 0.00014450000000000002}, "next_learning_rates": {"all": 0.00014450000000000002}, "train_loss": 2.2620336784998574, "train_accuracy": 62.67681639418139, "train_samples": 45000, "train_seconds": 47.003499269485474, "val_loss": 1.720648399734497, "val_accuracy": 70.12, "val_samples": 5000, "val_seconds": 2.0067250728607178, "best_validation_accuracy": 70.12, "best_epoch": 122, "epochs_without_improvement": 0}




Epoch == 123
{"phase": "train", "iteration": 50, "loss": 2.33601425409317, "accuracy": 60.704926869437514}
{"phase": "train", "iteration": 100, "loss": 2.3968083441257475, "accuracy": 58.77060488044147}
{"phase": "train", "iteration": 150, "loss": 2.3685892152786256, "accuracy": 59.6105367826049}
{"phase": "train", "iteration": 200, "loss": 2.432683780193329, "accuracy": 57.885822164961716}
{"phase": "train", "iteration": 250, "loss": 2.4128879814147948, "accuracy": 58.53455254441245}
{"phase": "train", "iteration": 300, "loss": 2.4303786766529085, "accuracy": 57.92362962764814}
{"phase": "train", "iteration": 350, "loss": 2.385775498322078, "accuracy": 59.1972562384677}
{"epoch": 123, "learning_rate": 0.00014450000000000002, "next_learning_rate": 0.00014450000000000002, "learning_rates": {"all": 0.00014450000000000002}, "next_learning_rates": {"all": 0.00014450000000000002}, "train_loss": 2.3889059087965223, "train_accuracy": 59.090099162130066, "train_samples": 45000, "train_seconds": 46.81246590614319, "val_loss": 1.7195474632263184, "val_accuracy": 70.24, "val_samples": 5000, "val_seconds": 2.029460906982422, "best_validation_accuracy": 70.24, "best_epoch": 123, "epochs_without_improvement": 0}




Epoch == 124
{"phase": "train", "iteration": 50, "loss": 2.543178951740265, "accuracy": 55.18080202452614}
{"phase": "train", "iteration": 100, "loss": 2.391548209190369, "accuracy": 59.3028060796446}
{"phase": "train", "iteration": 150, "loss": 2.3948912405967713, "accuracy": 59.02813288240843}
{"phase": "train", "iteration": 200, "loss": 2.381845551729202, "accuracy": 59.503876832101085}
{"phase": "train", "iteration": 250, "loss": 2.379914565563202, "accuracy": 59.47898634461594}
{"phase": "train", "iteration": 300, "loss": 2.381399371623993, "accuracy": 59.51267544343727}
{"phase": "train", "iteration": 350, "loss": 2.4000227120944433, "accuracy": 59.02064628606007}
{"epoch": 124, "learning_rate": 0.00014450000000000002, "next_learning_rate": 0.00014450000000000002, "learning_rates": {"all": 0.00014450000000000002}, "next_learning_rates": {"all": 0.00014450000000000002}, "train_loss": 2.4023307434505887, "train_accuracy": 58.935893066455364, "train_samples": 45000, "train_seconds": 47.70139408111572, "val_loss": 1.718636982536316, "val_accuracy": 70.26, "val_samples": 5000, "val_seconds": 2.087824821472168, "best_validation_accuracy": 70.26, "best_epoch": 124, "epochs_without_improvement": 0}




Epoch == 125
{"phase": "train", "iteration": 50, "loss": 2.457760851383209, "accuracy": 56.59165610601256}
{"phase": "train", "iteration": 100, "loss": 2.3004362630844115, "accuracy": 61.14372931827987}
{"phase": "train", "iteration": 150, "loss": 2.3217313877741494, "accuracy": 60.61750927668045}
{"phase": "train", "iteration": 200, "loss": 2.3483878350257874, "accuracy": 59.98223621264615}
{"phase": "train", "iteration": 250, "loss": 2.368704122543335, "accuracy": 59.58603341603969}
{"phase": "train", "iteration": 300, "loss": 2.343442569176356, "accuracy": 60.1963041945623}
{"phase": "train", "iteration": 350, "loss": 2.3413926345961436, "accuracy": 60.27804558035902}
{"epoch": 125, "learning_rate": 0.00014450000000000002, "next_learning_rate": 0.00014450000000000002, "learning_rates": {"all": 0.00014450000000000002}, "next_learning_rates": {"all": 0.00014450000000000002}, "train_loss": 2.343021640862359, "train_accuracy": 60.23507371111298, "train_samples": 45000, "train_seconds": 46.90071988105774, "val_loss": 1.718065481185913, "val_accuracy": 70.34, "val_samples": 5000, "val_seconds": 2.0951390266418457, "best_validation_accuracy": 70.34, "best_epoch": 125, "epochs_without_improvement": 0}




Epoch == 126
{"phase": "train", "iteration": 50, "loss": 2.0978379011154176, "accuracy": 66.42841933995639}
{"phase": "train", "iteration": 100, "loss": 2.23301011800766, "accuracy": 63.14272660319635}
{"phase": "train", "iteration": 150, "loss": 2.1955995376904807, "accuracy": 64.32429747667479}
{"phase": "train", "iteration": 200, "loss": 2.253880439400673, "accuracy": 62.67959504905642}
{"phase": "train", "iteration": 250, "loss": 2.282970116138458, "accuracy": 61.80966221658711}
{"phase": "train", "iteration": 300, "loss": 2.264197884400686, "accuracy": 62.43404753056979}
{"phase": "train", "iteration": 350, "loss": 2.289063401903425, "accuracy": 61.84120280589921}
{"epoch": 126, "learning_rate": 0.00014450000000000002, "next_learning_rate": 0.00014450000000000002, "learning_rates": {"all": 0.00014450000000000002}, "next_learning_rates": {"all": 0.00014450000000000002}, "train_loss": 2.290433805592855, "train_accuracy": 61.79224638430743, "train_samples": 45000, "train_seconds": 47.24409246444702, "val_loss": 1.7173043226242066, "val_accuracy": 70.64, "val_samples": 5000, "val_seconds": 2.0839009284973145, "best_validation_accuracy": 70.64, "best_epoch": 126, "epochs_without_improvement": 0}




Epoch == 127
{"phase": "train", "iteration": 50, "loss": 2.2527209734916687, "accuracy": 62.26848067196895}
{"phase": "train", "iteration": 100, "loss": 2.2686978244781493, "accuracy": 61.81634677295817}
{"phase": "train", "iteration": 150, "loss": 2.2675347185134886, "accuracy": 62.409479935588706}
{"phase": "train", "iteration": 200, "loss": 2.2760958862304688, "accuracy": 62.21358577689716}
{"phase": "train", "iteration": 250, "loss": 2.2723657875061036, "accuracy": 62.36654313205842}
{"phase": "train", "iteration": 300, "loss": 2.267357352972031, "accuracy": 62.482007963042136}
{"phase": "train", "iteration": 350, "loss": 2.284324073110308, "accuracy": 62.07732504703783}
{"epoch": 127, "learning_rate": 0.00014450000000000002, "next_learning_rate": 0.00014450000000000002, "learning_rates": {"all": 0.00014450000000000002}, "next_learning_rates": {"all": 0.00014450000000000002}, "train_loss": 2.2829444693671332, "train_accuracy": 62.11478839659008, "train_samples": 45000, "train_seconds": 47.72133779525757, "val_loss": 1.7167926641464233, "val_accuracy": 70.42, "val_samples": 5000, "val_seconds": 2.0812370777130127, "best_validation_accuracy": 70.64, "best_epoch": 126, "epochs_without_improvement": 1}




Epoch == 128
{"phase": "train", "iteration": 50, "loss": 2.194615168571472, "accuracy": 65.26550289908108}
{"phase": "train", "iteration": 100, "loss": 2.2174674487113952, "accuracy": 64.214061708048}
{"phase": "train", "iteration": 150, "loss": 2.263772797584534, "accuracy": 62.77593926677253}
{"phase": "train", "iteration": 200, "loss": 2.224692832827568, "accuracy": 63.914216819487386}
{"phase": "train", "iteration": 250, "loss": 2.1999359040260313, "accuracy": 64.7444532395423}
{"phase": "train", "iteration": 300, "loss": 2.2063584661483766, "accuracy": 64.54059760912143}
{"phase": "train", "iteration": 350, "loss": 2.2090297644478936, "accuracy": 64.41304714816086}
{"epoch": 128, "learning_rate": 0.00014450000000000002, "next_learning_rate": 0.00014450000000000002, "learning_rates": {"all": 0.00014450000000000002}, "next_learning_rates": {"all": 0.00014450000000000002}, "train_loss": 2.206273497835795, "train_accuracy": 64.49231266142738, "train_samples": 45000, "train_seconds": 47.88989615440369, "val_loss": 1.7158102861404418, "val_accuracy": 70.62, "val_samples": 5000, "val_seconds": 2.091798782348633, "best_validation_accuracy": 70.64, "best_epoch": 126, "epochs_without_improvement": 2}




Epoch == 129
{"phase": "train", "iteration": 50, "loss": 2.3650358438491823, "accuracy": 59.5227087956307}
{"phase": "train", "iteration": 100, "loss": 2.271688493490219, "accuracy": 62.7295284166887}
{"phase": "train", "iteration": 150, "loss": 2.278241057395935, "accuracy": 62.33962958266932}
{"phase": "train", "iteration": 200, "loss": 2.281974245905876, "accuracy": 62.044108191815894}
{"phase": "train", "iteration": 250, "loss": 2.270399853229523, "accuracy": 62.51256011948035}
{"phase": "train", "iteration": 300, "loss": 2.2919341679414114, "accuracy": 61.88720022107263}
{"phase": "train", "iteration": 350, "loss": 2.299971533843449, "accuracy": 61.53456647018695}
{"epoch": 129, "learning_rate": 0.00014450000000000002, "next_learning_rate": 0.00014450000000000002, "learning_rates": {"all": 0.00014450000000000002}, "next_learning_rates": {"all": 0.00014450000000000002}, "train_loss": 2.2958812522040475, "train_accuracy": 61.64144336954545, "train_samples": 45000, "train_seconds": 47.39261770248413, "val_loss": 1.7151797731399536, "val_accuracy": 70.6, "val_samples": 5000, "val_seconds": 1.9905056953430176, "best_validation_accuracy": 70.64, "best_epoch": 126, "epochs_without_improvement": 3}




Epoch == 130
{"phase": "train", "iteration": 50, "loss": 2.154944143295288, "accuracy": 65.78482544465376}
{"phase": "train", "iteration": 100, "loss": 2.253925759792328, "accuracy": 62.85342201232604}
{"phase": "train", "iteration": 150, "loss": 2.302588621775309, "accuracy": 61.541226295484826}
{"phase": "train", "iteration": 200, "loss": 2.293310782313347, "accuracy": 61.98993791784071}
{"phase": "train", "iteration": 250, "loss": 2.291182579040527, "accuracy": 61.99506800810769}
{"phase": "train", "iteration": 300, "loss": 2.288891445795695, "accuracy": 61.8502228387106}
{"phase": "train", "iteration": 350, "loss": 2.2917106097085136, "accuracy": 61.69656275249371}
{"epoch": 130, "learning_rate": 0.00014450000000000002, "next_learning_rate": 0.00012282500000000002, "learning_rates": {"all": 0.00014450000000000002}, "next_learning_rates": {"all": 0.00012282500000000002}, "train_loss": 2.291736433749729, "train_accuracy": 61.69484501281214, "train_samples": 45000, "train_seconds": 47.3634889125824, "val_loss": 1.714608000946045, "val_accuracy": 70.5, "val_samples": 5000, "val_seconds": 2.0811736583709717, "best_validation_accuracy": 70.64, "best_epoch": 126, "epochs_without_improvement": 4}




Epoch == 131
{"phase": "train", "iteration": 50, "loss": 2.2556209659576414, "accuracy": 63.09300499647659}
{"phase": "train", "iteration": 100, "loss": 2.3114306783676146, "accuracy": 61.443246445613674}
{"phase": "train", "iteration": 150, "loss": 2.2974622503916424, "accuracy": 61.890486657232174}
{"phase": "train", "iteration": 200, "loss": 2.2107251489162447, "accuracy": 64.28184243464369}
{"phase": "train", "iteration": 250, "loss": 2.224743586063385, "accuracy": 63.91100726977339}
{"phase": "train", "iteration": 300, "loss": 2.237330103715261, "accuracy": 63.63857287541408}
{"phase": "train", "iteration": 350, "loss": 2.2622713310377938, "accuracy": 62.904122525857765}
{"epoch": 131, "learning_rate": 0.00012282500000000002, "next_learning_rate": 0.00012282500000000002, "learning_rates": {"all": 0.00012282500000000002}, "next_learning_rates": {"all": 0.00012282500000000002}, "train_loss": 2.2582574634552004, "train_accuracy": 63.011560209029156, "train_samples": 45000, "train_seconds": 48.34831786155701, "val_loss": 1.714392852973938, "val_accuracy": 70.56, "val_samples": 5000, "val_seconds": 2.083986759185791, "best_validation_accuracy": 70.64, "best_epoch": 126, "epochs_without_improvement": 5}




Epoch == 132
{"phase": "train", "iteration": 50, "loss": 2.213437702655792, "accuracy": 64.37743412399854}
{"phase": "train", "iteration": 100, "loss": 2.196574041843414, "accuracy": 65.20670719541314}
{"phase": "train", "iteration": 150, "loss": 2.267749076684316, "accuracy": 62.950845254227715}
{"phase": "train", "iteration": 200, "loss": 2.2814488512277604, "accuracy": 62.2526587771482}
{"phase": "train", "iteration": 250, "loss": 2.2618810482025147, "accuracy": 62.6104559508536}
{"phase": "train", "iteration": 300, "loss": 2.3050185227394104, "accuracy": 61.38168436593387}
{"phase": "train", "iteration": 350, "loss": 2.3278725446973527, "accuracy": 60.83295616794239}
{"epoch": 132, "learning_rate": 0.00012282500000000002, "next_learning_rate": 0.00012282500000000002, "learning_rates": {"all": 0.00012282500000000002}, "next_learning_rates": {"all": 0.00012282500000000002}, "train_loss": 2.33178138639662, "train_accuracy": 60.72138987001044, "train_samples": 45000, "train_seconds": 48.1972861289978, "val_loss": 1.7140167381286622, "val_accuracy": 70.74, "val_samples": 5000, "val_seconds": 2.0851316452026367, "best_validation_accuracy": 70.74, "best_epoch": 132, "epochs_without_improvement": 0}




Epoch == 133
{"phase": "train", "iteration": 50, "loss": 2.1345598196983335, "accuracy": 65.2483373729738}
{"phase": "train", "iteration": 100, "loss": 2.1812710154056547, "accuracy": 64.69343295126032}
{"phase": "train", "iteration": 150, "loss": 2.1529202238718668, "accuracy": 65.55144044909515}
{"phase": "train", "iteration": 200, "loss": 2.182191321849823, "accuracy": 65.1005642583669}
{"phase": "train", "iteration": 250, "loss": 2.2004253063201906, "accuracy": 64.6476141747545}
{"phase": "train", "iteration": 300, "loss": 2.2048113266626994, "accuracy": 64.55244629015964}
{"phase": "train", "iteration": 350, "loss": 2.202920477730887, "accuracy": 64.69037626450685}
{"epoch": 133, "learning_rate": 0.00012282500000000002, "next_learning_rate": 0.00012282500000000002, "learning_rates": {"all": 0.00012282500000000002}, "next_learning_rates": {"all": 0.00012282500000000002}, "train_loss": 2.2014963253445097, "train_accuracy": 64.71760297622528, "train_samples": 45000, "train_seconds": 47.60706925392151, "val_loss": 1.713811039352417, "val_accuracy": 70.94, "val_samples": 5000, "val_seconds": 2.1611990928649902, "best_validation_accuracy": 70.94, "best_epoch": 133, "epochs_without_improvement": 0}




Epoch == 134
{"phase": "train", "iteration": 50, "loss": 2.2407781147956847, "accuracy": 64.05036606394425}
{"phase": "train", "iteration": 100, "loss": 2.1967592000961305, "accuracy": 64.70468337898669}
{"phase": "train", "iteration": 150, "loss": 2.213723789850871, "accuracy": 63.99270820285712}
{"phase": "train", "iteration": 200, "loss": 2.2286115896701815, "accuracy": 63.79088254256977}
{"phase": "train", "iteration": 250, "loss": 2.230395134449005, "accuracy": 63.756594329234225}
{"phase": "train", "iteration": 300, "loss": 2.253203032811483, "accuracy": 63.1576649667676}
{"phase": "train", "iteration": 350, "loss": 2.25649938923972, "accuracy": 63.07430359282167}
{"epoch": 134, "learning_rate": 0.00012282500000000002, "next_learning_rate": 0.00012282500000000002, "learning_rates": {"all": 0.00012282500000000002}, "next_learning_rates": {"all": 0.00012282500000000002}, "train_loss": 2.2580534346686467, "train_accuracy": 63.01164479560357, "train_samples": 45000, "train_seconds": 48.236960887908936, "val_loss": 1.713529058456421, "val_accuracy": 71.0, "val_samples": 5000, "val_seconds": 2.0762133598327637, "best_validation_accuracy": 71.0, "best_epoch": 134, "epochs_without_improvement": 0}




Epoch == 135
{"phase": "train", "iteration": 50, "loss": 2.273331730365753, "accuracy": 62.72946618168296}
{"phase": "train", "iteration": 100, "loss": 2.2897471272945404, "accuracy": 61.99391347273595}
{"phase": "train", "iteration": 150, "loss": 2.2194576501846313, "accuracy": 63.85216701734769}
{"phase": "train", "iteration": 200, "loss": 2.2034638476371766, "accuracy": 64.39240024406433}
{"phase": "train", "iteration": 250, "loss": 2.217526644706726, "accuracy": 64.15769972477027}
{"phase": "train", "iteration": 300, "loss": 2.208383150498072, "accuracy": 64.33744331912266}
{"phase": "train", "iteration": 350, "loss": 2.229653561796461, "accuracy": 63.74589172825276}
{"epoch": 135, "learning_rate": 0.00012282500000000002, "next_learning_rate": 0.00012282500000000002, "learning_rates": {"all": 0.00012282500000000002}, "next_learning_rates": {"all": 0.00012282500000000002}, "train_loss": 2.228781990347968, "train_accuracy": 63.79025631082412, "train_samples": 45000, "train_seconds": 47.180174589157104, "val_loss": 1.7130504749298097, "val_accuracy": 71.0, "val_samples": 5000, "val_seconds": 2.0798346996307373, "best_validation_accuracy": 71.0, "best_epoch": 134, "epochs_without_improvement": 1}




Epoch == 136
{"phase": "train", "iteration": 50, "loss": 2.1477174162864685, "accuracy": 65.46720518058274}
{"phase": "train", "iteration": 100, "loss": 2.2197439205646514, "accuracy": 63.66879262760923}
{"phase": "train", "iteration": 150, "loss": 2.1598467405637107, "accuracy": 65.31577196128949}
{"phase": "train", "iteration": 200, "loss": 2.185856015086174, "accuracy": 64.6642807300328}
{"phase": "train", "iteration": 250, "loss": 2.1777894043922426, "accuracy": 65.13956172206998}
{"phase": "train", "iteration": 300, "loss": 2.180727222363154, "accuracy": 65.22943494178986}
{"phase": "train", "iteration": 350, "loss": 2.182967065061842, "accuracy": 65.1667959434046}
{"epoch": 136, "learning_rate": 0.00012282500000000002, "next_learning_rate": 0.00012282500000000002, "learning_rates": {"all": 0.00012282500000000002}, "next_learning_rates": {"all": 0.00012282500000000002}, "train_loss": 2.1835895209418403, "train_accuracy": 65.1434481401178, "train_samples": 45000, "train_seconds": 46.971720933914185, "val_loss": 1.7125060035705566, "val_accuracy": 70.98, "val_samples": 5000, "val_seconds": 1.9826264381408691, "best_validation_accuracy": 71.0, "best_epoch": 134, "epochs_without_improvement": 2}




Epoch == 137
{"phase": "train", "iteration": 50, "loss": 2.026381645202637, "accuracy": 70.33262317160771}
{"phase": "train", "iteration": 100, "loss": 2.1515154242515564, "accuracy": 66.21949472124881}
{"phase": "train", "iteration": 150, "loss": 2.182582189242045, "accuracy": 65.20926502340637}
{"phase": "train", "iteration": 200, "loss": 2.197791511416435, "accuracy": 64.97878054012158}
{"phase": "train", "iteration": 250, "loss": 2.1985424399375915, "accuracy": 64.9131493403483}
{"phase": "train", "iteration": 300, "loss": 2.2030744500954946, "accuracy": 64.83155783001156}
{"phase": "train", "iteration": 350, "loss": 2.197099312032972, "accuracy": 64.91595282368121}
{"epoch": 137, "learning_rate": 0.00012282500000000002, "next_learning_rate": 0.00012282500000000002, "learning_rates": {"all": 0.00012282500000000002}, "next_learning_rates": {"all": 0.00012282500000000002}, "train_loss": 2.2009603237575956, "train_accuracy": 64.82449752189557, "train_samples": 45000, "train_seconds": 47.07675123214722, "val_loss": 1.7120726198196412, "val_accuracy": 71.04, "val_samples": 5000, "val_seconds": 2.0751893520355225, "best_validation_accuracy": 71.04, "best_epoch": 137, "epochs_without_improvement": 0}




Epoch == 138
{"phase": "train", "iteration": 50, "loss": 2.3527273440361025, "accuracy": 60.64938972803608}
{"phase": "train", "iteration": 100, "loss": 2.4453307008743286, "accuracy": 57.83229543085136}
{"phase": "train", "iteration": 150, "loss": 2.388293524583181, "accuracy": 60.017230720463246}
{"phase": "train", "iteration": 200, "loss": 2.408425835967064, "accuracy": 59.28665299442397}
{"phase": "train", "iteration": 250, "loss": 2.4084290018081664, "accuracy": 59.274239285039265}
{"phase": "train", "iteration": 300, "loss": 2.3960208268960317, "accuracy": 59.52661596643546}
{"phase": "train", "iteration": 350, "loss": 2.3617459307398114, "accuracy": 60.32908020249811}
{"epoch": 138, "learning_rate": 0.00012282500000000002, "next_learning_rate": 0.00012282500000000002, "learning_rates": {"all": 0.00012282500000000002}, "next_learning_rates": {"all": 0.00012282500000000002}, "train_loss": 2.3636924024793835, "train_accuracy": 60.27299522798701, "train_samples": 45000, "train_seconds": 47.34664177894592, "val_loss": 1.7121626235961913, "val_accuracy": 70.98, "val_samples": 5000, "val_seconds": 2.06141996383667, "best_validation_accuracy": 71.04, "best_epoch": 137, "epochs_without_improvement": 1}




Epoch == 139
{"phase": "train", "iteration": 50, "loss": 2.3249719309806824, "accuracy": 59.98579288004118}
{"phase": "train", "iteration": 100, "loss": 2.347511013746262, "accuracy": 59.737741887525615}
{"phase": "train", "iteration": 150, "loss": 2.3224894817670187, "accuracy": 60.43579433090039}
{"phase": "train", "iteration": 200, "loss": 2.2685610461235046, "accuracy": 62.09391049166706}
{"phase": "train", "iteration": 250, "loss": 2.2378823065757754, "accuracy": 63.1221753566365}
{"phase": "train", "iteration": 300, "loss": 2.201498904625575, "accuracy": 64.2791241098676}
{"phase": "train", "iteration": 350, "loss": 2.2244282974515643, "accuracy": 63.664167523407116}
{"epoch": 139, "learning_rate": 0.00012282500000000002, "next_learning_rate": 0.00012282500000000002, "learning_rates": {"all": 0.00012282500000000002}, "next_learning_rates": {"all": 0.00012282500000000002}, "train_loss": 2.228855013402303, "train_accuracy": 63.56540803236352, "train_samples": 45000, "train_seconds": 47.77484679222107, "val_loss": 1.7118121946334839, "val_accuracy": 70.96, "val_samples": 5000, "val_seconds": 2.0654027462005615, "best_validation_accuracy": 71.04, "best_epoch": 137, "epochs_without_improvement": 2}




Epoch == 140
{"phase": "train", "iteration": 50, "loss": 2.142544896602631, "accuracy": 65.80244922216879}
{"phase": "train", "iteration": 100, "loss": 2.1765139889717102, "accuracy": 65.23277640860002}
{"phase": "train", "iteration": 150, "loss": 2.207753099600474, "accuracy": 64.42614305017314}
{"phase": "train", "iteration": 200, "loss": 2.2137172490358354, "accuracy": 64.40618820416917}
{"phase": "train", "iteration": 250, "loss": 2.1799534306526183, "accuracy": 65.18572509174712}
{"phase": "train", "iteration": 300, "loss": 2.1344274139404296, "accuracy": 66.57349226837104}
{"phase": "train", "iteration": 350, "loss": 2.175523079122816, "accuracy": 65.415364061719}
{"epoch": 140, "learning_rate": 0.00012282500000000002, "next_learning_rate": 0.00012282500000000002, "learning_rates": {"all": 0.00012282500000000002}, "next_learning_rates": {"all": 0.00012282500000000002}, "train_loss": 2.1802760653177895, "train_accuracy": 65.26910827700024, "train_samples": 45000, "train_seconds": 47.59122443199158, "val_loss": 1.7114932050704956, "val_accuracy": 71.12, "val_samples": 5000, "val_seconds": 2.060753345489502, "best_validation_accuracy": 71.12, "best_epoch": 140, "epochs_without_improvement": 0}




Epoch == 141
{"phase": "train", "iteration": 50, "loss": 2.1989097785949707, "accuracy": 64.85113531826346}
{"phase": "train", "iteration": 100, "loss": 2.201408805847168, "accuracy": 64.7923987267268}
{"phase": "train", "iteration": 150, "loss": 2.295064924558004, "accuracy": 61.84013792247903}
{"phase": "train", "iteration": 200, "loss": 2.2449099719524384, "accuracy": 63.37797859184265}
{"phase": "train", "iteration": 250, "loss": 2.2111467909812927, "accuracy": 64.23646377569057}
{"phase": "train", "iteration": 300, "loss": 2.207941794792811, "accuracy": 64.50100214331869}
{"phase": "train", "iteration": 350, "loss": 2.2213767674991063, "accuracy": 64.1197131586269}
{"epoch": 141, "learning_rate": 0.00012282500000000002, "next_learning_rate": 0.00012282500000000002, "learning_rates": {"all": 0.00012282500000000002}, "next_learning_rates": {"all": 0.00012282500000000002}, "train_loss": 2.2217196860843234, "train_accuracy": 64.10378699672036, "train_samples": 45000, "train_seconds": 47.765974283218384, "val_loss": 1.7111857410430908, "val_accuracy": 71.08, "val_samples": 5000, "val_seconds": 2.0815205574035645, "best_validation_accuracy": 71.12, "best_epoch": 140, "epochs_without_improvement": 1}




Epoch == 142
{"phase": "train", "iteration": 50, "loss": 2.279073085784912, "accuracy": 63.44000575022799}
{"phase": "train", "iteration": 100, "loss": 2.348768345117569, "accuracy": 61.205378503652646}
{"phase": "train", "iteration": 150, "loss": 2.2690245739618935, "accuracy": 63.32555994675638}
{"phase": "train", "iteration": 200, "loss": 2.2781995606422423, "accuracy": 62.90511817058491}
{"phase": "train", "iteration": 250, "loss": 2.2777641696929933, "accuracy": 62.7906418369149}
{"phase": "train", "iteration": 300, "loss": 2.2788704458872475, "accuracy": 62.66035852322794}
{"phase": "train", "iteration": 350, "loss": 2.279790608882904, "accuracy": 62.661739803788116}
{"epoch": 142, "learning_rate": 0.00012282500000000002, "next_learning_rate": 0.00012282500000000002, "learning_rates": {"all": 0.00012282500000000002}, "next_learning_rates": {"all": 0.00012282500000000002}, "train_loss": 2.2818244012196858, "train_accuracy": 62.60451488382684, "train_samples": 45000, "train_seconds": 47.524717807769775, "val_loss": 1.7113375720977784, "val_accuracy": 71.16, "val_samples": 5000, "val_seconds": 2.089625597000122, "best_validation_accuracy": 71.16, "best_epoch": 142, "epochs_without_improvement": 0}




Epoch == 143
{"phase": "train", "iteration": 50, "loss": 2.118355176448822, "accuracy": 67.00616429106836}
{"phase": "train", "iteration": 100, "loss": 2.2605876326560974, "accuracy": 63.34661898185156}
{"phase": "train", "iteration": 150, "loss": 2.263191335995992, "accuracy": 63.30539147703895}
{"phase": "train", "iteration": 200, "loss": 2.2237591141462327, "accuracy": 64.22412439173038}
{"phase": "train", "iteration": 250, "loss": 2.2272763385772705, "accuracy": 63.913247208967356}
{"phase": "train", "iteration": 300, "loss": 2.2280270314216613, "accuracy": 63.85467454430851}
{"phase": "train", "iteration": 350, "loss": 2.245056495325906, "accuracy": 63.31903255638156}
{"epoch": 143, "learning_rate": 0.00012282500000000002, "next_learning_rate": 0.00012282500000000002, "learning_rates": {"all": 0.00012282500000000002}, "next_learning_rates": {"all": 0.00012282500000000002}, "train_loss": 2.245964090516832, "train_accuracy": 63.312012228083866, "train_samples": 45000, "train_seconds": 48.065226793289185, "val_loss": 1.7112384906768798, "val_accuracy": 71.04, "val_samples": 5000, "val_seconds": 2.062363624572754, "best_validation_accuracy": 71.16, "best_epoch": 142, "epochs_without_improvement": 1}




Epoch == 144
{"phase": "train", "iteration": 50, "loss": 2.304781894683838, "accuracy": 61.80741706633452}
{"phase": "train", "iteration": 100, "loss": 2.1548388266563414, "accuracy": 66.11553817793467}
{"phase": "train", "iteration": 150, "loss": 2.169358072280884, "accuracy": 65.9199216966327}
{"phase": "train", "iteration": 200, "loss": 2.189307760000229, "accuracy": 65.02886387425771}
{"phase": "train", "iteration": 250, "loss": 2.194441668510437, "accuracy": 64.74291031160165}
{"phase": "train", "iteration": 300, "loss": 2.1907651635011036, "accuracy": 64.9038994669781}
{"phase": "train", "iteration": 350, "loss": 2.1637512642996652, "accuracy": 65.6278772280214}
{"epoch": 144, "learning_rate": 0.00012282500000000002, "next_learning_rate": 0.00012282500000000002, "learning_rates": {"all": 0.00012282500000000002}, "next_learning_rates": {"all": 0.00012282500000000002}, "train_loss": 2.161545738474528, "train_accuracy": 65.70217685360274, "train_samples": 45000, "train_seconds": 47.19038462638855, "val_loss": 1.711492670249939, "val_accuracy": 71.12, "val_samples": 5000, "val_seconds": 1.9832377433776855, "best_validation_accuracy": 71.16, "best_epoch": 142, "epochs_without_improvement": 2}




Epoch == 145
{"phase": "train", "iteration": 50, "loss": 2.1377896881103515, "accuracy": 67.32888045604382}
{"phase": "train", "iteration": 100, "loss": 2.2205045449733736, "accuracy": 64.784290159558}
{"phase": "train", "iteration": 150, "loss": 2.2193055518468223, "accuracy": 64.78197245393999}
{"phase": "train", "iteration": 200, "loss": 2.215074414014816, "accuracy": 64.99722952868467}
{"phase": "train", "iteration": 250, "loss": 2.2221047649383543, "accuracy": 64.85710155933812}
{"phase": "train", "iteration": 300, "loss": 2.1767684948444366, "accuracy": 66.18137581409655}
{"phase": "train", "iteration": 350, "loss": 2.157007455485208, "accuracy": 66.5774507551255}
{"epoch": 145, "learning_rate": 0.00012282500000000002, "next_learning_rate": 0.00012282500000000002, "learning_rates": {"all": 0.00012282500000000002}, "next_learning_rates": {"all": 0.00012282500000000002}, "train_loss": 2.1557092055426703, "train_accuracy": 66.60783841928887, "train_samples": 45000, "train_seconds": 47.622289180755615, "val_loss": 1.7113825914382934, "val_accuracy": 71.08, "val_samples": 5000, "val_seconds": 1.9682612419128418, "best_validation_accuracy": 71.16, "best_epoch": 142, "epochs_without_improvement": 3}




Epoch == 146
{"phase": "train", "iteration": 50, "loss": 2.124165689945221, "accuracy": 67.63306839236395}
{"phase": "train", "iteration": 100, "loss": 2.219572731256485, "accuracy": 64.50975015381417}
{"phase": "train", "iteration": 150, "loss": 2.1763995051383973, "accuracy": 65.6061000086666}
{"phase": "train", "iteration": 200, "loss": 2.164979739785194, "accuracy": 65.9245972030286}
{"phase": "train", "iteration": 250, "loss": 2.201799311161041, "accuracy": 64.85125622867132}
{"phase": "train", "iteration": 300, "loss": 2.2315270094076793, "accuracy": 64.00141813929096}
{"phase": "train", "iteration": 350, "loss": 2.241354054382869, "accuracy": 63.608127020293054}
{"epoch": 146, "learning_rate": 0.00012282500000000002, "next_learning_rate": 0.00010440125000000001, "learning_rates": {"all": 0.00012282500000000002}, "next_learning_rates": {"all": 0.00010440125000000001}, "train_loss": 2.241623750347561, "train_accuracy": 63.62512168009052, "train_samples": 45000, "train_seconds": 46.91738939285278, "val_loss": 1.711129577255249, "val_accuracy": 71.12, "val_samples": 5000, "val_seconds": 1.9955425262451172, "best_validation_accuracy": 71.16, "best_epoch": 142, "epochs_without_improvement": 4}




Epoch == 147
{"phase": "train", "iteration": 50, "loss": 2.1931185483932496, "accuracy": 65.65590167284714}
{"phase": "train", "iteration": 100, "loss": 2.153315794467926, "accuracy": 66.12374658957054}
{"phase": "train", "iteration": 150, "loss": 2.1842631125450134, "accuracy": 65.19696361558218}
{"phase": "train", "iteration": 200, "loss": 2.171408012509346, "accuracy": 65.66962814944942}
{"phase": "train", "iteration": 250, "loss": 2.1840240840911864, "accuracy": 65.2882023509392}
{"phase": "train", "iteration": 300, "loss": 2.1668829035758974, "accuracy": 65.73928233051723}
{"phase": "train", "iteration": 350, "loss": 2.1773516137259348, "accuracy": 65.5382952708005}
{"epoch": 147, "learning_rate": 0.00010440125000000001, "next_learning_rate": 0.00010440125000000001, "learning_rates": {"all": 0.00010440125000000001}, "next_learning_rates": {"all": 0.00010440125000000001}, "train_loss": 2.179490868250529, "train_accuracy": 65.48668409737472, "train_samples": 45000, "train_seconds": 46.05860233306885, "val_loss": 1.7108043376922608, "val_accuracy": 71.18, "val_samples": 5000, "val_seconds": 2.0025603771209717, "best_validation_accuracy": 71.18, "best_epoch": 147, "epochs_without_improvement": 0}




Epoch == 148
{"phase": "train", "iteration": 50, "loss": 2.1173053216934203, "accuracy": 67.20874382999774}
{"phase": "train", "iteration": 100, "loss": 2.2463415944576264, "accuracy": 63.64167283501084}
{"phase": "train", "iteration": 150, "loss": 2.265255819161733, "accuracy": 63.362574240294364}
{"phase": "train", "iteration": 200, "loss": 2.228760692477226, "accuracy": 64.23624631730463}
{"phase": "train", "iteration": 250, "loss": 2.2382776703834533, "accuracy": 63.83860093932033}
{"phase": "train", "iteration": 300, "loss": 2.187826950152715, "accuracy": 65.23076809476639}
{"phase": "train", "iteration": 350, "loss": 2.1820676357405526, "accuracy": 65.40884570057376}
{"epoch": 148, "learning_rate": 0.00010440125000000001, "next_learning_rate": 0.00010440125000000001, "learning_rates": {"all": 0.00010440125000000001}, "next_learning_rates": {"all": 0.00010440125000000001}, "train_loss": 2.1853725494808622, "train_accuracy": 65.31221958079344, "train_samples": 45000, "train_seconds": 45.96126413345337, "val_loss": 1.7105446960449218, "val_accuracy": 71.16, "val_samples": 5000, "val_seconds": 1.9712746143341064, "best_validation_accuracy": 71.18, "best_epoch": 147, "epochs_without_improvement": 1}




Epoch == 149
{"phase": "train", "iteration": 50, "loss": 2.1325911188125612, "accuracy": 67.0372889447588}
{"phase": "train", "iteration": 100, "loss": 2.099857085943222, "accuracy": 67.70355736315408}
{"phase": "train", "iteration": 150, "loss": 2.1110532744725545, "accuracy": 67.46895692069454}
{"phase": "train", "iteration": 200, "loss": 2.0759143072366713, "accuracy": 68.52025012095959}
{"phase": "train", "iteration": 250, "loss": 2.0966694898605347, "accuracy": 68.0399420059449}
{"phase": "train", "iteration": 300, "loss": 2.116855551401774, "accuracy": 67.55162058821121}
{"phase": "train", "iteration": 350, "loss": 2.117782746383122, "accuracy": 67.47512305024765}
{"epoch": 149, "learning_rate": 0.00010440125000000001, "next_learning_rate": 0.00010440125000000001, "learning_rates": {"all": 0.00010440125000000001}, "next_learning_rates": {"all": 0.00010440125000000001}, "train_loss": 2.120938196648492, "train_accuracy": 67.37474750335765, "train_samples": 45000, "train_seconds": 45.60461187362671, "val_loss": 1.7100240573883057, "val_accuracy": 71.22, "val_samples": 5000, "val_seconds": 1.9780347347259521, "best_validation_accuracy": 71.22, "best_epoch": 149, "epochs_without_improvement": 0}




Epoch == 150
{"phase": "train", "iteration": 50, "loss": 2.342520101070404, "accuracy": 60.4020493455602}
{"phase": "train", "iteration": 100, "loss": 2.155892633199692, "accuracy": 65.99476008413825}
{"phase": "train", "iteration": 150, "loss": 2.0895214962959288, "accuracy": 68.02653067547169}
{"phase": "train", "iteration": 200, "loss": 2.130205686688423, "accuracy": 66.88570472289851}
{"phase": "train", "iteration": 250, "loss": 2.123756869316101, "accuracy": 67.14812408295177}
{"phase": "train", "iteration": 300, "loss": 2.0844382250308993, "accuracy": 68.36266642154432}
{"phase": "train", "iteration": 350, "loss": 2.1000228694507053, "accuracy": 67.83057638761106}
{"epoch": 150, "learning_rate": 0.00010440125000000001, "next_learning_rate": 0.00010440125000000001, "learning_rates": {"all": 0.00010440125000000001}, "next_learning_rates": {"all": 0.00010440125000000001}, "train_loss": 2.1020183230929903, "train_accuracy": 67.77688493699945, "train_samples": 45000, "train_seconds": 45.6774320602417, "val_loss": 1.7094063442230225, "val_accuracy": 71.28, "val_samples": 5000, "val_seconds": 2.0200459957122803, "best_validation_accuracy": 71.28, "best_epoch": 150, "epochs_without_improvement": 0}




Epoch == 151
{"phase": "train", "iteration": 50, "loss": 2.147608561515808, "accuracy": 66.34803342848724}
{"phase": "train", "iteration": 100, "loss": 2.0732013821601867, "accuracy": 68.41171180181551}
{"phase": "train", "iteration": 150, "loss": 2.1822374200820924, "accuracy": 65.01499433360853}
{"phase": "train", "iteration": 200, "loss": 2.182378689646721, "accuracy": 65.15890382317468}
{"phase": "train", "iteration": 250, "loss": 2.1964605107307436, "accuracy": 64.70989193865177}
{"phase": "train", "iteration": 300, "loss": 2.1845258418718974, "accuracy": 65.23942671627115}
{"phase": "train", "iteration": 350, "loss": 2.197342108317784, "accuracy": 64.9465205378519}
{"epoch": 151, "learning_rate": 0.00010440125000000001, "next_learning_rate": 0.00010440125000000001, "learning_rates": {"all": 0.00010440125000000001}, "next_learning_rates": {"all": 0.00010440125000000001}, "train_loss": 2.192865516895718, "train_accuracy": 65.07217243459111, "train_samples": 45000, "train_seconds": 46.197786808013916, "val_loss": 1.7093426076889038, "val_accuracy": 71.14, "val_samples": 5000, "val_seconds": 2.020872116088867, "best_validation_accuracy": 71.28, "best_epoch": 150, "epochs_without_improvement": 1}




Epoch == 152
{"phase": "train", "iteration": 50, "loss": 2.3608618712425233, "accuracy": 59.517158168470644}
{"phase": "train", "iteration": 100, "loss": 2.24602135181427, "accuracy": 63.1225845045644}
{"phase": "train", "iteration": 150, "loss": 2.1988523523012797, "accuracy": 64.71396364466037}
{"phase": "train", "iteration": 200, "loss": 2.2086968886852265, "accuracy": 64.60159036306537}
{"phase": "train", "iteration": 250, "loss": 2.189733189582825, "accuracy": 65.33781464986143}
{"phase": "train", "iteration": 300, "loss": 2.1844220892588297, "accuracy": 65.4623637028667}
{"phase": "train", "iteration": 350, "loss": 2.1862499383517675, "accuracy": 65.54179783872219}
{"epoch": 152, "learning_rate": 0.00010440125000000001, "next_learning_rate": 0.00010440125000000001, "learning_rates": {"all": 0.00010440125000000001}, "next_learning_rates": {"all": 0.00010440125000000001}, "train_loss": 2.184405524974399, "train_accuracy": 65.5925317169314, "train_samples": 45000, "train_seconds": 45.15010666847229, "val_loss": 1.7094488639831542, "val_accuracy": 71.32, "val_samples": 5000, "val_seconds": 2.046046018600464, "best_validation_accuracy": 71.32, "best_epoch": 152, "epochs_without_improvement": 0}




Epoch == 153
{"phase": "train", "iteration": 50, "loss": 2.0092783331871034, "accuracy": 71.15349137105127}
{"phase": "train", "iteration": 100, "loss": 2.1448378837108613, "accuracy": 66.95915065971961}
{"phase": "train", "iteration": 150, "loss": 2.1749800769488017, "accuracy": 65.96615052689528}
{"phase": "train", "iteration": 200, "loss": 2.18460582613945, "accuracy": 65.62592405351198}
{"phase": "train", "iteration": 250, "loss": 2.175321680545807, "accuracy": 65.84296915978035}
{"phase": "train", "iteration": 300, "loss": 2.1961561489105224, "accuracy": 64.98153097407129}
{"phase": "train", "iteration": 350, "loss": 2.177079565184457, "accuracy": 65.51423793783997}
{"epoch": 153, "learning_rate": 0.00010440125000000001, "next_learning_rate": 0.00010440125000000001, "learning_rates": {"all": 0.00010440125000000001}, "next_learning_rates": {"all": 0.00010440125000000001}, "train_loss": 2.1767488898807104, "train_accuracy": 65.53890912913036, "train_samples": 45000, "train_seconds": 45.365997076034546, "val_loss": 1.7091009986877441, "val_accuracy": 71.26, "val_samples": 5000, "val_seconds": 1.9815387725830078, "best_validation_accuracy": 71.32, "best_epoch": 152, "epochs_without_improvement": 1}




Epoch == 154
{"phase": "train", "iteration": 50, "loss": 2.1284163761138917, "accuracy": 67.01487543166307}
{"phase": "train", "iteration": 100, "loss": 2.2287673234939573, "accuracy": 63.91614700875951}
{"phase": "train", "iteration": 150, "loss": 2.141204824447632, "accuracy": 66.51608233963357}
{"phase": "train", "iteration": 200, "loss": 2.1602011823654177, "accuracy": 65.927550900002}
{"phase": "train", "iteration": 250, "loss": 2.198348544597626, "accuracy": 64.88304249872559}
{"phase": "train", "iteration": 300, "loss": 2.2034764162699383, "accuracy": 64.84409229820378}
{"phase": "train", "iteration": 350, "loss": 2.2195187037331716, "accuracy": 64.27848317863064}
{"epoch": 154, "learning_rate": 0.00010440125000000001, "next_learning_rate": 0.00010440125000000001, "learning_rates": {"all": 0.00010440125000000001}, "next_learning_rates": {"all": 0.00010440125000000001}, "train_loss": 2.2164665802849663, "train_accuracy": 64.37527139163839, "train_samples": 45000, "train_seconds": 46.39244627952576, "val_loss": 1.7087103656768798, "val_accuracy": 71.36, "val_samples": 5000, "val_seconds": 2.0788636207580566, "best_validation_accuracy": 71.36, "best_epoch": 154, "epochs_without_improvement": 0}




Epoch == 155
{"phase": "train", "iteration": 50, "loss": 2.284976215362549, "accuracy": 62.32791610704823}
{"phase": "train", "iteration": 100, "loss": 2.2645440673828126, "accuracy": 62.461027751411685}
{"phase": "train", "iteration": 150, "loss": 2.2554425462086996, "accuracy": 63.0147535421534}
{"phase": "train", "iteration": 200, "loss": 2.2805031418800352, "accuracy": 62.26637828022591}
{"phase": "train", "iteration": 250, "loss": 2.253165406703949, "accuracy": 63.12841482582598}
{"phase": "train", "iteration": 300, "loss": 2.226174925963084, "accuracy": 63.83064805028885}
{"phase": "train", "iteration": 350, "loss": 2.1878720470837183, "accuracy": 64.93028515015662}
{"epoch": 155, "learning_rate": 0.00010440125000000001, "next_learning_rate": 0.00010440125000000001, "learning_rates": {"all": 0.00010440125000000001}, "next_learning_rates": {"all": 0.00010440125000000001}, "train_loss": 2.185634247250027, "train_accuracy": 65.00321652171148, "train_samples": 45000, "train_seconds": 46.12259364128113, "val_loss": 1.7083368595123292, "val_accuracy": 71.38, "val_samples": 5000, "val_seconds": 1.9879231452941895, "best_validation_accuracy": 71.38, "best_epoch": 155, "epochs_without_improvement": 1}




Epoch == 156
{"phase": "train", "iteration": 50, "loss": 2.233961970806122, "accuracy": 64.08850335462435}
{"phase": "train", "iteration": 100, "loss": 2.264664855003357, "accuracy": 63.47302128059813}
{"phase": "train", "iteration": 150, "loss": 2.2546906359990437, "accuracy": 63.57143252417532}
{"phase": "train", "iteration": 200, "loss": 2.236069719195366, "accuracy": 64.01947257616882}
{"phase": "train", "iteration": 250, "loss": 2.2297191524505617, "accuracy": 64.10774217215165}
{"phase": "train", "iteration": 300, "loss": 2.2354080851872764, "accuracy": 63.79335939357264}
{"phase": "train", "iteration": 350, "loss": 2.242733910764967, "accuracy": 63.66862484526359}
{"epoch": 156, "learning_rate": 0.00010440125000000001, "next_learning_rate": 0.00010440125000000001, "learning_rates": {"all": 0.00010440125000000001}, "next_learning_rates": {"all": 0.00010440125000000001}, "train_loss": 2.2434288480758666, "train_accuracy": 63.64067818028531, "train_samples": 45000, "train_seconds": 46.3095486164093, "val_loss": 1.708197074508667, "val_accuracy": 71.36, "val_samples": 5000, "val_seconds": 2.078110933303833, "best_validation_accuracy": 71.38, "best_epoch": 155, "epochs_without_improvement": 2}




Epoch == 157
{"phase": "train", "iteration": 50, "loss": 2.0477341198921204, "accuracy": 69.85766864082312}
{"phase": "train", "iteration": 100, "loss": 2.1156077682971954, "accuracy": 67.71870447242377}
{"phase": "train", "iteration": 150, "loss": 2.119618631998698, "accuracy": 67.64790293482743}
{"phase": "train", "iteration": 200, "loss": 2.1251283407211305, "accuracy": 67.68362240544825}
{"phase": "train", "iteration": 250, "loss": 2.155944004058838, "accuracy": 66.84327152716058}
{"phase": "train", "iteration": 300, "loss": 2.161661322116852, "accuracy": 66.69294295587858}
{"phase": "train", "iteration": 350, "loss": 2.1342817987714495, "accuracy": 67.27834415515484}
{"epoch": 157, "learning_rate": 0.00010440125000000001, "next_learning_rate": 0.00010440125000000001, "learning_rates": {"all": 0.00010440125000000001}, "next_learning_rates": {"all": 0.00010440125000000001}, "train_loss": 2.134147236633301, "train_accuracy": 67.28469065077556, "train_samples": 45000, "train_seconds": 45.982598543167114, "val_loss": 1.70777100982666, "val_accuracy": 71.4, "val_samples": 5000, "val_seconds": 1.9818720817565918, "best_validation_accuracy": 71.4, "best_epoch": 157, "epochs_without_improvement": 0}




Epoch == 158
{"phase": "train", "iteration": 50, "loss": 2.083547067642212, "accuracy": 68.34343151801997}
{"phase": "train", "iteration": 100, "loss": 2.2518513906002045, "accuracy": 63.62874859666352}
{"phase": "train", "iteration": 150, "loss": 2.2353422117233275, "accuracy": 64.09053155700815}
{"phase": "train", "iteration": 200, "loss": 2.1957022774219515, "accuracy": 65.26585490129749}
{"phase": "train", "iteration": 250, "loss": 2.211495747089386, "accuracy": 64.95015729169221}
{"phase": "train", "iteration": 300, "loss": 2.207393395900726, "accuracy": 64.94422277263062}
{"phase": "train", "iteration": 350, "loss": 2.2268746961866106, "accuracy": 64.42966278257768}
{"epoch": 158, "learning_rate": 0.00010440125000000001, "next_learning_rate": 0.00010440125000000001, "learning_rates": {"all": 0.00010440125000000001}, "next_learning_rates": {"all": 0.00010440125000000001}, "train_loss": 2.2275545420540706, "train_accuracy": 64.4083137575264, "train_samples": 45000, "train_seconds": 45.871665954589844, "val_loss": 1.7074241119384765, "val_accuracy": 71.46, "val_samples": 5000, "val_seconds": 2.0223729610443115, "best_validation_accuracy": 71.46, "best_epoch": 158, "epochs_without_improvement": 0}




Epoch == 159
{"phase": "train", "iteration": 50, "loss": 2.1528701162338257, "accuracy": 66.17370747250921}
{"phase": "train", "iteration": 100, "loss": 2.136846451759338, "accuracy": 66.880606427454}
{"phase": "train", "iteration": 150, "loss": 2.1347598679860433, "accuracy": 66.73240698101543}
{"phase": "train", "iteration": 200, "loss": 2.0821942496299743, "accuracy": 68.21198643684478}
{"phase": "train", "iteration": 250, "loss": 2.0995677804946897, "accuracy": 67.80319784298257}
{"phase": "train", "iteration": 300, "loss": 2.077449490229289, "accuracy": 68.33678438968697}
{"phase": "train", "iteration": 350, "loss": 2.114826115199498, "accuracy": 67.2808669841755}
{"epoch": 159, "learning_rate": 0.00010440125000000001, "next_learning_rate": 0.00010440125000000001, "learning_rates": {"all": 0.00010440125000000001}, "next_learning_rates": {"all": 0.00010440125000000001}, "train_loss": 2.1173946396933663, "train_accuracy": 67.21795201980139, "train_samples": 45000, "train_seconds": 46.13432693481445, "val_loss": 1.7071674865722657, "val_accuracy": 71.68, "val_samples": 5000, "val_seconds": 1.9908316135406494, "best_validation_accuracy": 71.68, "best_epoch": 159, "epochs_without_improvement": 0}




Epoch == 160
{"phase": "train", "iteration": 50, "loss": 1.975950961112976, "accuracy": 71.14994672938336}
{"phase": "train", "iteration": 100, "loss": 2.105244244337082, "accuracy": 67.3955181895638}
{"phase": "train", "iteration": 150, "loss": 2.1875020376841228, "accuracy": 65.14006053172155}
{"phase": "train", "iteration": 200, "loss": 2.1746532583236693, "accuracy": 65.58293957415688}
{"phase": "train", "iteration": 250, "loss": 2.1992097764015197, "accuracy": 64.93571022618542}
{"phase": "train", "iteration": 300, "loss": 2.2083870462576547, "accuracy": 64.57966096947985}
{"phase": "train", "iteration": 350, "loss": 2.1828167472566875, "accuracy": 65.36494423103392}
{"epoch": 160, "learning_rate": 0.00010440125000000001, "next_learning_rate": 0.00010440125000000001, "learning_rates": {"all": 0.00010440125000000001}, "next_learning_rates": {"all": 0.00010440125000000001}, "train_loss": 2.183950096956889, "train_accuracy": 65.32186025292147, "train_samples": 45000, "train_seconds": 45.492544174194336, "val_loss": 1.706797123146057, "val_accuracy": 71.8, "val_samples": 5000, "val_seconds": 1.9801783561706543, "best_validation_accuracy": 71.8, "best_epoch": 160, "epochs_without_improvement": 0}




Epoch == 161
{"phase": "train", "iteration": 50, "loss": 2.315751540660858, "accuracy": 61.09619429733304}
{"phase": "train", "iteration": 100, "loss": 2.108910777568817, "accuracy": 67.09509352975228}
{"phase": "train", "iteration": 150, "loss": 2.1422510504722596, "accuracy": 66.26858273661475}
{"phase": "train", "iteration": 200, "loss": 2.1791203784942628, "accuracy": 65.53319044959895}
{"phase": "train", "iteration": 250, "loss": 2.177319941520691, "accuracy": 65.37338553870573}
{"phase": "train", "iteration": 300, "loss": 2.1593876481056213, "accuracy": 66.00854763942397}
{"phase": "train", "iteration": 350, "loss": 2.1671499139922004, "accuracy": 65.8893029821847}
{"epoch": 161, "learning_rate": 0.00010440125000000001, "next_learning_rate": 0.00010440125000000001, "learning_rates": {"all": 0.00010440125000000001}, "next_learning_rates": {"all": 0.00010440125000000001}, "train_loss": 2.165673561477661, "train_accuracy": 65.91738446435632, "train_samples": 45000, "train_seconds": 45.58207678794861, "val_loss": 1.7061727359771728, "val_accuracy": 72.06, "val_samples": 5000, "val_seconds": 1.9811961650848389, "best_validation_accuracy": 72.06, "best_epoch": 161, "epochs_without_improvement": 0}




Epoch == 162
{"phase": "train", "iteration": 50, "loss": 2.1739827013015747, "accuracy": 65.56567897710079}
{"phase": "train", "iteration": 100, "loss": 2.1638216733932496, "accuracy": 65.60545133555466}
{"phase": "train", "iteration": 150, "loss": 2.211916251977285, "accuracy": 64.34319866236103}
{"phase": "train", "iteration": 200, "loss": 2.1869743347167967, "accuracy": 65.20742847332191}
{"phase": "train", "iteration": 250, "loss": 2.1981882848739622, "accuracy": 64.93641191453587}
{"phase": "train", "iteration": 300, "loss": 2.204007300933202, "accuracy": 64.80478786106549}
{"phase": "train", "iteration": 350, "loss": 2.208895470074245, "accuracy": 64.63349619067408}
{"epoch": 162, "learning_rate": 0.00010440125000000001, "next_learning_rate": 0.00010440125000000001, "learning_rates": {"all": 0.00010440125000000001}, "next_learning_rates": {"all": 0.00010440125000000001}, "train_loss": 2.2046122662438288, "train_accuracy": 64.74844791122544, "train_samples": 45000, "train_seconds": 46.299115896224976, "val_loss": 1.7059767768859864, "val_accuracy": 71.82, "val_samples": 5000, "val_seconds": 2.0088248252868652, "best_validation_accuracy": 72.06, "best_epoch": 161, "epochs_without_improvement": 1}




Epoch == 163
{"phase": "train", "iteration": 50, "loss": 2.029536817073822, "accuracy": 68.66781231714614}
{"phase": "train", "iteration": 100, "loss": 2.0748530197143555, "accuracy": 68.44087467876795}
{"phase": "train", "iteration": 150, "loss": 2.0681212226549786, "accuracy": 68.7287821772702}
{"phase": "train", "iteration": 200, "loss": 2.072031259536743, "accuracy": 68.47999232547764}
{"phase": "train", "iteration": 250, "loss": 2.0614871220588684, "accuracy": 68.90074992949123}
{"phase": "train", "iteration": 300, "loss": 2.0987760265668234, "accuracy": 67.75364190475975}
{"phase": "train", "iteration": 350, "loss": 2.11064135823931, "accuracy": 67.50745405583983}
{"epoch": 163, "learning_rate": 0.00010440125000000001, "next_learning_rate": 0.00010440125000000001, "learning_rates": {"all": 0.00010440125000000001}, "next_learning_rates": {"all": 0.00010440125000000001}, "train_loss": 2.1112734165615508, "train_accuracy": 67.51717835614144, "train_samples": 45000, "train_seconds": 45.757405519485474, "val_loss": 1.7055394781112672, "val_accuracy": 71.88, "val_samples": 5000, "val_seconds": 2.0082101821899414, "best_validation_accuracy": 72.06, "best_epoch": 161, "epochs_without_improvement": 2}




Epoch == 164
{"phase": "train", "iteration": 50, "loss": 2.3428624725341796, "accuracy": 60.35123197905353}
{"phase": "train", "iteration": 100, "loss": 2.1809497094154358, "accuracy": 65.23704371519752}
{"phase": "train", "iteration": 150, "loss": 2.1406718039512636, "accuracy": 66.92199183222077}
{"phase": "train", "iteration": 200, "loss": 2.0929985558986663, "accuracy": 68.21250858260954}
{"phase": "train", "iteration": 250, "loss": 2.09327463388443, "accuracy": 67.9762057920069}
{"phase": "train", "iteration": 300, "loss": 2.118512159585953, "accuracy": 67.27874277309974}
{"phase": "train", "iteration": 350, "loss": 2.1137059991700307, "accuracy": 67.35117881047312}
{"epoch": 164, "learning_rate": 0.00010440125000000001, "next_learning_rate": 0.00010440125000000001, "learning_rates": {"all": 0.00010440125000000001}, "next_learning_rates": {"all": 0.00010440125000000001}, "train_loss": 2.1179214583502874, "train_accuracy": 67.24512265702072, "train_samples": 45000, "train_seconds": 45.71821188926697, "val_loss": 1.7049618173599244, "val_accuracy": 71.98, "val_samples": 5000, "val_seconds": 1.995560884475708, "best_validation_accuracy": 72.06, "best_epoch": 161, "epochs_without_improvement": 3}




Epoch == 165
{"phase": "train", "iteration": 50, "loss": 2.065496652126312, "accuracy": 69.34903488810298}
{"phase": "train", "iteration": 100, "loss": 2.122392482757568, "accuracy": 67.90462791600876}
{"phase": "train", "iteration": 150, "loss": 2.1424891249338787, "accuracy": 67.22887727915516}
{"phase": "train", "iteration": 200, "loss": 2.1708970123529436, "accuracy": 65.94554958708757}
{"phase": "train", "iteration": 250, "loss": 2.1976252889633177, "accuracy": 65.04610071371938}
{"phase": "train", "iteration": 300, "loss": 2.1693673209349313, "accuracy": 65.78713249866128}
{"phase": "train", "iteration": 350, "loss": 2.144472259453365, "accuracy": 66.45720650646251}
{"epoch": 165, "learning_rate": 0.00010440125000000001, "next_learning_rate": 8.87410625e-05, "learning_rates": {"all": 0.00010440125000000001}, "next_learning_rates": {"all": 8.87410625e-05}, "train_loss": 2.1426639421039155, "train_accuracy": 66.51944677076615, "train_samples": 45000, "train_seconds": 46.23503875732422, "val_loss": 1.7043401531219482, "val_accuracy": 72.08, "val_samples": 5000, "val_seconds": 1.9862515926361084, "best_validation_accuracy": 72.08, "best_epoch": 165, "epochs_without_improvement": 4}




Epoch == 166
{"phase": "train", "iteration": 50, "loss": 1.9839353609085082, "accuracy": 71.86790640570003}
{"phase": "train", "iteration": 100, "loss": 2.09350715637207, "accuracy": 68.36666637235153}
{"phase": "train", "iteration": 150, "loss": 2.1313561741511027, "accuracy": 67.37136197096679}
{"phase": "train", "iteration": 200, "loss": 2.1490798449516295, "accuracy": 66.89805262919329}
{"phase": "train", "iteration": 250, "loss": 2.154993339061737, "accuracy": 66.66851182442656}
{"phase": "train", "iteration": 300, "loss": 2.145536567370097, "accuracy": 66.83888902560676}
{"phase": "train", "iteration": 350, "loss": 2.1487088782446726, "accuracy": 66.66231381376745}
{"epoch": 166, "learning_rate": 8.87410625e-05, "next_learning_rate": 8.87410625e-05, "learning_rates": {"all": 8.87410625e-05}, "next_learning_rates": {"all": 8.87410625e-05}, "train_loss": 2.1471435935550267, "train_accuracy": 66.70336325233156, "train_samples": 45000, "train_seconds": 45.63694429397583, "val_loss": 1.7040988096237182, "val_accuracy": 72.24, "val_samples": 5000, "val_seconds": 1.9981276988983154, "best_validation_accuracy": 72.24, "best_epoch": 166, "epochs_without_improvement": 0}




Epoch == 167
{"phase": "train", "iteration": 50, "loss": 1.9943996334075929, "accuracy": 71.1974178808619}
{"phase": "train", "iteration": 100, "loss": 2.073394140005112, "accuracy": 68.72606825221199}
{"phase": "train", "iteration": 150, "loss": 2.157098287741343, "accuracy": 66.24476260503172}
{"phase": "train", "iteration": 200, "loss": 2.1181220799684524, "accuracy": 67.29468897290175}
{"phase": "train", "iteration": 250, "loss": 2.1406526932716368, "accuracy": 66.7375362803525}
{"phase": "train", "iteration": 300, "loss": 2.1519689563910167, "accuracy": 66.41500874957575}
{"phase": "train", "iteration": 350, "loss": 2.139921297345843, "accuracy": 66.83726511383516}
{"epoch": 167, "learning_rate": 8.87410625e-05, "next_learning_rate": 8.87410625e-05, "learning_rates": {"all": 8.87410625e-05}, "next_learning_rates": {"all": 8.87410625e-05}, "train_loss": 2.142482090759277, "train_accuracy": 66.76337466471811, "train_samples": 45000, "train_seconds": 45.49296808242798, "val_loss": 1.7040066064834594, "val_accuracy": 72.28, "val_samples": 5000, "val_seconds": 2.01104736328125, "best_validation_accuracy": 72.28, "best_epoch": 167, "epochs_without_improvement": 0}




Epoch == 168
{"phase": "train", "iteration": 50, "loss": 2.0314093399047852, "accuracy": 70.69459854976333}
{"phase": "train", "iteration": 100, "loss": 2.1255465602874755, "accuracy": 68.21292276036297}
{"phase": "train", "iteration": 150, "loss": 2.0805124982198078, "accuracy": 69.10707930111757}
{"phase": "train", "iteration": 200, "loss": 2.078636397719383, "accuracy": 68.99115190728435}
{"phase": "train", "iteration": 250, "loss": 2.106796212673187, "accuracy": 68.07853433374584}
{"phase": "train", "iteration": 300, "loss": 2.1075171967347464, "accuracy": 67.95285988598009}
{"phase": "train", "iteration": 350, "loss": 2.108946073055267, "accuracy": 67.77362206329086}
{"epoch": 168, "learning_rate": 8.87410625e-05, "next_learning_rate": 8.87410625e-05, "learning_rates": {"all": 8.87410625e-05}, "next_learning_rates": {"all": 8.87410625e-05}, "train_loss": 2.109963308737013, "train_accuracy": 67.7322284446448, "train_samples": 45000, "train_seconds": 45.582968950271606, "val_loss": 1.7041719463348388, "val_accuracy": 72.28, "val_samples": 5000, "val_seconds": 1.9783647060394287, "best_validation_accuracy": 72.28, "best_epoch": 167, "epochs_without_improvement": 1}




Epoch == 169
{"phase": "train", "iteration": 50, "loss": 2.0607756423950194, "accuracy": 68.78000894886888}
{"phase": "train", "iteration": 100, "loss": 2.192447453737259, "accuracy": 65.92478699770523}
{"phase": "train", "iteration": 150, "loss": 2.148611297607422, "accuracy": 67.08941944226788}
{"phase": "train", "iteration": 200, "loss": 2.1615261375904082, "accuracy": 66.51549738266257}
{"phase": "train", "iteration": 250, "loss": 2.176240128993988, "accuracy": 66.13747832089393}
{"phase": "train", "iteration": 300, "loss": 2.1461649632453916, "accuracy": 67.04565890509147}
{"phase": "train", "iteration": 350, "loss": 2.1529125370298114, "accuracy": 66.64060894319118}
{"epoch": 169, "learning_rate": 8.87410625e-05, "next_learning_rate": 8.87410625e-05, "learning_rates": {"all": 8.87410625e-05}, "next_learning_rates": {"all": 8.87410625e-05}, "train_loss": 2.1558463557773164, "train_accuracy": 66.56080545322607, "train_samples": 45000, "train_seconds": 45.863946199417114, "val_loss": 1.7043528623580932, "val_accuracy": 72.16, "val_samples": 5000, "val_seconds": 1.999197244644165, "best_validation_accuracy": 72.28, "best_epoch": 167, "epochs_without_improvement": 2}




Epoch == 170
{"phase": "train", "iteration": 50, "loss": 2.0153212904930116, "accuracy": 71.36705408266722}
{"phase": "train", "iteration": 100, "loss": 2.1513014495372773, "accuracy": 67.2658036111866}
{"phase": "train", "iteration": 150, "loss": 2.159726901849111, "accuracy": 66.96325073353917}
{"phase": "train", "iteration": 200, "loss": 2.1315870982408525, "accuracy": 67.51900756513666}
{"phase": "train", "iteration": 250, "loss": 2.1330219492912295, "accuracy": 67.36003976084672}
{"phase": "train", "iteration": 300, "loss": 2.126065423885981, "accuracy": 67.6353374166292}
{"phase": "train", "iteration": 350, "loss": 2.117607658590589, "accuracy": 67.74875574637478}
{"epoch": 170, "learning_rate": 8.87410625e-05, "next_learning_rate": 8.87410625e-05, "learning_rates": {"all": 8.87410625e-05}, "next_learning_rates": {"all": 8.87410625e-05}, "train_loss": 2.1155813752068413, "train_accuracy": 67.79050705627583, "train_samples": 45000, "train_seconds": 46.56273818016052, "val_loss": 1.704257628440857, "val_accuracy": 72.02, "val_samples": 5000, "val_seconds": 1.9791646003723145, "best_validation_accuracy": 72.28, "best_epoch": 167, "epochs_without_improvement": 3}




Epoch == 171
{"phase": "train", "iteration": 50, "loss": 2.1618324756622314, "accuracy": 66.72869428211096}
{"phase": "train", "iteration": 100, "loss": 2.128258844614029, "accuracy": 67.58290499968433}
{"phase": "train", "iteration": 150, "loss": 2.151349691549937, "accuracy": 66.52919228192447}
{"phase": "train", "iteration": 200, "loss": 2.118116660118103, "accuracy": 67.41176900724615}
{"phase": "train", "iteration": 250, "loss": 2.0867835235595704, "accuracy": 68.22911002420832}
{"phase": "train", "iteration": 300, "loss": 2.0944432882467905, "accuracy": 68.11791839383221}
{"phase": "train", "iteration": 350, "loss": 2.1077340166909355, "accuracy": 67.67581357886155}
{"epoch": 171, "learning_rate": 8.87410625e-05, "next_learning_rate": 7.5429903125e-05, "learning_rates": {"all": 8.87410625e-05}, "next_learning_rates": {"all": 7.5429903125e-05}, "train_loss": 2.108250192557441, "train_accuracy": 67.67932209162879, "train_samples": 45000, "train_seconds": 45.09861087799072, "val_loss": 1.7042573932647704, "val_accuracy": 72.08, "val_samples": 5000, "val_seconds": 1.987809419631958, "best_validation_accuracy": 72.28, "best_epoch": 167, "epochs_without_improvement": 4}




Epoch == 172
{"phase": "train", "iteration": 50, "loss": 2.246697020530701, "accuracy": 63.74419089137843}
{"phase": "train", "iteration": 100, "loss": 2.188700397014618, "accuracy": 65.44680101341288}
{"phase": "train", "iteration": 150, "loss": 2.117167851924896, "accuracy": 67.21584483226744}
{"phase": "train", "iteration": 200, "loss": 2.1206450110673902, "accuracy": 66.95319122580206}
{"phase": "train", "iteration": 250, "loss": 2.112006066322327, "accuracy": 67.42011754770806}
{"phase": "train", "iteration": 300, "loss": 2.1427660421530406, "accuracy": 66.68221858375246}
{"phase": "train", "iteration": 350, "loss": 2.123715636048998, "accuracy": 67.27971869444603}
{"epoch": 172, "learning_rate": 7.5429903125e-05, "next_learning_rate": 7.5429903125e-05, "learning_rates": {"all": 7.5429903125e-05}, "next_learning_rates": {"all": 7.5429903125e-05}, "train_loss": 2.122601171196832, "train_accuracy": 67.3325138906713, "train_samples": 45000, "train_seconds": 45.34172487258911, "val_loss": 1.704251502227783, "val_accuracy": 72.22, "val_samples": 5000, "val_seconds": 1.9830646514892578, "best_validation_accuracy": 72.28, "best_epoch": 167, "epochs_without_improvement": 5}




Epoch == 173
{"phase": "train", "iteration": 50, "loss": 2.116399600505829, "accuracy": 68.27400643008262}
{"phase": "train", "iteration": 100, "loss": 2.0627795445919035, "accuracy": 69.48481095399278}
{"phase": "train", "iteration": 150, "loss": 2.098275945186615, "accuracy": 68.55979425163775}
{"phase": "train", "iteration": 200, "loss": 2.1123442965745927, "accuracy": 67.91864963019603}
{"phase": "train", "iteration": 250, "loss": 2.1027006711959837, "accuracy": 68.07599034533695}
{"phase": "train", "iteration": 300, "loss": 2.0834525259335837, "accuracy": 68.65684530049965}
{"phase": "train", "iteration": 350, "loss": 2.059338582243238, "accuracy": 69.21200395805099}
{"epoch": 173, "learning_rate": 7.5429903125e-05, "next_learning_rate": 7.5429903125e-05, "learning_rates": {"all": 7.5429903125e-05}, "next_learning_rates": {"all": 7.5429903125e-05}, "train_loss": 2.065093783399794, "train_accuracy": 69.02783255157075, "train_samples": 45000, "train_seconds": 44.990012407302856, "val_loss": 1.7046727390289307, "val_accuracy": 72.06, "val_samples": 5000, "val_seconds": 1.9883387088775635, "best_validation_accuracy": 72.28, "best_epoch": 167, "epochs_without_improvement": 6}




Epoch == 174
{"phase": "train", "iteration": 50, "loss": 2.130540051460266, "accuracy": 67.9498111658936}
{"phase": "train", "iteration": 100, "loss": 2.072548756599426, "accuracy": 69.52895645250928}
{"phase": "train", "iteration": 150, "loss": 2.068593022823334, "accuracy": 69.39054315356951}
{"phase": "train", "iteration": 200, "loss": 2.1134391301870346, "accuracy": 68.21951045877523}
{"phase": "train", "iteration": 250, "loss": 2.126447499752045, "accuracy": 67.70493628348784}
{"phase": "train", "iteration": 300, "loss": 2.1208824996153512, "accuracy": 67.78253802548677}
{"phase": "train", "iteration": 350, "loss": 2.112141145978655, "accuracy": 68.05532365931334}
{"epoch": 174, "learning_rate": 7.5429903125e-05, "next_learning_rate": 7.5429903125e-05, "learning_rates": {"all": 7.5429903125e-05}, "next_learning_rates": {"all": 7.5429903125e-05}, "train_loss": 2.1109344505310057, "train_accuracy": 68.09746602630666, "train_samples": 45000, "train_seconds": 45.41634726524353, "val_loss": 1.7049792701721191, "val_accuracy": 71.96, "val_samples": 5000, "val_seconds": 1.976203203201294, "best_validation_accuracy": 72.28, "best_epoch": 167, "epochs_without_improvement": 7}




Epoch == 175
{"phase": "train", "iteration": 50, "loss": 2.0945065808296204, "accuracy": 68.14498034646839}
{"phase": "train", "iteration": 100, "loss": 2.0129728472232817, "accuracy": 70.12765582957687}
{"phase": "train", "iteration": 150, "loss": 2.0983776076634726, "accuracy": 67.94883980951204}
{"phase": "train", "iteration": 200, "loss": 2.1124926751852033, "accuracy": 67.44017755733533}
{"phase": "train", "iteration": 250, "loss": 2.1396660261154175, "accuracy": 66.64069259028213}
{"phase": "train", "iteration": 300, "loss": 2.1791694398721058, "accuracy": 65.49855224381949}
{"phase": "train", "iteration": 350, "loss": 2.1613893726893836, "accuracy": 66.04161423998023}
{"epoch": 175, "learning_rate": 7.5429903125e-05, "next_learning_rate": 6.411541765624999e-05, "learning_rates": {"all": 7.5429903125e-05}, "next_learning_rates": {"all": 6.411541765624999e-05}, "train_loss": 2.164526563474867, "train_accuracy": 65.93777694405254, "train_samples": 45000, "train_seconds": 45.66875338554382, "val_loss": 1.705259399986267, "val_accuracy": 71.96, "val_samples": 5000, "val_seconds": 1.981837272644043, "best_validation_accuracy": 72.28, "best_epoch": 167, "epochs_without_improvement": 8}




Epoch == 176
{"phase": "train", "iteration": 50, "loss": 1.8504594564437866, "accuracy": 74.51340505891065}
{"phase": "train", "iteration": 100, "loss": 2.007311004400253, "accuracy": 70.23069120105079}
{"phase": "train", "iteration": 150, "loss": 2.0066926169395445, "accuracy": 70.36210232800644}
{"phase": "train", "iteration": 200, "loss": 2.003000007271767, "accuracy": 70.43946269972778}
{"phase": "train", "iteration": 250, "loss": 2.0248177785873414, "accuracy": 69.83169984333162}
{"phase": "train", "iteration": 300, "loss": 2.0103105982144673, "accuracy": 70.31540122349338}
{"phase": "train", "iteration": 350, "loss": 2.017212846619742, "accuracy": 70.08690028445672}
{"epoch": 176, "learning_rate": 6.411541765624999e-05, "next_learning_rate": 6.411541765624999e-05, "learning_rates": {"all": 6.411541765624999e-05}, "next_learning_rates": {"all": 6.411541765624999e-05}, "train_loss": 2.020879464636909, "train_accuracy": 69.95153142208135, "train_samples": 45000, "train_seconds": 45.18791222572327, "val_loss": 1.7055366067886353, "val_accuracy": 71.92, "val_samples": 5000, "val_seconds": 1.9760994911193848, "best_validation_accuracy": 72.28, "best_epoch": 167, "epochs_without_improvement": 9}




Epoch == 177
{"phase": "train", "iteration": 50, "loss": 2.0917462134361267, "accuracy": 68.50534056060502}
{"phase": "train", "iteration": 100, "loss": 2.069148241281509, "accuracy": 68.87792669976086}
{"phase": "train", "iteration": 150, "loss": 2.05387819925944, "accuracy": 69.42819878180784}
{"phase": "train", "iteration": 200, "loss": 2.0439766204357146, "accuracy": 69.72411686632859}
{"phase": "train", "iteration": 250, "loss": 2.135564475059509, "accuracy": 67.03401214449164}
{"phase": "train", "iteration": 300, "loss": 2.131314919789632, "accuracy": 67.24295858235567}
{"phase": "train", "iteration": 350, "loss": 2.1459650731086732, "accuracy": 66.81652446649272}
{"epoch": 177, "learning_rate": 6.411541765624999e-05, "next_learning_rate": 6.411541765624999e-05, "learning_rates": {"all": 6.411541765624999e-05}, "next_learning_rates": {"all": 6.411541765624999e-05}, "train_loss": 2.147274366124471, "train_accuracy": 66.78254824664164, "train_samples": 45000, "train_seconds": 45.11229228973389, "val_loss": 1.705861778640747, "val_accuracy": 72.06, "val_samples": 5000, "val_seconds": 2.003566026687622, "best_validation_accuracy": 72.28, "best_epoch": 167, "epochs_without_improvement": 10}




Epoch == 178
{"phase": "train", "iteration": 50, "loss": 2.2841326987743376, "accuracy": 62.87180228677704}
{"phase": "train", "iteration": 100, "loss": 2.2410624331235884, "accuracy": 64.12576402595028}
{"phase": "train", "iteration": 150, "loss": 2.2044682546456653, "accuracy": 65.24270496277363}
{"phase": "train", "iteration": 200, "loss": 2.131974265277386, "accuracy": 67.07982575782793}
{"phase": "train", "iteration": 250, "loss": 2.0992169601917268, "accuracy": 67.95548220273145}
{"phase": "train", "iteration": 300, "loss": 2.11138411462307, "accuracy": 67.68578830341444}
{"phase": "train", "iteration": 350, "loss": 2.109165027652468, "accuracy": 67.81820839975047}
{"epoch": 178, "learning_rate": 6.411541765624999e-05, "next_learning_rate": 6.411541765624999e-05, "learning_rates": {"all": 6.411541765624999e-05}, "next_learning_rates": {"all": 6.411541765624999e-05}, "train_loss": 2.107994315338135, "train_accuracy": 67.82946089271138, "train_samples": 45000, "train_seconds": 46.04762363433838, "val_loss": 1.7060868091583252, "val_accuracy": 72.12, "val_samples": 5000, "val_seconds": 1.9961767196655273, "best_validation_accuracy": 72.28, "best_epoch": 167, "epochs_without_improvement": 11}




Epoch == 179
{"phase": "train", "iteration": 50, "loss": 1.994898681640625, "accuracy": 70.10092881437002}
{"phase": "train", "iteration": 100, "loss": 1.993319299221039, "accuracy": 70.58082093640363}
{"phase": "train", "iteration": 150, "loss": 2.027277120749156, "accuracy": 69.67374316060157}
{"phase": "train", "iteration": 200, "loss": 2.0379110288619997, "accuracy": 69.41152700290853}
{"phase": "train", "iteration": 250, "loss": 2.065310742855072, "accuracy": 68.65714084389418}
{"phase": "train", "iteration": 300, "loss": 2.0496263988812764, "accuracy": 69.08069254759229}
{"phase": "train", "iteration": 350, "loss": 2.0586769839695522, "accuracy": 68.87559671131271}
{"epoch": 179, "learning_rate": 6.411541765624999e-05, "next_learning_rate": 5.449810500781249e-05, "learning_rates": {"all": 6.411541765624999e-05}, "next_learning_rates": {"all": 5.449810500781249e-05}, "train_loss": 2.0607691681332057, "train_accuracy": 68.8237148353976, "train_samples": 45000, "train_seconds": 45.702067375183105, "val_loss": 1.7058776302337646, "val_accuracy": 72.12, "val_samples": 5000, "val_seconds": 1.976933240890503, "best_validation_accuracy": 72.28, "best_epoch": 167, "epochs_without_improvement": 12}




Epoch == 180
{"phase": "train", "iteration": 50, "loss": 1.9192601728439331, "accuracy": 73.48218570734217}
{"phase": "train", "iteration": 100, "loss": 2.058964472413063, "accuracy": 69.31619374354582}
{"phase": "train", "iteration": 150, "loss": 2.051458285252253, "accuracy": 69.54683302459144}
{"phase": "train", "iteration": 200, "loss": 2.0814307245612143, "accuracy": 68.70560587892933}
{"phase": "train", "iteration": 250, "loss": 2.074671404838562, "accuracy": 68.98083613907731}
{"phase": "train", "iteration": 300, "loss": 2.0740291440486907, "accuracy": 69.00414210048544}
{"phase": "train", "iteration": 350, "loss": 2.0739500754220144, "accuracy": 69.04832577941323}
{"epoch": 180, "learning_rate": 5.449810500781249e-05, "next_learning_rate": 5.449810500781249e-05, "learning_rates": {"all": 5.449810500781249e-05}, "next_learning_rates": {"all": 5.449810500781249e-05}, "train_loss": 2.073767428588867, "train_accuracy": 69.05593829457526, "train_samples": 45000, "train_seconds": 45.401469469070435, "val_loss": 1.7060285997390747, "val_accuracy": 72.08, "val_samples": 5000, "val_seconds": 1.9829902648925781, "best_validation_accuracy": 72.28, "best_epoch": 167, "epochs_without_improvement": 13}




Epoch == 181
{"phase": "train", "iteration": 50, "loss": 1.985813046693802, "accuracy": 71.37064231110517}
{"phase": "train", "iteration": 100, "loss": 2.1318280535936354, "accuracy": 66.74924630236777}
{"phase": "train", "iteration": 150, "loss": 2.130108557144801, "accuracy": 67.20046123401124}
{"phase": "train", "iteration": 200, "loss": 2.096346344053745, "accuracy": 67.92182798530908}
{"phase": "train", "iteration": 250, "loss": 2.103391687631607, "accuracy": 67.80788109389663}
{"phase": "train", "iteration": 300, "loss": 2.089095447262128, "accuracy": 68.2068712081219}
{"phase": "train", "iteration": 350, "loss": 2.095783760377339, "accuracy": 68.08577221045415}
{"epoch": 181, "learning_rate": 5.449810500781249e-05, "next_learning_rate": 5.449810500781249e-05, "learning_rates": {"all": 5.449810500781249e-05}, "next_learning_rates": {"all": 5.449810500781249e-05}, "train_loss": 2.09447980372111, "train_accuracy": 68.10337711174091, "train_samples": 45000, "train_seconds": 45.50109553337097, "val_loss": 1.7063297197341918, "val_accuracy": 71.96, "val_samples": 5000, "val_seconds": 1.9901621341705322, "best_validation_accuracy": 72.28, "best_epoch": 167, "epochs_without_improvement": 14}




Epoch == 182
{"phase": "train", "iteration": 50, "loss": 2.279670398235321, "accuracy": 62.34281072625111}
{"phase": "train", "iteration": 100, "loss": 2.2545738053321838, "accuracy": 63.30210756148488}
{"phase": "train", "iteration": 150, "loss": 2.224649922847748, "accuracy": 64.55434749005735}
{"phase": "train", "iteration": 200, "loss": 2.186717872619629, "accuracy": 65.81642061660764}
{"phase": "train", "iteration": 250, "loss": 2.1704004163742066, "accuracy": 66.19124346593243}
{"phase": "train", "iteration": 300, "loss": 2.1708410259087882, "accuracy": 66.14114162053596}
{"phase": "train", "iteration": 350, "loss": 2.1583417654037476, "accuracy": 66.45627806117173}
{"epoch": 182, "learning_rate": 5.449810500781249e-05, "next_learning_rate": 5.449810500781249e-05, "learning_rates": {"all": 5.449810500781249e-05}, "next_learning_rates": {"all": 5.449810500781249e-05}, "train_loss": 2.161196460554335, "train_accuracy": 66.37307304497205, "train_samples": 45000, "train_seconds": 45.6261990070343, "val_loss": 1.7070578470230102, "val_accuracy": 72.02, "val_samples": 5000, "val_seconds": 1.9939689636230469, "best_validation_accuracy": 72.28, "best_epoch": 167, "epochs_without_improvement": 15}




Epoch == 183
{"phase": "train", "iteration": 50, "loss": 2.0236253690719606, "accuracy": 68.0940687149295}
{"phase": "train", "iteration": 100, "loss": 2.008635292649269, "accuracy": 69.1234063152312}
{"phase": "train", "iteration": 150, "loss": 2.074839477141698, "accuracy": 67.65911340412347}
{"phase": "train", "iteration": 200, "loss": 2.0797155407071113, "accuracy": 67.73420728583399}
{"phase": "train", "iteration": 250, "loss": 2.0434046752452852, "accuracy": 68.7486056241265}
{"phase": "train", "iteration": 300, "loss": 2.021168516476949, "accuracy": 69.48200566394114}
{"phase": "train", "iteration": 350, "loss": 2.059864103794098, "accuracy": 68.58410349352935}
{"epoch": 183, "learning_rate": 5.449810500781249e-05, "next_learning_rate": 4.6323389256640616e-05, "learning_rates": {"all": 5.449810500781249e-05}, "next_learning_rates": {"all": 4.6323389256640616e-05}, "train_loss": 2.05720444577535, "train_accuracy": 68.66335291752806, "train_samples": 45000, "train_seconds": 45.75623416900635, "val_loss": 1.7071703422546387, "val_accuracy": 72.08, "val_samples": 5000, "val_seconds": 1.997786283493042, "best_validation_accuracy": 72.28, "best_epoch": 167, "epochs_without_improvement": 16}




Epoch == 184
{"phase": "train", "iteration": 50, "loss": 2.2841775715351105, "accuracy": 61.69396393365739}
{"phase": "train", "iteration": 100, "loss": 2.153101572394371, "accuracy": 66.2072062192933}
{"phase": "train", "iteration": 150, "loss": 2.13702848871549, "accuracy": 66.90285936596803}
{"phase": "train", "iteration": 200, "loss": 2.157235741317272, "accuracy": 66.1840881183362}
{"phase": "train", "iteration": 250, "loss": 2.1509348051548005, "accuracy": 66.19013203571221}
{"phase": "train", "iteration": 300, "loss": 2.14462771375974, "accuracy": 66.56739792670999}
{"phase": "train", "iteration": 350, "loss": 2.1190488192013333, "accuracy": 67.33921224421053}
{"epoch": 184, "learning_rate": 4.6323389256640616e-05, "next_learning_rate": 4.6323389256640616e-05, "learning_rates": {"all": 4.6323389256640616e-05}, "next_learning_rates": {"all": 4.6323389256640616e-05}, "train_loss": 2.119291628138224, "train_accuracy": 67.34442772451403, "train_samples": 45000, "train_seconds": 45.09653162956238, "val_loss": 1.7077079931259156, "val_accuracy": 72.04, "val_samples": 5000, "val_seconds": 1.9912481307983398, "best_validation_accuracy": 72.28, "best_epoch": 167, "epochs_without_improvement": 17}




Epoch == 185
{"phase": "train", "iteration": 50, "loss": 2.0108117699623107, "accuracy": 71.44168138039}
{"phase": "train", "iteration": 100, "loss": 2.027478309869766, "accuracy": 70.81487476437441}
{"phase": "train", "iteration": 150, "loss": 2.0170282403628033, "accuracy": 70.9255821513771}
{"phase": "train", "iteration": 200, "loss": 2.0153012868762015, "accuracy": 70.85092496135432}
{"phase": "train", "iteration": 250, "loss": 1.9983698852062226, "accuracy": 71.49581939130992}
{"phase": "train", "iteration": 300, "loss": 2.0151248810688656, "accuracy": 70.70333119048911}
{"phase": "train", "iteration": 350, "loss": 2.019789227587836, "accuracy": 70.5374518169745}
{"epoch": 185, "learning_rate": 4.6323389256640616e-05, "next_learning_rate": 4.6323389256640616e-05, "learning_rates": {"all": 4.6323389256640616e-05}, "next_learning_rates": {"all": 4.6323389256640616e-05}, "train_loss": 2.0186879227744208, "train_accuracy": 70.58582703112128, "train_samples": 45000, "train_seconds": 45.459465980529785, "val_loss": 1.7083261627197266, "val_accuracy": 72.1, "val_samples": 5000, "val_seconds": 1.9865622520446777, "best_validation_accuracy": 72.28, "best_epoch": 167, "epochs_without_improvement": 18}




Epoch == 186
{"phase": "train", "iteration": 50, "loss": 2.1870064544677734, "accuracy": 64.1015248959061}
{"phase": "train", "iteration": 100, "loss": 2.215481301546097, "accuracy": 63.61036703065988}
{"phase": "train", "iteration": 150, "loss": 2.1808623337745665, "accuracy": 65.05440365933455}
{"phase": "train", "iteration": 200, "loss": 2.1033399641513824, "accuracy": 67.32141030300156}
{"phase": "train", "iteration": 250, "loss": 2.0941494140625, "accuracy": 67.84543174868973}
{"phase": "train", "iteration": 300, "loss": 2.115186047156652, "accuracy": 67.17874085295027}
{"phase": "train", "iteration": 350, "loss": 2.093930926663535, "accuracy": 67.87597516135003}
{"epoch": 186, "learning_rate": 4.6323389256640616e-05, "next_learning_rate": 4.6323389256640616e-05, "learning_rates": {"all": 4.6323389256640616e-05}, "next_learning_rates": {"all": 4.6323389256640616e-05}, "train_loss": 2.092089890797933, "train_accuracy": 67.93260565570026, "train_samples": 45000, "train_seconds": 45.41982412338257, "val_loss": 1.7087257564544678, "val_accuracy": 72.06, "val_samples": 5000, "val_seconds": 1.9817628860473633, "best_validation_accuracy": 72.28, "best_epoch": 167, "epochs_without_improvement": 19}




Epoch == 187
{"phase": "train", "iteration": 50, "loss": 2.0881415462493895, "accuracy": 68.32103535663364}
{"phase": "train", "iteration": 100, "loss": 2.1052226567268373, "accuracy": 68.0040826780202}
{"phase": "train", "iteration": 150, "loss": 2.079475667476654, "accuracy": 69.02621099703079}
{"phase": "train", "iteration": 200, "loss": 2.1025041633844377, "accuracy": 67.98741595125092}
{"phase": "train", "iteration": 250, "loss": 2.101906942367554, "accuracy": 68.02495318904403}
{"phase": "train", "iteration": 300, "loss": 2.0971093396345775, "accuracy": 68.12307615190937}
{"phase": "train", "iteration": 350, "loss": 2.0997236720153265, "accuracy": 67.95434818535941}
{"epoch": 187, "learning_rate": 4.6323389256640616e-05, "next_learning_rate": 3.9374880868144525e-05, "learning_rates": {"all": 4.6323389256640616e-05}, "next_learning_rates": {"all": 3.9374880868144525e-05}, "train_loss": 2.1026988154941133, "train_accuracy": 67.87885663786892, "train_samples": 45000, "train_seconds": 45.493059396743774, "val_loss": 1.709263878631592, "val_accuracy": 72.12, "val_samples": 5000, "val_seconds": 1.981339454650879, "best_validation_accuracy": 72.28, "best_epoch": 167, "epochs_without_improvement": 20}




Epoch == 188
{"phase": "train", "iteration": 50, "loss": 1.97030855178833, "accuracy": 71.81132541341486}
{"phase": "train", "iteration": 100, "loss": 2.084709560275078, "accuracy": 68.19954514197396}
{"phase": "train", "iteration": 150, "loss": 2.0723550804456075, "accuracy": 68.83613098931524}
{"phase": "train", "iteration": 200, "loss": 2.0406342196464538, "accuracy": 69.65485897747762}
{"phase": "train", "iteration": 250, "loss": 2.043245899915695, "accuracy": 69.52937617392384}
{"phase": "train", "iteration": 300, "loss": 2.0787883601586024, "accuracy": 68.66033751895942}
{"phase": "train", "iteration": 350, "loss": 2.07208814229284, "accuracy": 68.96878625739231}
{"epoch": 188, "learning_rate": 3.9374880868144525e-05, "next_learning_rate": 3.9374880868144525e-05, "learning_rates": {"all": 3.9374880868144525e-05}, "next_learning_rates": {"all": 3.9374880868144525e-05}, "train_loss": 2.067832293340895, "train_accuracy": 69.08249081611655, "train_samples": 45000, "train_seconds": 45.45925331115723, "val_loss": 1.7098118061065675, "val_accuracy": 72.2, "val_samples": 5000, "val_seconds": 1.9871857166290283, "best_validation_accuracy": 72.28, "best_epoch": 167, "epochs_without_improvement": 21}




Epoch == 189
{"phase": "train", "iteration": 50, "loss": 2.0291942405700683, "accuracy": 70.03737087968244}
{"phase": "train", "iteration": 100, "loss": 2.052493431568146, "accuracy": 69.60399973016037}
{"phase": "train", "iteration": 150, "loss": 2.0390927716096243, "accuracy": 69.91545773348483}
{"phase": "train", "iteration": 200, "loss": 2.07579205006361, "accuracy": 68.773957489545}
{"phase": "train", "iteration": 250, "loss": 2.030186606168747, "accuracy": 70.15064030940691}
{"phase": "train", "iteration": 300, "loss": 2.034153537948926, "accuracy": 69.93520410421606}
{"phase": "train", "iteration": 350, "loss": 2.033965584380286, "accuracy": 69.82065291569297}
{"epoch": 189, "learning_rate": 3.9374880868144525e-05, "next_learning_rate": 3.9374880868144525e-05, "learning_rates": {"all": 3.9374880868144525e-05}, "next_learning_rates": {"all": 3.9374880868144525e-05}, "train_loss": 2.0350525656170317, "train_accuracy": 69.77201635705441, "train_samples": 45000, "train_seconds": 45.49252724647522, "val_loss": 1.7105152061462403, "val_accuracy": 72.26, "val_samples": 5000, "val_seconds": 1.9850184917449951, "best_validation_accuracy": 72.28, "best_epoch": 167, "epochs_without_improvement": 22}




Epoch == 190
{"phase": "train", "iteration": 50, "loss": 1.8886068916320802, "accuracy": 73.51417159184048}
{"phase": "train", "iteration": 100, "loss": 1.9893490779399872, "accuracy": 70.35569973214096}
{"phase": "train", "iteration": 150, "loss": 2.021704166730245, "accuracy": 69.80247729848514}
{"phase": "train", "iteration": 200, "loss": 1.9978019416332244, "accuracy": 70.55703729677909}
{"phase": "train", "iteration": 250, "loss": 2.008605036735535, "accuracy": 70.4577965798871}
{"phase": "train", "iteration": 300, "loss": 1.9965702644983927, "accuracy": 70.7496131549398}
{"phase": "train", "iteration": 350, "loss": 2.01161657333374, "accuracy": 70.29305345017524}
{"epoch": 190, "learning_rate": 3.9374880868144525e-05, "next_learning_rate": 3.9374880868144525e-05, "learning_rates": {"all": 3.9374880868144525e-05}, "next_learning_rates": {"all": 3.9374880868144525e-05}, "train_loss": 2.0144680598576863, "train_accuracy": 70.22609126817446, "train_samples": 45000, "train_seconds": 45.36123061180115, "val_loss": 1.711191386795044, "val_accuracy": 72.16, "val_samples": 5000, "val_seconds": 1.990807294845581, "best_validation_accuracy": 72.28, "best_epoch": 167, "epochs_without_improvement": 23}




Epoch == 191
{"phase": "train", "iteration": 50, "loss": 2.1385161793231964, "accuracy": 67.1067188479661}
{"phase": "train", "iteration": 100, "loss": 2.0727309530973432, "accuracy": 69.10571952391336}
{"phase": "train", "iteration": 150, "loss": 2.107266971667608, "accuracy": 68.02342948534206}
{"phase": "train", "iteration": 200, "loss": 2.071913573145866, "accuracy": 69.11651844892552}
{"phase": "train", "iteration": 250, "loss": 2.0619766314029695, "accuracy": 69.37098198780522}
{"phase": "train", "iteration": 300, "loss": 2.0333931205670037, "accuracy": 70.14858589662853}
{"phase": "train", "iteration": 350, "loss": 2.058585830586297, "accuracy": 69.61314513647585}
{"epoch": 191, "learning_rate": 3.9374880868144525e-05, "next_learning_rate": 3.346864873792284e-05, "learning_rates": {"all": 3.9374880868144525e-05}, "next_learning_rates": {"all": 3.346864873792284e-05}, "train_loss": 2.0594558131747775, "train_accuracy": 69.6085898950953, "train_samples": 45000, "train_seconds": 45.81589889526367, "val_loss": 1.7118761264801026, "val_accuracy": 72.2, "val_samples": 5000, "val_seconds": 1.983994722366333, "best_validation_accuracy": 72.28, "best_epoch": 167, "epochs_without_improvement": 24}




Epoch == 192
{"phase": "train", "iteration": 50, "loss": 2.101173321008682, "accuracy": 67.27171875746616}
{"phase": "train", "iteration": 100, "loss": 2.0310708791017533, "accuracy": 69.56193864037701}
{"phase": "train", "iteration": 150, "loss": 2.014066573381424, "accuracy": 70.0363617962658}
{"phase": "train", "iteration": 200, "loss": 2.0052068409323693, "accuracy": 70.66102121912766}
{"phase": "train", "iteration": 250, "loss": 1.975581655025482, "accuracy": 71.44614322655875}
{"phase": "train", "iteration": 300, "loss": 1.9778937820593516, "accuracy": 71.5050137275966}
{"phase": "train", "iteration": 350, "loss": 1.9770029394967215, "accuracy": 71.38327411097005}
{"epoch": 192, "learning_rate": 3.346864873792284e-05, "next_learning_rate": 3.346864873792284e-05, "learning_rates": {"all": 3.346864873792284e-05}, "next_learning_rates": {"all": 3.346864873792284e-05}, "train_loss": 1.9798254969278972, "train_accuracy": 71.32207850900657, "train_samples": 45000, "train_seconds": 45.54562544822693, "val_loss": 1.7126835376739502, "val_accuracy": 72.28, "val_samples": 5000, "val_seconds": 1.9873437881469727, "best_validation_accuracy": 72.28, "best_epoch": 167, "epochs_without_improvement": 25}




Epoch == 193
{"phase": "train", "iteration": 50, "loss": 2.048305630683899, "accuracy": 68.99793432962014}
{"phase": "train", "iteration": 100, "loss": 1.9362487471103669, "accuracy": 72.60111648982485}
{"phase": "train", "iteration": 150, "loss": 1.9956565729777018, "accuracy": 71.00486788540451}
{"phase": "train", "iteration": 200, "loss": 2.0144043123722075, "accuracy": 70.17172148775835}
{"phase": "train", "iteration": 250, "loss": 2.0290556225776673, "accuracy": 69.90493477986765}
{"phase": "train", "iteration": 300, "loss": 2.033916274309158, "accuracy": 69.83144834342822}
{"phase": "train", "iteration": 350, "loss": 2.0253942150729043, "accuracy": 69.96007007169158}
{"epoch": 193, "learning_rate": 3.346864873792284e-05, "next_learning_rate": 3.346864873792284e-05, "learning_rates": {"all": 3.346864873792284e-05}, "next_learning_rates": {"all": 3.346864873792284e-05}, "train_loss": 2.0265941056993273, "train_accuracy": 69.90411058167643, "train_samples": 45000, "train_seconds": 45.765501499176025, "val_loss": 1.7135159198760985, "val_accuracy": 72.12, "val_samples": 5000, "val_seconds": 2.0028936862945557, "best_validation_accuracy": 72.28, "best_epoch": 167, "epochs_without_improvement": 26}




Epoch == 194
{"phase": "train", "iteration": 50, "loss": 2.1345581209659574, "accuracy": 65.77685894507344}
{"phase": "train", "iteration": 100, "loss": 2.0424746477603914, "accuracy": 68.97747966702534}
{"phase": "train", "iteration": 150, "loss": 2.1337078468004864, "accuracy": 66.52493359823131}
{"phase": "train", "iteration": 200, "loss": 2.1169799518585206, "accuracy": 67.27970828468423}
{"phase": "train", "iteration": 250, "loss": 2.1077194123268126, "accuracy": 67.68000664517062}
{"phase": "train", "iteration": 300, "loss": 2.110860413511594, "accuracy": 67.67545556393384}
{"phase": "train", "iteration": 350, "loss": 2.1031722128391266, "accuracy": 67.84958332175806}
{"epoch": 194, "learning_rate": 3.346864873792284e-05, "next_learning_rate": 3.346864873792284e-05, "learning_rates": {"all": 3.346864873792284e-05}, "next_learning_rates": {"all": 3.346864873792284e-05}, "train_loss": 2.1051056813981797, "train_accuracy": 67.79564732407083, "train_samples": 45000, "train_seconds": 45.71842551231384, "val_loss": 1.714393392944336, "val_accuracy": 72.02, "val_samples": 5000, "val_seconds": 1.9836690425872803, "best_validation_accuracy": 72.28, "best_epoch": 167, "epochs_without_improvement": 27}




Epoch == 195
{"phase": "train", "iteration": 50, "loss": 1.9485600507259369, "accuracy": 72.84384316063515}
{"phase": "train", "iteration": 100, "loss": 2.033507010936737, "accuracy": 70.49005465904858}
{"phase": "train", "iteration": 150, "loss": 2.032837052345276, "accuracy": 70.23462801641566}
{"phase": "train", "iteration": 200, "loss": 2.0180382335186007, "accuracy": 70.25751548802867}
{"phase": "train", "iteration": 250, "loss": 2.030072667360306, "accuracy": 70.02133312486282}
{"phase": "train", "iteration": 300, "loss": 2.054207409620285, "accuracy": 69.487829089848}
{"phase": "train", "iteration": 350, "loss": 2.092673180784498, "accuracy": 68.58739985607394}
{"epoch": 195, "learning_rate": 3.346864873792284e-05, "next_learning_rate": 2.8448351427234416e-05, "learning_rates": {"all": 3.346864873792284e-05}, "next_learning_rates": {"all": 2.8448351427234416e-05}, "train_loss": 2.094111281882392, "train_accuracy": 68.53356723704213, "train_samples": 45000, "train_seconds": 45.42042136192322, "val_loss": 1.7151801425933837, "val_accuracy": 72.04, "val_samples": 5000, "val_seconds": 1.9855287075042725, "best_validation_accuracy": 72.28, "best_epoch": 167, "epochs_without_improvement": 28}




Epoch == 196
{"phase": "train", "iteration": 50, "loss": 2.1374630165100097, "accuracy": 67.08890085092008}
{"phase": "train", "iteration": 100, "loss": 2.0544998717308043, "accuracy": 69.2190255394008}
{"phase": "train", "iteration": 150, "loss": 2.066188416481018, "accuracy": 68.88894895948009}
{"phase": "train", "iteration": 200, "loss": 2.0802864772081375, "accuracy": 68.59551378960272}
{"phase": "train", "iteration": 250, "loss": 2.061180072307587, "accuracy": 69.05804130443931}
{"phase": "train", "iteration": 300, "loss": 2.043971207936605, "accuracy": 69.59686950199708}
{"phase": "train", "iteration": 350, "loss": 2.0820467352867125, "accuracy": 68.52096315817231}
{"epoch": 196, "learning_rate": 2.8448351427234416e-05, "next_learning_rate": 2.8448351427234416e-05, "learning_rates": {"all": 2.8448351427234416e-05}, "next_learning_rates": {"all": 2.8448351427234416e-05}, "train_loss": 2.0796962477789984, "train_accuracy": 68.6026594282881, "train_samples": 45000, "train_seconds": 45.70413517951965, "val_loss": 1.7159136692047119, "val_accuracy": 72.2, "val_samples": 5000, "val_seconds": 1.9953434467315674, "best_validation_accuracy": 72.28, "best_epoch": 167, "epochs_without_improvement": 29}




Epoch == 197
{"phase": "train", "iteration": 50, "loss": 1.941244388818741, "accuracy": 72.27704910762642}
{"phase": "train", "iteration": 100, "loss": 2.040432425737381, "accuracy": 69.97568799556676}
{"phase": "train", "iteration": 150, "loss": 2.0116378605365752, "accuracy": 70.86552314034525}
{"phase": "train", "iteration": 200, "loss": 2.0097256749868393, "accuracy": 70.95698251039761}
{"phase": "train", "iteration": 250, "loss": 2.0238091082572938, "accuracy": 70.63319876068415}
{"phase": "train", "iteration": 300, "loss": 2.064428202311198, "accuracy": 69.42828755010756}
{"phase": "train", "iteration": 350, "loss": 2.077577809946878, "accuracy": 69.01019753897273}
{"epoch": 197, "learning_rate": 2.8448351427234416e-05, "next_learning_rate": 2.8448351427234416e-05, "learning_rates": {"all": 2.8448351427234416e-05}, "next_learning_rates": {"all": 2.8448351427234416e-05}, "train_loss": 2.080408847639296, "train_accuracy": 68.9091365915773, "train_samples": 45000, "train_seconds": 45.75340414047241, "val_loss": 1.7168479543685913, "val_accuracy": 72.24, "val_samples": 5000, "val_seconds": 1.9807722568511963, "best_validation_accuracy": 72.28, "best_epoch": 167, "epochs_without_improvement": 30}
Early stopping at epoch 197: validation accuracy did not improve for 30 epochs.
{"phase": "validation", "iteration": 50, "loss": 1.6885080075263976, "accuracy": 72.609375}
{
  "best_epoch": 167,
  "last_epoch": 197,
  "best_validation_accuracy": 72.28,
  "epochs_without_improvement": 30,
  "early_stopped": true,
  "early_stopping_patience": 30,
  "test_metrics": {
    "loss": 1.6826851890563965,
    "accuracy": 72.82,
    "samples": 10000,
    "seconds": 15.530245542526245
  },
  "best_checkpoint": "C:\\Users\\jafari.h\\Desktop\\ai_project\\ConvNeXt\\results\\cifar100\\ablation_delay_initialization\\high\\seed_6543\\best_checkpoint.pth",
  "last_checkpoint": "C:\\Users\\jafari.h\\Desktop\\ai_project\\ConvNeXt\\results\\cifar100\\ablation_delay_initialization\\high\\seed_6543\\last_checkpoint.pth"
}

==============================================
Delay initialization: low
Stage delays: 0.025,0.01,0.005,0.005
Seed: 7777
==============================================
Runtime downsample shapes: {0: (1, 96, 32, 32), 1: (1, 192, 16, 16), 2: (1, 384, 8, 8), 3: (1, 768, 4, 4)}
Dataset: CIFAR-100, classes=100, input_resolution=32x32
Architecture: dims=(96, 192, 384, 768), depths=(2, 2, 6, 2), parameters=20,920,036
TTFS normalization mode: score_layernorm
Depthwise convolution mode: dense
Downsampling convolution mode: dense
Non-negative effective pointwise weights: False
Final score normalization enabled: True
Augmentation settings: {'randaugment': True, 'randaugment_num_ops': 2, 'randaugment_magnitude': 9, 'mixup_alpha': 0.2, 'cutmix_alpha': 1.0, 'random_erasing': 0.1}
Actual stage delays: [{'stage': 0, 'mid': 0.02499999664723873, 'out': 0.02499999664723873}, {'stage': 1, 'mid': 0.009999999776482582, 'out': 0.009999999776482582}, {'stage': 2, 'mid': 0.00500000175088644, 'out': 0.00500000175088644}, {'stage': 3, 'mid': 0.00500000175088644, 'out': 0.00500000175088644}]
Delay gradient norms after test backward: [{'stage': 0, 'D_mid': 1.7310536061176127e-06, 'D_out': 8.622431092649607e-07}, {'stage': 1, 'D_mid': 0.00010702830447009457, 'D_out': 0.00031055909257661377}, {'stage': 2, 'D_mid': 0.00023901782779112165, 'D_out': 0.0004516742664318484}, {'stage': 3, 'D_mid': 0.0002519413774868061, 'D_out': 0.0003670929921728535}]
TTFS normalization smoke test: {'logits_shape': [2, 100], 'logits_finite': True, 'delay_gradient_norms': [{'stage': 0, 'D_mid': 1.7310536061176127e-06, 'D_out': 8.622431092649607e-07}, {'stage': 1, 'D_mid': 0.00010702830447009457, 'D_out': 0.00031055909257661377}, {'stage': 2, 'D_mid': 0.00023901782779112165, 'D_out': 0.0004516742664318484}, {'stage': 3, 'D_mid': 0.0002519413774868061, 'D_out': 0.0003670929921728535}], 'layernorm_gradient_norms': [{'stage': 0, 'block': 0, 'parameter': 'weight', 'gradient_norm': 1.7182082956423983e-05}, {'stage': 0, 'block': 0, 'parameter': 'bias', 'gradient_norm': 1.2910950317746028e-05}, {'stage': 0, 'block': 1, 'parameter': 'weight', 'gradient_norm': 0.0}, {'stage': 0, 'block': 1, 'parameter': 'bias', 'gradient_norm': 0.0}, {'stage': 1, 'block': 0, 'parameter': 'weight', 'gradient_norm': 0.0025369462091475725}, {'stage': 1, 'block': 0, 'parameter': 'bias', 'gradient_norm': 0.0030340231023728848}, {'stage': 1, 'block': 1, 'parameter': 'weight', 'gradient_norm': 0.0006086917710490525}, {'stage': 1, 'block': 1, 'parameter': 'bias', 'gradient_norm': 0.00063706049695611}, {'stage': 2, 'block': 0, 'parameter': 'weight', 'gradient_norm': 0.007115823216736317}, {'stage': 2, 'block': 0, 'parameter': 'bias', 'gradient_norm': 0.008198339492082596}, {'stage': 2, 'block': 1, 'parameter': 'weight', 'gradient_norm': 0.00494211632758379}, {'stage': 2, 'block': 1, 'parameter': 'bias', 'gradient_norm': 0.007638421840965748}, {'stage': 2, 'block': 2, 'parameter': 'weight', 'gradient_norm': 0.007084500510245562}, {'stage': 2, 'block': 2, 'parameter': 'bias', 'gradient_norm': 0.008219154551625252}, {'stage': 2, 'block': 3, 'parameter': 'weight', 'gradient_norm': 0.005890298169106245}, {'stage': 2, 'block': 3, 'parameter': 'bias', 'gradient_norm': 0.005953479092568159}, {'stage': 2, 'block': 4, 'parameter': 'weight', 'gradient_norm': 0.006423769984394312}, {'stage': 2, 'block': 4, 'parameter': 'bias', 'gradient_norm': 0.0067084901966154575}, {'stage': 2, 'block': 5, 'parameter': 'weight', 'gradient_norm': 0.010982336476445198}, {'stage': 2, 'block': 5, 'parameter': 'bias', 'gradient_norm': 0.008320821449160576}, {'stage': 3, 'block': 0, 'parameter': 'weight', 'gradient_norm': 0.01885806769132614}, {'stage': 3, 'block': 0, 'parameter': 'bias', 'gradient_norm': 0.021152233704924583}, {'stage': 3, 'block': 1, 'parameter': 'weight', 'gradient_norm': 0.015426420606672764}, {'stage': 3, 'block': 1, 'parameter': 'bias', 'gradient_norm': 0.01822543330490589}], 'final_layernorm_gradient_norms': [{'parameter': 'weight', 'gradient_norm': 0.06767173111438751}, {'parameter': 'bias', 'gradient_norm': 0.0623072125017643}], 'convolution_delay_gradient_norms': []}




Epoch == 0
{"phase": "train", "iteration": 50, "loss": 4.6599517345428465, "accuracy": 1.0298522362949563}
{"phase": "train", "iteration": 100, "loss": 4.649354300498962, "accuracy": 0.9939471816621771}
{"phase": "train", "iteration": 150, "loss": 4.642748562494914, "accuracy": 1.0972950514835942}
{"phase": "train", "iteration": 200, "loss": 4.638433806896209, "accuracy": 1.157555875715962}
{"phase": "train", "iteration": 250, "loss": 4.63031365776062, "accuracy": 1.2795053509197056}
{"phase": "train", "iteration": 300, "loss": 4.618970615069071, "accuracy": 1.4330480830099894}
{"phase": "train", "iteration": 350, "loss": 4.607064119066511, "accuracy": 1.558032348689482}
{"epoch": 0, "learning_rate": 2e-05, "next_learning_rate": 2e-05, "learning_rates": {"all": 2e-05}, "next_learning_rates": {"all": 2e-05}, "train_loss": 4.606792367977566, "train_accuracy": 1.564297864639751, "train_samples": 45000, "train_seconds": 60.042784452438354, "val_loss": 4.7104230361938475, "val_accuracy": 0.94, "val_samples": 5000, "val_seconds": 15.039121389389038, "best_validation_accuracy": 0.94, "best_epoch": 0, "epochs_without_improvement": 0}




Epoch == 1
{"phase": "train", "iteration": 50, "loss": 4.532996053695679, "accuracy": 2.0825052836181204}
{"phase": "train", "iteration": 100, "loss": 4.528920331001282, "accuracy": 2.2943711380314595}
{"phase": "train", "iteration": 150, "loss": 4.522231464385986, "accuracy": 2.427178938269467}
{"phase": "train", "iteration": 200, "loss": 4.514061107635498, "accuracy": 2.5400105795471712}
{"phase": "train", "iteration": 250, "loss": 4.504069404602051, "accuracy": 2.618274371703718}
{"phase": "train", "iteration": 300, "loss": 4.499688804944356, "accuracy": 2.7110413116877403}
{"phase": "train", "iteration": 350, "loss": 4.491428207669939, "accuracy": 2.9044660126876125}
{"epoch": 1, "learning_rate": 4e-05, "next_learning_rate": 4e-05, "learning_rates": {"all": 4e-05}, "next_learning_rates": {"all": 4e-05}, "train_loss": 4.4913711683485245, "train_accuracy": 2.90989695961983, "train_samples": 45000, "train_seconds": 45.439703702926636, "val_loss": 4.682343437194824, "val_accuracy": 1.44, "val_samples": 5000, "val_seconds": 1.9724488258361816, "best_validation_accuracy": 1.44, "best_epoch": 1, "epochs_without_improvement": 0}




Epoch == 2
{"phase": "train", "iteration": 50, "loss": 4.426035575866699, "accuracy": 3.6023811169079356}
{"phase": "train", "iteration": 100, "loss": 4.420549883842468, "accuracy": 3.9960232582725608}
{"phase": "train", "iteration": 150, "loss": 4.417998924255371, "accuracy": 4.16663764630565}
{"phase": "train", "iteration": 200, "loss": 4.412069044113159, "accuracy": 4.366149172856128}
{"phase": "train", "iteration": 250, "loss": 4.404432151794434, "accuracy": 4.392485862308891}
{"phase": "train", "iteration": 300, "loss": 4.402504407564799, "accuracy": 4.44205516702171}
{"phase": "train", "iteration": 350, "loss": 4.401665453229632, "accuracy": 4.509097550097004}
{"epoch": 2, "learning_rate": 6e-05, "next_learning_rate": 6e-05, "learning_rates": {"all": 6e-05}, "next_learning_rates": {"all": 6e-05}, "train_loss": 4.401678093973795, "train_accuracy": 4.505265322267439, "train_samples": 45000, "train_seconds": 45.49865937232971, "val_loss": 4.656351307678222, "val_accuracy": 1.28, "val_samples": 5000, "val_seconds": 1.9637346267700195, "best_validation_accuracy": 1.44, "best_epoch": 1, "epochs_without_improvement": 1}




Epoch == 3
{"phase": "train", "iteration": 50, "loss": 4.355088205337524, "accuracy": 5.229734721318858}
{"phase": "train", "iteration": 100, "loss": 4.341639952659607, "accuracy": 5.6906317111923475}
{"phase": "train", "iteration": 150, "loss": 4.340954106648763, "accuracy": 5.622959162737671}
{"phase": "train", "iteration": 200, "loss": 4.334949975013733, "accuracy": 5.762339541559589}
{"phase": "train", "iteration": 250, "loss": 4.3341159362792965, "accuracy": 5.8025120011340015}
{"phase": "train", "iteration": 300, "loss": 4.326152664820353, "accuracy": 5.9242900468753525}
{"phase": "train", "iteration": 350, "loss": 4.323091949735369, "accuracy": 6.008943776134195}
{"epoch": 3, "learning_rate": 8e-05, "next_learning_rate": 8e-05, "learning_rates": {"all": 8e-05}, "next_learning_rates": {"all": 8e-05}, "train_loss": 4.322120535363092, "train_accuracy": 6.026441884121066, "train_samples": 45000, "train_seconds": 45.46707534790039, "val_loss": 4.631597660064697, "val_accuracy": 1.32, "val_samples": 5000, "val_seconds": 1.9497900009155273, "best_validation_accuracy": 1.44, "best_epoch": 1, "epochs_without_improvement": 2}




Epoch == 4
{"phase": "train", "iteration": 50, "loss": 4.299648218154907, "accuracy": 6.003847083796819}
{"phase": "train", "iteration": 100, "loss": 4.282905707359314, "accuracy": 6.50177364959882}
{"phase": "train", "iteration": 150, "loss": 4.284256003697713, "accuracy": 6.4380813126402785}
{"phase": "train", "iteration": 200, "loss": 4.27819007396698, "accuracy": 6.743335424697542}
{"phase": "train", "iteration": 250, "loss": 4.280290319442749, "accuracy": 6.660469432497623}
{"phase": "train", "iteration": 300, "loss": 4.279719401995341, "accuracy": 6.719944096563065}
{"phase": "train", "iteration": 350, "loss": 4.278987399509975, "accuracy": 6.77448645073672}
{"epoch": 4, "learning_rate": 0.0001, "next_learning_rate": 0.0001, "learning_rates": {"all": 0.0001}, "next_learning_rates": {"all": 0.0001}, "train_loss": 4.278694897969563, "train_accuracy": 6.774840931786261, "train_samples": 45000, "train_seconds": 45.320558309555054, "val_loss": 4.606160294342041, "val_accuracy": 1.46, "val_samples": 5000, "val_seconds": 1.9639503955841064, "best_validation_accuracy": 1.46, "best_epoch": 4, "epochs_without_improvement": 3}




Epoch == 5
{"phase": "train", "iteration": 50, "loss": 4.231738557815552, "accuracy": 7.334400296802892}
{"phase": "train", "iteration": 100, "loss": 4.2427955651283265, "accuracy": 7.31339661530252}
{"phase": "train", "iteration": 150, "loss": 4.250213567415873, "accuracy": 7.443813464604618}
{"phase": "train", "iteration": 200, "loss": 4.245465226173401, "accuracy": 7.607258221754018}
{"phase": "train", "iteration": 250, "loss": 4.246797021865845, "accuracy": 7.66177538045718}
{"phase": "train", "iteration": 300, "loss": 4.234051726659139, "accuracy": 7.879237654153203}
{"phase": "train", "iteration": 350, "loss": 4.226786749703543, "accuracy": 8.058909156709563}
{"epoch": 5, "learning_rate": 0.00012, "next_learning_rate": 0.00012, "learning_rates": {"all": 0.00012}, "next_learning_rates": {"all": 0.00012}, "train_loss": 4.22756211174859, "train_accuracy": 8.043839995088858, "train_samples": 45000, "train_seconds": 45.52813744544983, "val_loss": 4.576856913757324, "val_accuracy": 1.58, "val_samples": 5000, "val_seconds": 1.9672949314117432, "best_validation_accuracy": 1.58, "best_epoch": 5, "epochs_without_improvement": 0}




Epoch == 6
{"phase": "train", "iteration": 50, "loss": 4.1898579502105715, "accuracy": 8.678810502045126}
{"phase": "train", "iteration": 100, "loss": 4.197795927524567, "accuracy": 8.644058108847815}
{"phase": "train", "iteration": 150, "loss": 4.212551644643148, "accuracy": 8.317872347856765}
{"phase": "train", "iteration": 200, "loss": 4.210302612781525, "accuracy": 8.38409125808725}
{"phase": "train", "iteration": 250, "loss": 4.199278401374817, "accuracy": 8.592615032301797}
{"phase": "train", "iteration": 300, "loss": 4.185677750110626, "accuracy": 8.764915955512363}
{"phase": "train", "iteration": 350, "loss": 4.185792401177543, "accuracy": 8.831200252788973}
{"epoch": 6, "learning_rate": 0.00014, "next_learning_rate": 0.00014, "learning_rates": {"all": 0.00014}, "next_learning_rates": {"all": 0.00014}, "train_loss": 4.186134476386176, "train_accuracy": 8.8207178349988, "train_samples": 45000, "train_seconds": 45.58902907371521, "val_loss": 4.542338698577881, "val_accuracy": 2.58, "val_samples": 5000, "val_seconds": 2.006734609603882, "best_validation_accuracy": 2.58, "best_epoch": 6, "epochs_without_improvement": 0}




Epoch == 7
{"phase": "train", "iteration": 50, "loss": 4.096674375534057, "accuracy": 10.413780761364391}
{"phase": "train", "iteration": 100, "loss": 4.093767552375794, "accuracy": 10.486662387571663}
{"phase": "train", "iteration": 150, "loss": 4.1081891504923504, "accuracy": 10.080324222432177}
{"phase": "train", "iteration": 200, "loss": 4.097768272161484, "accuracy": 10.311855255930796}
{"phase": "train", "iteration": 250, "loss": 4.099448879241943, "accuracy": 10.393831481888368}
{"phase": "train", "iteration": 300, "loss": 4.097213212649027, "accuracy": 10.462528859985424}
{"phase": "train", "iteration": 350, "loss": 4.094306285721915, "accuracy": 10.584503116181425}
{"epoch": 7, "learning_rate": 0.00016, "next_learning_rate": 0.00016, "learning_rates": {"all": 0.00016}, "next_learning_rates": {"all": 0.00016}, "train_loss": 4.093187699423896, "train_accuracy": 10.599028400758339, "train_samples": 45000, "train_seconds": 45.49667835235596, "val_loss": 4.500308137512207, "val_accuracy": 2.6, "val_samples": 5000, "val_seconds": 1.9647290706634521, "best_validation_accuracy": 2.6, "best_epoch": 7, "epochs_without_improvement": 1}




Epoch == 8
{"phase": "train", "iteration": 50, "loss": 4.126039724349976, "accuracy": 10.199797312095505}
{"phase": "train", "iteration": 100, "loss": 4.125034883022308, "accuracy": 9.914698051506665}
{"phase": "train", "iteration": 150, "loss": 4.1142993100484215, "accuracy": 10.196732173016962}
{"phase": "train", "iteration": 200, "loss": 4.105503727197647, "accuracy": 10.45473851023614}
{"phase": "train", "iteration": 250, "loss": 4.09020908164978, "accuracy": 10.850176175775308}
{"phase": "train", "iteration": 300, "loss": 4.0756135066350305, "accuracy": 11.116519526623124}
{"phase": "train", "iteration": 350, "loss": 4.070979426247733, "accuracy": 11.272187568209123}
{"epoch": 8, "learning_rate": 0.00018, "next_learning_rate": 0.00018, "learning_rates": {"all": 0.00018}, "next_learning_rates": {"all": 0.00018}, "train_loss": 4.071291439904107, "train_accuracy": 11.259783016749106, "train_samples": 45000, "train_seconds": 45.438278675079346, "val_loss": 4.447113194274903, "val_accuracy": 3.52, "val_samples": 5000, "val_seconds": 1.9501399993896484, "best_validation_accuracy": 3.52, "best_epoch": 8, "epochs_without_improvement": 0}




Epoch == 9
{"phase": "train", "iteration": 50, "loss": 4.0507984495162965, "accuracy": 11.67697973828546}
{"phase": "train", "iteration": 100, "loss": 4.048696494102478, "accuracy": 11.614001391883116}
{"phase": "train", "iteration": 150, "loss": 4.043327735265096, "accuracy": 11.643256673898899}
{"phase": "train", "iteration": 200, "loss": 4.031198141574859, "accuracy": 12.01634617015379}
{"phase": "train", "iteration": 250, "loss": 4.031520402908325, "accuracy": 12.040572189234519}
{"phase": "train", "iteration": 300, "loss": 4.021460787455241, "accuracy": 12.213920543390458}
{"phase": "train", "iteration": 350, "loss": 4.021976314272199, "accuracy": 12.351444983699496}
{"epoch": 9, "learning_rate": 0.0002, "next_learning_rate": 0.0002, "learning_rates": {"all": 0.0002}, "next_learning_rates": {"all": 0.0002}, "train_loss": 4.022195266638862, "train_accuracy": 12.358525293645128, "train_samples": 45000, "train_seconds": 45.43893599510193, "val_loss": 4.381598059844971, "val_accuracy": 4.8, "val_samples": 5000, "val_seconds": 1.9572043418884277, "best_validation_accuracy": 4.8, "best_epoch": 9, "epochs_without_improvement": 0}




Epoch == 10
{"phase": "train", "iteration": 50, "loss": 3.833066143989563, "accuracy": 16.13347128481992}
{"phase": "train", "iteration": 100, "loss": 3.913852686882019, "accuracy": 14.534881127586107}
{"phase": "train", "iteration": 150, "loss": 3.9247854216893514, "accuracy": 14.418166377106733}
{"phase": "train", "iteration": 200, "loss": 3.9187045669555665, "accuracy": 14.411424951010272}
{"phase": "train", "iteration": 250, "loss": 3.9208674421310423, "accuracy": 14.513340529687445}
{"phase": "train", "iteration": 300, "loss": 3.922276743253072, "accuracy": 14.466835971719243}
{"phase": "train", "iteration": 350, "loss": 3.9214107186453684, "accuracy": 14.503672183895896}
{"epoch": 10, "learning_rate": 0.0002, "next_learning_rate": 0.0002, "learning_rates": {"all": 0.0002}, "next_learning_rates": {"all": 0.0002}, "train_loss": 3.9221574854956733, "train_accuracy": 14.487099980601673, "train_samples": 45000, "train_seconds": 45.41759753227234, "val_loss": 4.3037833297729495, "val_accuracy": 7.18, "val_samples": 5000, "val_seconds": 1.9617323875427246, "best_validation_accuracy": 7.18, "best_epoch": 10, "epochs_without_improvement": 0}




Epoch == 11
{"phase": "train", "iteration": 50, "loss": 3.8603945112228395, "accuracy": 16.52255225671595}
{"phase": "train", "iteration": 100, "loss": 3.8411992263793944, "accuracy": 16.69306075736898}
{"phase": "train", "iteration": 150, "loss": 3.864363735516866, "accuracy": 16.1664254374631}
{"phase": "train", "iteration": 200, "loss": 3.867376594543457, "accuracy": 16.15903165828386}
{"phase": "train", "iteration": 250, "loss": 3.8558744764328003, "accuracy": 16.325028809441022}
{"phase": "train", "iteration": 300, "loss": 3.8558431235949198, "accuracy": 16.370219865732086}
{"phase": "train", "iteration": 350, "loss": 3.8491907494408744, "accuracy": 16.448843508471573}
{"epoch": 11, "learning_rate": 0.0002, "next_learning_rate": 0.0002, "learning_rates": {"all": 0.0002}, "next_learning_rates": {"all": 0.0002}, "train_loss": 3.8491344852023652, "train_accuracy": 16.448025741360883, "train_samples": 45000, "train_seconds": 45.45068168640137, "val_loss": 4.223310179901123, "val_accuracy": 9.38, "val_samples": 5000, "val_seconds": 1.9610943794250488, "best_validation_accuracy": 9.38, "best_epoch": 11, "epochs_without_improvement": 0}




Epoch == 12
{"phase": "train", "iteration": 50, "loss": 3.8050307559967043, "accuracy": 17.797023838842858}
{"phase": "train", "iteration": 100, "loss": 3.791993267536163, "accuracy": 17.638932967732433}
{"phase": "train", "iteration": 150, "loss": 3.8180184904734293, "accuracy": 17.119688722646348}
{"phase": "train", "iteration": 200, "loss": 3.8183606731891633, "accuracy": 17.13112401484974}
{"phase": "train", "iteration": 250, "loss": 3.8076227598190306, "accuracy": 17.514688657235123}
{"phase": "train", "iteration": 300, "loss": 3.805116078853607, "accuracy": 17.538766952607293}
{"phase": "train", "iteration": 350, "loss": 3.804233727455139, "accuracy": 17.497317998628905}
{"epoch": 12, "learning_rate": 0.0002, "next_learning_rate": 0.0002, "learning_rates": {"all": 0.0002}, "next_learning_rates": {"all": 0.0002}, "train_loss": 3.8028055685255264, "train_accuracy": 17.516375873324137, "train_samples": 45000, "train_seconds": 46.10487914085388, "val_loss": 4.1475349620819095, "val_accuracy": 10.74, "val_samples": 5000, "val_seconds": 1.963083267211914, "best_validation_accuracy": 10.74, "best_epoch": 12, "epochs_without_improvement": 0}




Epoch == 13
{"phase": "train", "iteration": 50, "loss": 3.652666521072388, "accuracy": 20.604985541827528}
{"phase": "train", "iteration": 100, "loss": 3.7043379020690916, "accuracy": 19.722297705310485}
{"phase": "train", "iteration": 150, "loss": 3.723344384829203, "accuracy": 19.330110297362673}
{"phase": "train", "iteration": 200, "loss": 3.717871550321579, "accuracy": 19.50261213423203}
{"phase": "train", "iteration": 250, "loss": 3.731059964179993, "accuracy": 19.213043662247955}
{"phase": "train", "iteration": 300, "loss": 3.7414840229352317, "accuracy": 18.975619413044146}
{"phase": "train", "iteration": 350, "loss": 3.731945026261466, "accuracy": 19.164304501779}
{"epoch": 13, "learning_rate": 0.0002, "next_learning_rate": 0.0002, "learning_rates": {"all": 0.0002}, "next_learning_rates": {"all": 0.0002}, "train_loss": 3.732624640909831, "train_accuracy": 19.135527384548872, "train_samples": 45000, "train_seconds": 45.85042214393616, "val_loss": 4.075960688018799, "val_accuracy": 12.64, "val_samples": 5000, "val_seconds": 1.9611701965332031, "best_validation_accuracy": 12.64, "best_epoch": 13, "epochs_without_improvement": 0}




Epoch == 14
{"phase": "train", "iteration": 50, "loss": 3.6385413217544555, "accuracy": 21.161643887529344}
{"phase": "train", "iteration": 100, "loss": 3.662794089317322, "accuracy": 20.818472665692937}
{"phase": "train", "iteration": 150, "loss": 3.6838802099227905, "accuracy": 20.22855649745877}
{"phase": "train", "iteration": 200, "loss": 3.668537857532501, "accuracy": 20.671387404493213}
{"phase": "train", "iteration": 250, "loss": 3.666560773849487, "accuracy": 20.792500130496535}
{"phase": "train", "iteration": 300, "loss": 3.680416693687439, "accuracy": 20.5155570464161}
{"phase": "train", "iteration": 350, "loss": 3.6768236337389264, "accuracy": 20.590326447114286}
{"epoch": 14, "learning_rate": 0.0002, "next_learning_rate": 0.0002, "learning_rates": {"all": 0.0002}, "next_learning_rates": {"all": 0.0002}, "train_loss": 3.6763468388875324, "train_accuracy": 20.60841023929378, "train_samples": 45000, "train_seconds": 45.62107038497925, "val_loss": 4.006356458663941, "val_accuracy": 13.82, "val_samples": 5000, "val_seconds": 1.9659807682037354, "best_validation_accuracy": 13.82, "best_epoch": 14, "epochs_without_improvement": 0}




Epoch == 15
{"phase": "train", "iteration": 50, "loss": 3.6427166652679444, "accuracy": 21.313742723607085}
{"phase": "train", "iteration": 100, "loss": 3.5861214351654054, "accuracy": 22.600375562294445}
{"phase": "train", "iteration": 150, "loss": 3.607280297279358, "accuracy": 22.341242045666082}
{"phase": "train", "iteration": 200, "loss": 3.5941654205322267, "accuracy": 22.727316408295984}
{"phase": "train", "iteration": 250, "loss": 3.633619444847107, "accuracy": 21.86901018223305}
{"phase": "train", "iteration": 300, "loss": 3.63662721157074, "accuracy": 21.851152968859516}
{"phase": "train", "iteration": 350, "loss": 3.6443985870906284, "accuracy": 21.69785790586521}
{"epoch": 15, "learning_rate": 0.0002, "next_learning_rate": 0.0002, "learning_rates": {"all": 0.0002}, "next_learning_rates": {"all": 0.0002}, "train_loss": 3.643576357269287, "train_accuracy": 21.71468687072803, "train_samples": 45000, "train_seconds": 45.41271471977234, "val_loss": 3.9329117916107177, "val_accuracy": 15.34, "val_samples": 5000, "val_seconds": 1.9683058261871338, "best_validation_accuracy": 15.34, "best_epoch": 15, "epochs_without_improvement": 0}




Epoch == 16
{"phase": "train", "iteration": 50, "loss": 3.6457007217407225, "accuracy": 21.489456246658403}
{"phase": "train", "iteration": 100, "loss": 3.6448039531707765, "accuracy": 21.66600828821028}
{"phase": "train", "iteration": 150, "loss": 3.648079029719035, "accuracy": 21.417074929694106}
{"phase": "train", "iteration": 200, "loss": 3.6117304587364196, "accuracy": 22.23771950318811}
{"phase": "train", "iteration": 250, "loss": 3.613764804840088, "accuracy": 22.213603046701635}
{"phase": "train", "iteration": 300, "loss": 3.6019086400667826, "accuracy": 22.515558271358085}
{"phase": "train", "iteration": 350, "loss": 3.599190814835685, "accuracy": 22.658528500389128}
{"epoch": 16, "learning_rate": 0.0002, "next_learning_rate": 0.0002, "learning_rates": {"all": 0.0002}, "next_learning_rates": {"all": 0.0002}, "train_loss": 3.598066093444824, "train_accuracy": 22.680740566465186, "train_samples": 45000, "train_seconds": 45.4577362537384, "val_loss": 3.8587520793914796, "val_accuracy": 17.6, "val_samples": 5000, "val_seconds": 1.977060079574585, "best_validation_accuracy": 17.6, "best_epoch": 16, "epochs_without_improvement": 0}




Epoch == 17
{"phase": "train", "iteration": 50, "loss": 3.512199640274048, "accuracy": 23.844118913616832}
{"phase": "train", "iteration": 100, "loss": 3.5643747067451477, "accuracy": 23.115416955418137}
{"phase": "train", "iteration": 150, "loss": 3.540063231786092, "accuracy": 23.896956714812447}
{"phase": "train", "iteration": 200, "loss": 3.548365578651428, "accuracy": 23.7567178678159}
{"phase": "train", "iteration": 250, "loss": 3.5650375146865843, "accuracy": 23.38505378734796}
{"phase": "train", "iteration": 300, "loss": 3.567494976520538, "accuracy": 23.360754307748067}
{"phase": "train", "iteration": 350, "loss": 3.57825521673475, "accuracy": 23.151445800613704}
{"epoch": 17, "learning_rate": 0.0002, "next_learning_rate": 0.0002, "learning_rates": {"all": 0.0002}, "next_learning_rates": {"all": 0.0002}, "train_loss": 3.5795063875834146, "train_accuracy": 23.123360105079755, "train_samples": 45000, "train_seconds": 46.58589148521423, "val_loss": 3.7836474727630613, "val_accuracy": 19.36, "val_samples": 5000, "val_seconds": 1.9811718463897705, "best_validation_accuracy": 19.36, "best_epoch": 17, "epochs_without_improvement": 0}




Epoch == 18
{"phase": "train", "iteration": 50, "loss": 3.5366310548782347, "accuracy": 24.226247704286635}
{"phase": "train", "iteration": 100, "loss": 3.5177955079078673, "accuracy": 24.48652460121799}
{"phase": "train", "iteration": 150, "loss": 3.533857995669047, "accuracy": 24.347781837288327}
{"phase": "train", "iteration": 200, "loss": 3.512559883594513, "accuracy": 24.780791810397204}
{"phase": "train", "iteration": 250, "loss": 3.5066329488754273, "accuracy": 25.04168837609809}
{"phase": "train", "iteration": 300, "loss": 3.51189749956131, "accuracy": 24.86854858206686}
{"phase": "train", "iteration": 350, "loss": 3.5084131554194857, "accuracy": 24.954534152317855}
{"epoch": 18, "learning_rate": 0.0002, "next_learning_rate": 0.0002, "learning_rates": {"all": 0.0002}, "next_learning_rates": {"all": 0.0002}, "train_loss": 3.508497779507107, "train_accuracy": 24.94717729833451, "train_samples": 45000, "train_seconds": 46.86423873901367, "val_loss": 3.7069511138916016, "val_accuracy": 21.02, "val_samples": 5000, "val_seconds": 1.9735238552093506, "best_validation_accuracy": 21.02, "best_epoch": 18, "epochs_without_improvement": 0}




Epoch == 19
{"phase": "train", "iteration": 50, "loss": 3.545350112915039, "accuracy": 24.39821303993041}
{"phase": "train", "iteration": 100, "loss": 3.549102759361267, "accuracy": 24.15234297223717}
{"phase": "train", "iteration": 150, "loss": 3.5161071666081747, "accuracy": 25.012323911506684}
{"phase": "train", "iteration": 200, "loss": 3.51534584403038, "accuracy": 25.13206316940216}
{"phase": "train", "iteration": 250, "loss": 3.5227240524291994, "accuracy": 24.926921708235078}
{"phase": "train", "iteration": 300, "loss": 3.504230095545451, "accuracy": 25.28035785131224}
{"phase": "train", "iteration": 350, "loss": 3.4950407423291887, "accuracy": 25.597683204740015}
{"epoch": 19, "learning_rate": 0.0002, "next_learning_rate": 0.0002, "learning_rates": {"all": 0.0002}, "next_learning_rates": {"all": 0.0002}, "train_loss": 3.4977267145792643, "train_accuracy": 25.52855982105228, "train_samples": 45000, "train_seconds": 46.60940217971802, "val_loss": 3.6256181449890135, "val_accuracy": 22.64, "val_samples": 5000, "val_seconds": 1.9979283809661865, "best_validation_accuracy": 22.64, "best_epoch": 19, "epochs_without_improvement": 0}




Epoch == 20
{"phase": "train", "iteration": 50, "loss": 3.5170261573791506, "accuracy": 24.893129943993458}
{"phase": "train", "iteration": 100, "loss": 3.4792884731292726, "accuracy": 25.70257576740999}
{"phase": "train", "iteration": 150, "loss": 3.461413461367289, "accuracy": 26.299292723274792}
{"phase": "train", "iteration": 200, "loss": 3.4505900728702543, "accuracy": 26.456528922889223}
{"phase": "train", "iteration": 250, "loss": 3.449808051109314, "accuracy": 26.457969299691243}
{"phase": "train", "iteration": 300, "loss": 3.4423145937919615, "accuracy": 26.67170751881282}
{"phase": "train", "iteration": 350, "loss": 3.4482284763881137, "accuracy": 26.55346354258288}
{"epoch": 20, "learning_rate": 0.0002, "next_learning_rate": 0.0002, "learning_rates": {"all": 0.0002}, "next_learning_rates": {"all": 0.0002}, "train_loss": 3.4485657513088652, "train_accuracy": 26.53879884339755, "train_samples": 45000, "train_seconds": 46.94915962219238, "val_loss": 3.54523798828125, "val_accuracy": 23.96, "val_samples": 5000, "val_seconds": 2.039213180541992, "best_validation_accuracy": 23.96, "best_epoch": 20, "epochs_without_improvement": 0}




Epoch == 21
{"phase": "train", "iteration": 50, "loss": 3.42631365776062, "accuracy": 26.650066968960893}
{"phase": "train", "iteration": 100, "loss": 3.4635861229896547, "accuracy": 26.113255567321513}
{"phase": "train", "iteration": 150, "loss": 3.4551198307673134, "accuracy": 26.489790340800926}
{"phase": "train", "iteration": 200, "loss": 3.458301980495453, "accuracy": 26.654666627740426}
{"phase": "train", "iteration": 250, "loss": 3.4352676944732665, "accuracy": 27.328801749165752}
{"phase": "train", "iteration": 300, "loss": 3.4389419158299765, "accuracy": 27.19144294314369}
{"phase": "train", "iteration": 350, "loss": 3.430723958696638, "accuracy": 27.31377926528685}
{"epoch": 21, "learning_rate": 0.0002, "next_learning_rate": 0.0002, "learning_rates": {"all": 0.0002}, "next_learning_rates": {"all": 0.0002}, "train_loss": 3.429035823779636, "train_accuracy": 27.34175892253858, "train_samples": 45000, "train_seconds": 46.4990291595459, "val_loss": 3.4642699619293214, "val_accuracy": 25.98, "val_samples": 5000, "val_seconds": 1.9583549499511719, "best_validation_accuracy": 25.98, "best_epoch": 21, "epochs_without_improvement": 0}




Epoch == 22
{"phase": "train", "iteration": 50, "loss": 3.1812619876861574, "accuracy": 33.30822947937256}
{"phase": "train", "iteration": 100, "loss": 3.3223518204689024, "accuracy": 29.913371136011833}
{"phase": "train", "iteration": 150, "loss": 3.3003376960754394, "accuracy": 30.473708487108798}
{"phase": "train", "iteration": 200, "loss": 3.3213462197780608, "accuracy": 30.165310581540304}
{"phase": "train", "iteration": 250, "loss": 3.329103611946106, "accuracy": 29.95287928772182}
{"phase": "train", "iteration": 300, "loss": 3.3271614694595337, "accuracy": 29.926853029072724}
{"phase": "train", "iteration": 350, "loss": 3.3306294781821113, "accuracy": 29.74667764591843}
{"epoch": 22, "learning_rate": 0.0002, "next_learning_rate": 0.0002, "learning_rates": {"all": 0.0002}, "next_learning_rates": {"all": 0.0002}, "train_loss": 3.3308242462158204, "train_accuracy": 29.7361369690052, "train_samples": 45000, "train_seconds": 46.05236291885376, "val_loss": 3.3787580574035645, "val_accuracy": 28.04, "val_samples": 5000, "val_seconds": 2.0146727561950684, "best_validation_accuracy": 28.04, "best_epoch": 22, "epochs_without_improvement": 0}




Epoch == 23
{"phase": "train", "iteration": 50, "loss": 3.38888436794281, "accuracy": 28.176800438254727}
{"phase": "train", "iteration": 100, "loss": 3.3057575368881227, "accuracy": 30.296854481982773}
{"phase": "train", "iteration": 150, "loss": 3.3121342945098875, "accuracy": 30.366410163228235}
{"phase": "train", "iteration": 200, "loss": 3.3108172500133515, "accuracy": 30.35672880215529}
{"phase": "train", "iteration": 250, "loss": 3.2855482864379884, "accuracy": 30.79915369879285}
{"phase": "train", "iteration": 300, "loss": 3.293292589187622, "accuracy": 30.53820512089197}
{"phase": "train", "iteration": 350, "loss": 3.298297896385193, "accuracy": 30.339138545105108}
{"epoch": 23, "learning_rate": 0.0002, "next_learning_rate": 0.0002, "learning_rates": {"all": 0.0002}, "next_learning_rates": {"all": 0.0002}, "train_loss": 3.2974145261128744, "train_accuracy": 30.364403194596168, "train_samples": 45000, "train_seconds": 46.350916624069214, "val_loss": 3.2949604263305665, "val_accuracy": 30.28, "val_samples": 5000, "val_seconds": 2.008491039276123, "best_validation_accuracy": 30.28, "best_epoch": 23, "epochs_without_improvement": 0}




Epoch == 24
{"phase": "train", "iteration": 50, "loss": 3.351632876396179, "accuracy": 29.337767303387658}
{"phase": "train", "iteration": 100, "loss": 3.232289502620697, "accuracy": 31.796234322941874}
{"phase": "train", "iteration": 150, "loss": 3.274767665863037, "accuracy": 30.81942340982437}
{"phase": "train", "iteration": 200, "loss": 3.28488089799881, "accuracy": 30.501944547503694}
{"phase": "train", "iteration": 250, "loss": 3.286784394264221, "accuracy": 30.41540383424323}
{"phase": "train", "iteration": 300, "loss": 3.2958346668879193, "accuracy": 30.219205036342295}
{"phase": "train", "iteration": 350, "loss": 3.2781266743796214, "accuracy": 30.616255671774233}
{"epoch": 24, "learning_rate": 0.0002, "next_learning_rate": 0.0002, "learning_rates": {"all": 0.0002}, "next_learning_rates": {"all": 0.0002}, "train_loss": 3.277991605038113, "train_accuracy": 30.631348788927458, "train_samples": 45000, "train_seconds": 45.97565031051636, "val_loss": 3.2126968490600585, "val_accuracy": 32.46, "val_samples": 5000, "val_seconds": 1.9821419715881348, "best_validation_accuracy": 32.46, "best_epoch": 24, "epochs_without_improvement": 0}




Epoch == 25
{"phase": "train", "iteration": 50, "loss": 3.2892411041259764, "accuracy": 29.87279273962433}
{"phase": "train", "iteration": 100, "loss": 3.343418393135071, "accuracy": 28.827579219350934}
{"phase": "train", "iteration": 150, "loss": 3.282995147705078, "accuracy": 30.337778349147538}
{"phase": "train", "iteration": 200, "loss": 3.2616584658622743, "accuracy": 30.890992768817114}
{"phase": "train", "iteration": 250, "loss": 3.288958218574524, "accuracy": 30.533520019537217}
{"phase": "train", "iteration": 300, "loss": 3.2778599309921264, "accuracy": 30.87235365903248}
{"phase": "train", "iteration": 350, "loss": 3.288651932988848, "accuracy": 30.58735167164228}
{"epoch": 25, "learning_rate": 0.0002, "next_learning_rate": 0.0002, "learning_rates": {"all": 0.0002}, "next_learning_rates": {"all": 0.0002}, "train_loss": 3.2902653108384876, "train_accuracy": 30.564274582727027, "train_samples": 45000, "train_seconds": 45.86721396446228, "val_loss": 3.1334347579956057, "val_accuracy": 34.62, "val_samples": 5000, "val_seconds": 1.9552638530731201, "best_validation_accuracy": 34.62, "best_epoch": 25, "epochs_without_improvement": 0}




Epoch == 26
{"phase": "train", "iteration": 50, "loss": 3.2535922384262084, "accuracy": 30.811883457695725}
{"phase": "train", "iteration": 100, "loss": 3.3028814673423765, "accuracy": 30.558902887724507}
{"phase": "train", "iteration": 150, "loss": 3.281426043510437, "accuracy": 30.86626649459436}
{"phase": "train", "iteration": 200, "loss": 3.2560200572013853, "accuracy": 31.587188237953427}
{"phase": "train", "iteration": 250, "loss": 3.2346919136047365, "accuracy": 32.11470954387362}
{"phase": "train", "iteration": 300, "loss": 3.241697343190511, "accuracy": 31.994867708788018}
{"phase": "train", "iteration": 350, "loss": 3.2524322366714475, "accuracy": 31.786676703851175}
{"epoch": 26, "learning_rate": 0.0002, "next_learning_rate": 0.0002, "learning_rates": {"all": 0.0002}, "next_learning_rates": {"all": 0.0002}, "train_loss": 3.248818948703342, "train_accuracy": 31.87565581593938, "train_samples": 45000, "train_seconds": 45.9901077747345, "val_loss": 3.056851606750488, "val_accuracy": 36.28, "val_samples": 5000, "val_seconds": 1.9642539024353027, "best_validation_accuracy": 36.28, "best_epoch": 26, "epochs_without_improvement": 0}




Epoch == 27
{"phase": "train", "iteration": 50, "loss": 3.3868284320831297, "accuracy": 28.825363270706422}
{"phase": "train", "iteration": 100, "loss": 3.374976844787598, "accuracy": 28.933724272714937}
{"phase": "train", "iteration": 150, "loss": 3.3232423146565755, "accuracy": 30.04121572338913}
{"phase": "train", "iteration": 200, "loss": 3.283677623271942, "accuracy": 30.988412868552658}
{"phase": "train", "iteration": 250, "loss": 3.2685225076675417, "accuracy": 31.325264966595793}
{"phase": "train", "iteration": 300, "loss": 3.2565092992782594, "accuracy": 31.606023247554948}
{"phase": "train", "iteration": 350, "loss": 3.2610976273672923, "accuracy": 31.489260054744918}
{"epoch": 27, "learning_rate": 0.0002, "next_learning_rate": 0.0002, "learning_rates": {"all": 0.0002}, "next_learning_rates": {"all": 0.0002}, "train_loss": 3.2611663473765056, "train_accuracy": 31.499145307972196, "train_samples": 45000, "train_seconds": 45.539639472961426, "val_loss": 2.982961657714844, "val_accuracy": 38.12, "val_samples": 5000, "val_seconds": 1.967621088027954, "best_validation_accuracy": 38.12, "best_epoch": 27, "epochs_without_improvement": 0}




Epoch == 28
{"phase": "train", "iteration": 50, "loss": 3.1761991453170775, "accuracy": 34.11086822882262}
{"phase": "train", "iteration": 100, "loss": 3.156838979721069, "accuracy": 34.66399506560329}
{"phase": "train", "iteration": 150, "loss": 3.2058841959635416, "accuracy": 33.30331247142553}
{"phase": "train", "iteration": 200, "loss": 3.184977625608444, "accuracy": 33.67746966648587}
{"phase": "train", "iteration": 250, "loss": 3.186087787628174, "accuracy": 33.79990234272201}
{"phase": "train", "iteration": 300, "loss": 3.194007576306661, "accuracy": 33.57539670303371}
{"phase": "train", "iteration": 350, "loss": 3.181365351676941, "accuracy": 33.86543995752905}
{"epoch": 28, "learning_rate": 0.0002, "next_learning_rate": 0.0002, "learning_rates": {"all": 0.0002}, "next_learning_rates": {"all": 0.0002}, "train_loss": 3.183514080980089, "train_accuracy": 33.80654147438448, "train_samples": 45000, "train_seconds": 46.34373760223389, "val_loss": 2.9117077423095705, "val_accuracy": 39.7, "val_samples": 5000, "val_seconds": 1.9862196445465088, "best_validation_accuracy": 39.7, "best_epoch": 28, "epochs_without_improvement": 0}




Epoch == 29
{"phase": "train", "iteration": 50, "loss": 3.1574523305892943, "accuracy": 34.00856267304579}
{"phase": "train", "iteration": 100, "loss": 3.169433741569519, "accuracy": 33.6851042683055}
{"phase": "train", "iteration": 150, "loss": 3.2129768721262613, "accuracy": 32.66058432112612}
{"phase": "train", "iteration": 200, "loss": 3.196577731370926, "accuracy": 32.915614096136956}
{"phase": "train", "iteration": 250, "loss": 3.188963333129883, "accuracy": 33.17746927219852}
{"phase": "train", "iteration": 300, "loss": 3.2018224716186525, "accuracy": 32.995795862411164}
{"phase": "train", "iteration": 350, "loss": 3.194255988257272, "accuracy": 33.193608397049516}
{"epoch": 29, "learning_rate": 0.0002, "next_learning_rate": 0.0002, "learning_rates": {"all": 0.0002}, "next_learning_rates": {"all": 0.0002}, "train_loss": 3.194481409242418, "train_accuracy": 33.189772951711525, "train_samples": 45000, "train_seconds": 46.39028763771057, "val_loss": 2.8436767509460448, "val_accuracy": 41.18, "val_samples": 5000, "val_seconds": 2.060129165649414, "best_validation_accuracy": 41.18, "best_epoch": 29, "epochs_without_improvement": 0}




Epoch == 30
{"phase": "train", "iteration": 50, "loss": 3.112757534980774, "accuracy": 35.638559835136}
{"phase": "train", "iteration": 100, "loss": 3.1110113883018493, "accuracy": 35.68630446505378}
{"phase": "train", "iteration": 150, "loss": 3.0967202313741047, "accuracy": 36.19360048400596}
{"phase": "train", "iteration": 200, "loss": 3.1595081281661987, "accuracy": 34.63926315434569}
{"phase": "train", "iteration": 250, "loss": 3.1505477027893067, "accuracy": 34.6755165446368}
{"phase": "train", "iteration": 300, "loss": 3.123446536064148, "accuracy": 35.36102622921608}
{"phase": "train", "iteration": 350, "loss": 3.1183287000656126, "accuracy": 35.39768220741751}
{"epoch": 30, "learning_rate": 0.0002, "next_learning_rate": 0.0002, "learning_rates": {"all": 0.0002}, "next_learning_rates": {"all": 0.0002}, "train_loss": 3.119865112728543, "train_accuracy": 35.365767161495654, "train_samples": 45000, "train_seconds": 48.306575298309326, "val_loss": 2.777113252258301, "val_accuracy": 42.46, "val_samples": 5000, "val_seconds": 2.1194326877593994, "best_validation_accuracy": 42.46, "best_epoch": 30, "epochs_without_improvement": 0}




Epoch == 31
{"phase": "train", "iteration": 50, "loss": 3.159631791114807, "accuracy": 34.36263690334371}
{"phase": "train", "iteration": 100, "loss": 3.140227026939392, "accuracy": 34.87370913041489}
{"phase": "train", "iteration": 150, "loss": 3.1182954263687135, "accuracy": 35.4124803376707}
{"phase": "train", "iteration": 200, "loss": 3.1442214214801787, "accuracy": 34.90139016813116}
{"phase": "train", "iteration": 250, "loss": 3.1440716552734376, "accuracy": 34.887469931625226}
{"phase": "train", "iteration": 300, "loss": 3.140274471441905, "accuracy": 34.93050883625749}
{"phase": "train", "iteration": 350, "loss": 3.1537378072738647, "accuracy": 34.59864013504907}
{"epoch": 31, "learning_rate": 0.0002, "next_learning_rate": 0.0002, "learning_rates": {"all": 0.0002}, "next_learning_rates": {"all": 0.0002}, "train_loss": 3.155562867567274, "train_accuracy": 34.549486456671076, "train_samples": 45000, "train_seconds": 47.974966049194336, "val_loss": 2.715335920715332, "val_accuracy": 43.82, "val_samples": 5000, "val_seconds": 2.0518722534179688, "best_validation_accuracy": 43.82, "best_epoch": 31, "epochs_without_improvement": 0}




Epoch == 32
{"phase": "train", "iteration": 50, "loss": 2.986877784729004, "accuracy": 38.385609575002036}
{"phase": "train", "iteration": 100, "loss": 2.975985116958618, "accuracy": 38.77896641098344}
{"phase": "train", "iteration": 150, "loss": 2.9992553853988646, "accuracy": 38.34654458232543}
{"phase": "train", "iteration": 200, "loss": 3.0242210519313812, "accuracy": 37.90380324762587}
{"phase": "train", "iteration": 250, "loss": 3.0589524278640745, "accuracy": 37.010475078129986}
{"phase": "train", "iteration": 300, "loss": 3.066580370267232, "accuracy": 36.841772003753604}
{"phase": "train", "iteration": 350, "loss": 3.0588481160572596, "accuracy": 37.0172817712464}
{"epoch": 32, "learning_rate": 0.0002, "next_learning_rate": 0.0002, "learning_rates": {"all": 0.0002}, "next_learning_rates": {"all": 0.0002}, "train_loss": 3.0603836299472387, "train_accuracy": 36.975386715475125, "train_samples": 45000, "train_seconds": 48.19656729698181, "val_loss": 2.65532089805603, "val_accuracy": 45.28, "val_samples": 5000, "val_seconds": 2.037078857421875, "best_validation_accuracy": 45.28, "best_epoch": 32, "epochs_without_improvement": 0}




Epoch == 33
{"phase": "train", "iteration": 50, "loss": 3.112481241226196, "accuracy": 36.04509155090951}
{"phase": "train", "iteration": 100, "loss": 3.103975009918213, "accuracy": 36.46843410660421}
{"phase": "train", "iteration": 150, "loss": 3.0677880318959554, "accuracy": 36.941625004206294}
{"phase": "train", "iteration": 200, "loss": 3.045332751274109, "accuracy": 37.446336967444}
{"phase": "train", "iteration": 250, "loss": 3.0393655862808227, "accuracy": 37.47033764715056}
{"phase": "train", "iteration": 300, "loss": 3.0485913427670797, "accuracy": 37.25444545577889}
{"phase": "train", "iteration": 350, "loss": 3.0747585671288626, "accuracy": 36.60641022859111}
{"epoch": 33, "learning_rate": 0.0002, "next_learning_rate": 0.0002, "learning_rates": {"all": 0.0002}, "next_learning_rates": {"all": 0.0002}, "train_loss": 3.075159616385566, "train_accuracy": 36.58879318785413, "train_samples": 45000, "train_seconds": 47.67409014701843, "val_loss": 2.6003086017608643, "val_accuracy": 46.36, "val_samples": 5000, "val_seconds": 2.061732292175293, "best_validation_accuracy": 46.36, "best_epoch": 33, "epochs_without_improvement": 0}




Epoch == 34
{"phase": "train", "iteration": 50, "loss": 3.210944137573242, "accuracy": 33.319359194979896}
{"phase": "train", "iteration": 100, "loss": 3.152633469104767, "accuracy": 34.80032548729182}
{"phase": "train", "iteration": 150, "loss": 3.160733807881673, "accuracy": 34.74647067520732}
{"phase": "train", "iteration": 200, "loss": 3.1527534091472624, "accuracy": 35.135941447608744}
{"phase": "train", "iteration": 250, "loss": 3.1543727684020997, "accuracy": 35.06522495260961}
{"phase": "train", "iteration": 300, "loss": 3.148263328075409, "accuracy": 35.253486074661566}
{"phase": "train", "iteration": 350, "loss": 3.168950286592756, "accuracy": 34.6653593421781}
{"epoch": 34, "learning_rate": 0.0002, "next_learning_rate": 0.0002, "learning_rates": {"all": 0.0002}, "next_learning_rates": {"all": 0.0002}, "train_loss": 3.17184725672404, "train_accuracy": 34.59264524510175, "train_samples": 45000, "train_seconds": 48.13895916938782, "val_loss": 2.5508395935058594, "val_accuracy": 47.84, "val_samples": 5000, "val_seconds": 2.1448702812194824, "best_validation_accuracy": 47.84, "best_epoch": 34, "epochs_without_improvement": 0}




Epoch == 35
{"phase": "train", "iteration": 50, "loss": 3.0198284721374513, "accuracy": 38.83761995790083}
{"phase": "train", "iteration": 100, "loss": 2.970959129333496, "accuracy": 39.6427894610831}
{"phase": "train", "iteration": 150, "loss": 3.0031160434087116, "accuracy": 38.673970784969775}
{"phase": "train", "iteration": 200, "loss": 2.950786672830582, "accuracy": 39.75888217812644}
{"phase": "train", "iteration": 250, "loss": 3.0043642740249634, "accuracy": 38.42553172529463}
{"phase": "train", "iteration": 300, "loss": 3.0287227336565654, "accuracy": 37.9466531655691}
{"phase": "train", "iteration": 350, "loss": 3.0257379620415823, "accuracy": 38.10926033720421}
{"epoch": 35, "learning_rate": 0.0002, "next_learning_rate": 0.0002, "learning_rates": {"all": 0.0002}, "next_learning_rates": {"all": 0.0002}, "train_loss": 3.0220816822052003, "train_accuracy": 38.186232755307564, "train_samples": 45000, "train_seconds": 31.174572944641113, "val_loss": 2.502298110961914, "val_accuracy": 49.1, "val_samples": 5000, "val_seconds": 0.8552248477935791, "best_validation_accuracy": 49.1, "best_epoch": 35, "epochs_without_improvement": 0}




Epoch == 36
{"phase": "train", "iteration": 50, "loss": 3.0367889833450317, "accuracy": 38.13394539370624}
{"phase": "train", "iteration": 100, "loss": 3.0450337815284727, "accuracy": 38.15044494774812}
{"phase": "train", "iteration": 150, "loss": 3.077417820294698, "accuracy": 37.31845124315713}
{"phase": "train", "iteration": 200, "loss": 3.0716496431827545, "accuracy": 37.359191406392675}
{"phase": "train", "iteration": 250, "loss": 3.0355125045776368, "accuracy": 38.201433110181185}
{"phase": "train", "iteration": 300, "loss": 3.0311312079429626, "accuracy": 38.20357160596586}
{"phase": "train", "iteration": 350, "loss": 3.025076697213309, "accuracy": 38.26814114467122}
{"epoch": 36, "learning_rate": 0.0002, "next_learning_rate": 0.0002, "learning_rates": {"all": 0.0002}, "next_learning_rates": {"all": 0.0002}, "train_loss": 3.026046888224284, "train_accuracy": 38.24776220773561, "train_samples": 45000, "train_seconds": 20.632086753845215, "val_loss": 2.457076847076416, "val_accuracy": 50.08, "val_samples": 5000, "val_seconds": 1.485351800918579, "best_validation_accuracy": 50.08, "best_epoch": 36, "epochs_without_improvement": 0}




Epoch == 37
{"phase": "train", "iteration": 50, "loss": 3.0650068712234497, "accuracy": 36.65577101335476}
{"phase": "train", "iteration": 100, "loss": 2.999820981025696, "accuracy": 38.822301679012334}
{"phase": "train", "iteration": 150, "loss": 2.9587434752782187, "accuracy": 39.47873210618062}
{"phase": "train", "iteration": 200, "loss": 2.9799368572235108, "accuracy": 39.03963545420446}
{"phase": "train", "iteration": 250, "loss": 3.036947485923767, "accuracy": 37.77174136956956}
{"phase": "train", "iteration": 300, "loss": 3.026155918041865, "accuracy": 37.93831370916343}
{"phase": "train", "iteration": 350, "loss": 3.0250703528949194, "accuracy": 38.118715865244525}
{"epoch": 37, "learning_rate": 0.0002, "next_learning_rate": 0.0002, "learning_rates": {"all": 0.0002}, "next_learning_rates": {"all": 0.0002}, "train_loss": 3.0228030776977537, "train_accuracy": 38.182611444761925, "train_samples": 45000, "train_seconds": 47.319026708602905, "val_loss": 2.414287305831909, "val_accuracy": 51.1, "val_samples": 5000, "val_seconds": 0.8199446201324463, "best_validation_accuracy": 51.1, "best_epoch": 37, "epochs_without_improvement": 0}




Epoch == 38
{"phase": "train", "iteration": 50, "loss": 3.0229141998291014, "accuracy": 38.367807747151915}
{"phase": "train", "iteration": 100, "loss": 2.9954490184783937, "accuracy": 38.414411744133965}
{"phase": "train", "iteration": 150, "loss": 3.019729684193929, "accuracy": 37.96450959367513}
{"phase": "train", "iteration": 200, "loss": 3.016566656827927, "accuracy": 38.14806970503903}
{"phase": "train", "iteration": 250, "loss": 3.0421766290664674, "accuracy": 37.722157281344735}
{"phase": "train", "iteration": 300, "loss": 3.030575180053711, "accuracy": 38.04548660826194}
{"phase": "train", "iteration": 350, "loss": 3.0377558660507202, "accuracy": 37.98465716323292}
{"epoch": 38, "learning_rate": 0.0002, "next_learning_rate": 0.0002, "learning_rates": {"all": 0.0002}, "next_learning_rates": {"all": 0.0002}, "train_loss": 3.039422785780165, "train_accuracy": 37.93365493470975, "train_samples": 45000, "train_seconds": 31.145082473754883, "val_loss": 2.3751492057800294, "val_accuracy": 52.3, "val_samples": 5000, "val_seconds": 2.0624449253082275, "best_validation_accuracy": 52.3, "best_epoch": 38, "epochs_without_improvement": 0}




Epoch == 39
{"phase": "train", "iteration": 50, "loss": 3.0425307655334475, "accuracy": 37.62727548997427}
{"phase": "train", "iteration": 100, "loss": 3.0945129585266113, "accuracy": 36.45276449850226}
{"phase": "train", "iteration": 150, "loss": 3.1058969736099242, "accuracy": 36.29259440098143}
{"phase": "train", "iteration": 200, "loss": 3.040984947681427, "accuracy": 37.94596053488873}
{"phase": "train", "iteration": 250, "loss": 2.9876778411865232, "accuracy": 39.149469976051435}
{"phase": "train", "iteration": 300, "loss": 2.969304019610087, "accuracy": 39.72662783842303}
{"phase": "train", "iteration": 350, "loss": 2.9948121173041207, "accuracy": 39.14650888515886}
{"epoch": 39, "learning_rate": 0.0002, "next_learning_rate": 0.0002, "learning_rates": {"all": 0.0002}, "next_learning_rates": {"all": 0.0002}, "train_loss": 2.9979272336324057, "train_accuracy": 39.07891329011371, "train_samples": 45000, "train_seconds": 47.97895693778992, "val_loss": 2.3381099086761474, "val_accuracy": 52.98, "val_samples": 5000, "val_seconds": 2.0728139877319336, "best_validation_accuracy": 52.98, "best_epoch": 39, "epochs_without_improvement": 0}




Epoch == 40
{"phase": "train", "iteration": 50, "loss": 2.928934874534607, "accuracy": 41.236637626772655}
{"phase": "train", "iteration": 100, "loss": 2.949200870990753, "accuracy": 40.55648505804903}
{"phase": "train", "iteration": 150, "loss": 2.918952662150065, "accuracy": 41.169793115770695}
{"phase": "train", "iteration": 200, "loss": 2.9466927814483643, "accuracy": 40.61530412095953}
{"phase": "train", "iteration": 250, "loss": 2.9412512855529784, "accuracy": 40.690097431233674}
{"phase": "train", "iteration": 300, "loss": 2.9489189926783244, "accuracy": 40.608410940209964}
{"phase": "train", "iteration": 350, "loss": 2.9535750682013377, "accuracy": 40.342813827226635}
{"epoch": 40, "learning_rate": 0.0002, "next_learning_rate": 0.0002, "learning_rates": {"all": 0.0002}, "next_learning_rates": {"all": 0.0002}, "train_loss": 2.9522916892581517, "train_accuracy": 40.36678848121882, "train_samples": 45000, "train_seconds": 47.18641686439514, "val_loss": 2.3038812210083006, "val_accuracy": 53.44, "val_samples": 5000, "val_seconds": 2.082336902618408, "best_validation_accuracy": 53.44, "best_epoch": 40, "epochs_without_improvement": 0}




Epoch == 41
{"phase": "train", "iteration": 50, "loss": 2.8919204306602477, "accuracy": 41.744605533858}
{"phase": "train", "iteration": 100, "loss": 2.8845746266841887, "accuracy": 41.597339382919856}
{"phase": "train", "iteration": 150, "loss": 2.8536626283327737, "accuracy": 42.517252377141816}
{"phase": "train", "iteration": 200, "loss": 2.9046361058950425, "accuracy": 41.343027962612034}
{"phase": "train", "iteration": 250, "loss": 2.907149688243866, "accuracy": 41.33032700523671}
{"phase": "train", "iteration": 300, "loss": 2.923961251974106, "accuracy": 41.003149868066245}
{"phase": "train", "iteration": 350, "loss": 2.9199588785852706, "accuracy": 41.14327374003326}
{"epoch": 41, "learning_rate": 0.0002, "next_learning_rate": 0.0002, "learning_rates": {"all": 0.0002}, "next_learning_rates": {"all": 0.0002}, "train_loss": 2.9234079219818114, "train_accuracy": 41.07760224563311, "train_samples": 45000, "train_seconds": 47.09043908119202, "val_loss": 2.2718742286682128, "val_accuracy": 54.46, "val_samples": 5000, "val_seconds": 2.0819826126098633, "best_validation_accuracy": 54.46, "best_epoch": 41, "epochs_without_improvement": 0}




Epoch == 42
{"phase": "train", "iteration": 50, "loss": 2.9905266666412356, "accuracy": 40.10407429631897}
{"phase": "train", "iteration": 100, "loss": 2.983534152507782, "accuracy": 39.98066069850772}
{"phase": "train", "iteration": 150, "loss": 2.9996434179941813, "accuracy": 39.5610738503666}
{"phase": "train", "iteration": 200, "loss": 2.9613571882247927, "accuracy": 40.372653033981436}
{"phase": "train", "iteration": 250, "loss": 2.953049256324768, "accuracy": 40.455607084808776}
{"phase": "train", "iteration": 300, "loss": 2.945189967950185, "accuracy": 40.54112916921855}
{"phase": "train", "iteration": 350, "loss": 2.9360500798906597, "accuracy": 40.766547254773705}
{"epoch": 42, "learning_rate": 0.0002, "next_learning_rate": 0.0002, "learning_rates": {"all": 0.0002}, "next_learning_rates": {"all": 0.0002}, "train_loss": 2.936430295393202, "train_accuracy": 40.76811503173975, "train_samples": 45000, "train_seconds": 47.02175235748291, "val_loss": 2.2423131282806397, "val_accuracy": 54.88, "val_samples": 5000, "val_seconds": 2.05792236328125, "best_validation_accuracy": 54.88, "best_epoch": 42, "epochs_without_improvement": 0}




Epoch == 43
{"phase": "train", "iteration": 50, "loss": 2.836339340209961, "accuracy": 43.25696715697466}
{"phase": "train", "iteration": 100, "loss": 2.8333462035655974, "accuracy": 43.42993392169867}
{"phase": "train", "iteration": 150, "loss": 2.886079062620799, "accuracy": 42.03873665053473}
{"phase": "train", "iteration": 200, "loss": 2.897122487425804, "accuracy": 41.84729889042768}
{"phase": "train", "iteration": 250, "loss": 2.900596896648407, "accuracy": 41.63461939242387}
{"phase": "train", "iteration": 300, "loss": 2.8875794398784635, "accuracy": 41.96209131185057}
{"phase": "train", "iteration": 350, "loss": 2.9055101908956256, "accuracy": 41.55540024206879}
{"epoch": 43, "learning_rate": 0.0002, "next_learning_rate": 0.0002, "learning_rates": {"all": 0.0002}, "next_learning_rates": {"all": 0.0002}, "train_loss": 2.903483382076687, "train_accuracy": 41.60749742162489, "train_samples": 45000, "train_seconds": 47.61973261833191, "val_loss": 2.214607123184204, "val_accuracy": 55.64, "val_samples": 5000, "val_seconds": 2.079334020614624, "best_validation_accuracy": 55.64, "best_epoch": 43, "epochs_without_improvement": 0}




Epoch == 44
{"phase": "train", "iteration": 50, "loss": 2.7391368913650513, "accuracy": 46.170753744764745}
{"phase": "train", "iteration": 100, "loss": 2.7614053928852083, "accuracy": 45.553872874203655}
{"phase": "train", "iteration": 150, "loss": 2.7972563846906024, "accuracy": 44.46972287521689}
{"phase": "train", "iteration": 200, "loss": 2.8229518193006515, "accuracy": 43.743108765131176}
{"phase": "train", "iteration": 250, "loss": 2.8492916498184204, "accuracy": 43.08843092042236}
{"phase": "train", "iteration": 300, "loss": 2.8676783514022826, "accuracy": 42.59575290050946}
{"phase": "train", "iteration": 350, "loss": 2.8853992768696375, "accuracy": 42.15355576669799}
{"epoch": 44, "learning_rate": 0.0002, "next_learning_rate": 0.0002, "learning_rates": {"all": 0.0002}, "next_learning_rates": {"all": 0.0002}, "train_loss": 2.8848657530466717, "train_accuracy": 42.16274978741451, "train_samples": 45000, "train_seconds": 47.4094135761261, "val_loss": 2.188124174308777, "val_accuracy": 56.2, "val_samples": 5000, "val_seconds": 2.0794296264648438, "best_validation_accuracy": 56.2, "best_epoch": 44, "epochs_without_improvement": 0}




Epoch == 45
{"phase": "train", "iteration": 50, "loss": 2.8257455468177795, "accuracy": 44.300765496789275}
{"phase": "train", "iteration": 100, "loss": 2.8212550330162047, "accuracy": 44.380508239791105}
{"phase": "train", "iteration": 150, "loss": 2.8435667872428896, "accuracy": 43.848081269395855}
{"phase": "train", "iteration": 200, "loss": 2.8583622044324875, "accuracy": 43.26542697578394}
{"phase": "train", "iteration": 250, "loss": 2.902486940860748, "accuracy": 42.020766453322544}
{"phase": "train", "iteration": 300, "loss": 2.903297239144643, "accuracy": 41.89633792406967}
{"phase": "train", "iteration": 350, "loss": 2.9086067349570137, "accuracy": 41.756033874734435}
{"epoch": 45, "learning_rate": 0.0002, "next_learning_rate": 0.0002, "learning_rates": {"all": 0.0002}, "next_learning_rates": {"all": 0.0002}, "train_loss": 2.911737922329373, "train_accuracy": 41.67659862360913, "train_samples": 45000, "train_seconds": 47.426268339157104, "val_loss": 2.1647609977722166, "val_accuracy": 56.76, "val_samples": 5000, "val_seconds": 2.086588144302368, "best_validation_accuracy": 56.76, "best_epoch": 45, "epochs_without_improvement": 0}




Epoch == 46
{"phase": "train", "iteration": 50, "loss": 2.9387383246421814, "accuracy": 40.95412426405804}
{"phase": "train", "iteration": 100, "loss": 2.9140490067005156, "accuracy": 41.569310602086006}
{"phase": "train", "iteration": 150, "loss": 2.88058527469635, "accuracy": 42.40239309344944}
{"phase": "train", "iteration": 200, "loss": 2.894081935286522, "accuracy": 42.23516362271275}
{"phase": "train", "iteration": 250, "loss": 2.89147549533844, "accuracy": 42.08715606330533}
{"phase": "train", "iteration": 300, "loss": 2.8922042318185173, "accuracy": 42.02626766204332}
{"phase": "train", "iteration": 350, "loss": 2.8728137363706314, "accuracy": 42.55824222571386}
{"epoch": 46, "learning_rate": 0.0002, "next_learning_rate": 0.0002, "learning_rates": {"all": 0.0002}, "next_learning_rates": {"all": 0.0002}, "train_loss": 2.8726840997483993, "train_accuracy": 42.57854638629584, "train_samples": 45000, "train_seconds": 47.462836027145386, "val_loss": 2.142343020248413, "val_accuracy": 57.32, "val_samples": 5000, "val_seconds": 2.0785043239593506, "best_validation_accuracy": 57.32, "best_epoch": 46, "epochs_without_improvement": 0}




Epoch == 47
{"phase": "train", "iteration": 50, "loss": 2.860935263633728, "accuracy": 42.90190404775911}
{"phase": "train", "iteration": 100, "loss": 2.8664779317379, "accuracy": 42.66206722974866}
{"phase": "train", "iteration": 150, "loss": 2.8806259950002033, "accuracy": 42.25719932011615}
{"phase": "train", "iteration": 200, "loss": 2.855472646355629, "accuracy": 42.94277633763365}
{"phase": "train", "iteration": 250, "loss": 2.85841721534729, "accuracy": 42.941044994627}
{"phase": "train", "iteration": 300, "loss": 2.863999597231547, "accuracy": 42.75725204741629}
{"phase": "train", "iteration": 350, "loss": 2.870263446399144, "accuracy": 42.53401801951373}
{"epoch": 47, "learning_rate": 0.0002, "next_learning_rate": 0.0002, "learning_rates": {"all": 0.0002}, "next_learning_rates": {"all": 0.0002}, "train_loss": 2.8744716488308377, "train_accuracy": 42.43622753407507, "train_samples": 45000, "train_seconds": 47.89723181724548, "val_loss": 2.121192527770996, "val_accuracy": 57.94, "val_samples": 5000, "val_seconds": 2.0794010162353516, "best_validation_accuracy": 57.94, "best_epoch": 47, "epochs_without_improvement": 0}




Epoch == 48
{"phase": "train", "iteration": 50, "loss": 2.783423798084259, "accuracy": 44.91773992690304}
{"phase": "train", "iteration": 100, "loss": 2.8428063595294955, "accuracy": 43.33768467484457}
{"phase": "train", "iteration": 150, "loss": 2.8643835934003192, "accuracy": 42.95977912804432}
{"phase": "train", "iteration": 200, "loss": 2.833133792281151, "accuracy": 43.69652084577749}
{"phase": "train", "iteration": 250, "loss": 2.820653510570526, "accuracy": 44.103008729222864}
{"phase": "train", "iteration": 300, "loss": 2.8350171943505607, "accuracy": 43.68647080350291}
{"phase": "train", "iteration": 350, "loss": 2.845416635785784, "accuracy": 43.42803765076912}
{"epoch": 48, "learning_rate": 0.0002, "next_learning_rate": 0.0002, "learning_rates": {"all": 0.0002}, "next_learning_rates": {"all": 0.0002}, "train_loss": 2.8467402269999185, "train_accuracy": 43.40636095565459, "train_samples": 45000, "train_seconds": 47.35796308517456, "val_loss": 2.1008786125183105, "val_accuracy": 58.32, "val_samples": 5000, "val_seconds": 2.08943510055542, "best_validation_accuracy": 58.32, "best_epoch": 48, "epochs_without_improvement": 0}




Epoch == 49
{"phase": "train", "iteration": 50, "loss": 2.936474986076355, "accuracy": 41.579813605519874}
{"phase": "train", "iteration": 100, "loss": 2.816531925201416, "accuracy": 44.649680189504934}
{"phase": "train", "iteration": 150, "loss": 2.8319486316045124, "accuracy": 43.77133054799441}
{"phase": "train", "iteration": 200, "loss": 2.8078249889612197, "accuracy": 44.35524854821474}
{"phase": "train", "iteration": 250, "loss": 2.8177024574279783, "accuracy": 44.15720107168692}
{"phase": "train", "iteration": 300, "loss": 2.828923362493515, "accuracy": 43.77107939049755}
{"phase": "train", "iteration": 350, "loss": 2.8283622585024153, "accuracy": 43.82478588817135}
{"epoch": 49, "learning_rate": 0.0002, "next_learning_rate": 0.0002, "learning_rates": {"all": 0.0002}, "next_learning_rates": {"all": 0.0002}, "train_loss": 2.8257214078267414, "train_accuracy": 43.88285194394614, "train_samples": 45000, "train_seconds": 47.92352485656738, "val_loss": 2.0816516666412355, "val_accuracy": 59.04, "val_samples": 5000, "val_seconds": 2.080899953842163, "best_validation_accuracy": 59.04, "best_epoch": 49, "epochs_without_improvement": 0}




Epoch == 50
{"phase": "train", "iteration": 50, "loss": 2.6903035044670105, "accuracy": 46.85075494459422}
{"phase": "train", "iteration": 100, "loss": 2.7893367648124694, "accuracy": 44.47370143058154}
{"phase": "train", "iteration": 150, "loss": 2.8200134086608886, "accuracy": 44.02659665292431}
{"phase": "train", "iteration": 200, "loss": 2.819145338535309, "accuracy": 44.18308352298255}
{"phase": "train", "iteration": 250, "loss": 2.8199737043380737, "accuracy": 44.233027732797936}
{"phase": "train", "iteration": 300, "loss": 2.810777989625931, "accuracy": 44.41670967722561}
{"phase": "train", "iteration": 350, "loss": 2.811756936822619, "accuracy": 44.458652461339796}
{"epoch": 50, "learning_rate": 0.0002, "next_learning_rate": 0.0002, "learning_rates": {"all": 0.0002}, "next_learning_rates": {"all": 0.0002}, "train_loss": 2.8150208590189614, "train_accuracy": 44.38894506141043, "train_samples": 45000, "train_seconds": 47.86875057220459, "val_loss": 2.063340824508667, "val_accuracy": 59.64, "val_samples": 5000, "val_seconds": 2.0777928829193115, "best_validation_accuracy": 59.64, "best_epoch": 50, "epochs_without_improvement": 0}




Epoch == 51
{"phase": "train", "iteration": 50, "loss": 2.8022183108329775, "accuracy": 45.28597991313999}
{"phase": "train", "iteration": 100, "loss": 2.847281060218811, "accuracy": 43.67634273777737}
{"phase": "train", "iteration": 150, "loss": 2.849374997615814, "accuracy": 43.59994523400593}
{"phase": "train", "iteration": 200, "loss": 2.9022637182474136, "accuracy": 42.173097938132095}
{"phase": "train", "iteration": 250, "loss": 2.9031843600273133, "accuracy": 42.11467013888997}
{"phase": "train", "iteration": 300, "loss": 2.9122530388832093, "accuracy": 41.88592134414294}
{"phase": "train", "iteration": 350, "loss": 2.9128044053486417, "accuracy": 41.84361831337475}
{"epoch": 51, "learning_rate": 0.0002, "next_learning_rate": 0.0002, "learning_rates": {"all": 0.0002}, "next_learning_rates": {"all": 0.0002}, "train_loss": 2.9140640697055393, "train_accuracy": 41.81387483902362, "train_samples": 45000, "train_seconds": 47.5566349029541, "val_loss": 2.046414242553711, "val_accuracy": 59.92, "val_samples": 5000, "val_seconds": 2.0951907634735107, "best_validation_accuracy": 59.92, "best_epoch": 51, "epochs_without_improvement": 0}




Epoch == 52
{"phase": "train", "iteration": 50, "loss": 2.83004821062088, "accuracy": 43.82153996508753}
{"phase": "train", "iteration": 100, "loss": 2.7830664849281312, "accuracy": 45.15038133504976}
{"phase": "train", "iteration": 150, "loss": 2.8265676633516947, "accuracy": 43.934820251644496}
{"phase": "train", "iteration": 200, "loss": 2.824314867258072, "accuracy": 43.85692818989541}
{"phase": "train", "iteration": 250, "loss": 2.8150845375061033, "accuracy": 44.09679693785079}
{"phase": "train", "iteration": 300, "loss": 2.8133096647262574, "accuracy": 44.356674746932136}
{"phase": "train", "iteration": 350, "loss": 2.822716803891318, "accuracy": 44.14559566237438}
{"epoch": 52, "learning_rate": 0.0002, "next_learning_rate": 0.0002, "learning_rates": {"all": 0.0002}, "next_learning_rates": {"all": 0.0002}, "train_loss": 2.820301823510064, "train_accuracy": 44.20107702891882, "train_samples": 45000, "train_seconds": 47.926995515823364, "val_loss": 2.0299274826049807, "val_accuracy": 60.46, "val_samples": 5000, "val_seconds": 2.0791125297546387, "best_validation_accuracy": 60.46, "best_epoch": 52, "epochs_without_improvement": 0}




Epoch == 53
{"phase": "train", "iteration": 50, "loss": 2.720843820571899, "accuracy": 47.36588291642635}
{"phase": "train", "iteration": 100, "loss": 2.665627645254135, "accuracy": 48.80704063236371}
{"phase": "train", "iteration": 150, "loss": 2.6759944772720337, "accuracy": 48.4969718549265}
{"phase": "train", "iteration": 200, "loss": 2.699205017089844, "accuracy": 47.67192721820008}
{"phase": "train", "iteration": 250, "loss": 2.7240682158470153, "accuracy": 46.95023971638442}
{"phase": "train", "iteration": 300, "loss": 2.7653240279356637, "accuracy": 45.84937481056268}
{"phase": "train", "iteration": 350, "loss": 2.7679703395707267, "accuracy": 45.8488279923953}
{"epoch": 53, "learning_rate": 0.0002, "next_learning_rate": 0.0002, "learning_rates": {"all": 0.0002}, "next_learning_rates": {"all": 0.0002}, "train_loss": 2.7690572759628296, "train_accuracy": 45.838453131006894, "train_samples": 45000, "train_seconds": 47.8412926197052, "val_loss": 2.0135678001403807, "val_accuracy": 60.6, "val_samples": 5000, "val_seconds": 2.0794594287872314, "best_validation_accuracy": 60.6, "best_epoch": 53, "epochs_without_improvement": 0}




Epoch == 54
{"phase": "train", "iteration": 50, "loss": 2.8790817427635194, "accuracy": 42.674104758344214}
{"phase": "train", "iteration": 100, "loss": 2.771914051771164, "accuracy": 45.767345630636015}
{"phase": "train", "iteration": 150, "loss": 2.772292796770732, "accuracy": 45.979042504572135}
{"phase": "train", "iteration": 200, "loss": 2.7797711843252184, "accuracy": 45.88539929378524}
{"phase": "train", "iteration": 250, "loss": 2.7865304803848265, "accuracy": 45.737575465829636}
{"phase": "train", "iteration": 300, "loss": 2.7720682259400684, "accuracy": 46.142337599601035}
{"phase": "train", "iteration": 350, "loss": 2.779001520361219, "accuracy": 45.97323900493809}
{"epoch": 54, "learning_rate": 0.0002, "next_learning_rate": 0.0002, "learning_rates": {"all": 0.0002}, "next_learning_rates": {"all": 0.0002}, "train_loss": 2.780124768363105, "train_accuracy": 45.93553676213836, "train_samples": 45000, "train_seconds": 47.56391716003418, "val_loss": 1.998345711517334, "val_accuracy": 61.08, "val_samples": 5000, "val_seconds": 2.078737497329712, "best_validation_accuracy": 61.08, "best_epoch": 54, "epochs_without_improvement": 0}




Epoch == 55
{"phase": "train", "iteration": 50, "loss": 2.8630763912200927, "accuracy": 44.00183371407271}
{"phase": "train", "iteration": 100, "loss": 2.8453572118282318, "accuracy": 44.00417499890843}
{"phase": "train", "iteration": 150, "loss": 2.824391541481018, "accuracy": 44.491711831274586}
{"phase": "train", "iteration": 200, "loss": 2.8244201409816743, "accuracy": 44.375724716028344}
{"phase": "train", "iteration": 250, "loss": 2.797428425312042, "accuracy": 44.98488196926241}
{"phase": "train", "iteration": 300, "loss": 2.783380651473999, "accuracy": 45.40234080406363}
{"phase": "train", "iteration": 350, "loss": 2.78877259186336, "accuracy": 45.251886336566656}
{"epoch": 55, "learning_rate": 0.0002, "next_learning_rate": 0.0002, "learning_rates": {"all": 0.0002}, "next_learning_rates": {"all": 0.0002}, "train_loss": 2.789665134853787, "train_accuracy": 45.22626597366809, "train_samples": 45000, "train_seconds": 47.334476709365845, "val_loss": 1.9835195178985596, "val_accuracy": 61.74, "val_samples": 5000, "val_seconds": 2.0866806507110596, "best_validation_accuracy": 61.74, "best_epoch": 55, "epochs_without_improvement": 0}




Epoch == 56
{"phase": "train", "iteration": 50, "loss": 2.824603672027588, "accuracy": 45.20221645163765}
{"phase": "train", "iteration": 100, "loss": 2.7556901180744173, "accuracy": 46.64112496867873}
{"phase": "train", "iteration": 150, "loss": 2.7925755381584167, "accuracy": 45.72293922946596}
{"phase": "train", "iteration": 200, "loss": 2.785819443464279, "accuracy": 45.77048610259311}
{"phase": "train", "iteration": 250, "loss": 2.7582259912490845, "accuracy": 46.353659891123044}
{"phase": "train", "iteration": 300, "loss": 2.7768225248654685, "accuracy": 45.91126418500067}
{"phase": "train", "iteration": 350, "loss": 2.805191056387765, "accuracy": 45.16419921276786}
{"epoch": 56, "learning_rate": 0.0002, "next_learning_rate": 0.0002, "learning_rates": {"all": 0.0002}, "next_learning_rates": {"all": 0.0002}, "train_loss": 2.805865825229221, "train_accuracy": 45.14155103571112, "train_samples": 45000, "train_seconds": 47.42197585105896, "val_loss": 1.9698801288604737, "val_accuracy": 62.26, "val_samples": 5000, "val_seconds": 2.0756895542144775, "best_validation_accuracy": 62.26, "best_epoch": 56, "epochs_without_improvement": 0}




Epoch == 57
{"phase": "train", "iteration": 50, "loss": 2.698467233181, "accuracy": 47.85590624116699}
{"phase": "train", "iteration": 100, "loss": 2.7518371856212616, "accuracy": 46.45427364982598}
{"phase": "train", "iteration": 150, "loss": 2.731955134073893, "accuracy": 47.01959805702879}
{"phase": "train", "iteration": 200, "loss": 2.705869507789612, "accuracy": 47.57672024436788}
{"phase": "train", "iteration": 250, "loss": 2.7270120697021483, "accuracy": 47.12278056916555}
{"phase": "train", "iteration": 300, "loss": 2.708017455339432, "accuracy": 47.49634138433445}
{"phase": "train", "iteration": 350, "loss": 2.711941898550306, "accuracy": 47.450488344476526}
{"epoch": 57, "learning_rate": 0.0002, "next_learning_rate": 0.0002, "learning_rates": {"all": 0.0002}, "next_learning_rates": {"all": 0.0002}, "train_loss": 2.714196118418376, "train_accuracy": 47.41527436850107, "train_samples": 45000, "train_seconds": 47.27708888053894, "val_loss": 1.956590030670166, "val_accuracy": 62.54, "val_samples": 5000, "val_seconds": 2.0779659748077393, "best_validation_accuracy": 62.54, "best_epoch": 57, "epochs_without_improvement": 0}




Epoch == 58
{"phase": "train", "iteration": 50, "loss": 2.800451910495758, "accuracy": 45.50217545421766}
{"phase": "train", "iteration": 100, "loss": 2.7425351536273954, "accuracy": 46.39471145497213}
{"phase": "train", "iteration": 150, "loss": 2.756238349278768, "accuracy": 46.102170202934246}
{"phase": "train", "iteration": 200, "loss": 2.705135642290115, "accuracy": 47.32252071878113}
{"phase": "train", "iteration": 250, "loss": 2.6736332564353944, "accuracy": 48.106715393784064}
{"phase": "train", "iteration": 300, "loss": 2.6785744321346283, "accuracy": 48.06450849994987}
{"phase": "train", "iteration": 350, "loss": 2.676181940351214, "accuracy": 48.12008547409287}
{"epoch": 58, "learning_rate": 0.0002, "next_learning_rate": 0.0002, "learning_rates": {"all": 0.0002}, "next_learning_rates": {"all": 0.0002}, "train_loss": 2.6796604629516603, "train_accuracy": 48.047997195367444, "train_samples": 45000, "train_seconds": 47.51882314682007, "val_loss": 1.9437116386413573, "val_accuracy": 62.86, "val_samples": 5000, "val_seconds": 2.072336196899414, "best_validation_accuracy": 62.86, "best_epoch": 58, "epochs_without_improvement": 0}




Epoch == 59
{"phase": "train", "iteration": 50, "loss": 2.738100826740265, "accuracy": 47.700055281971416}
{"phase": "train", "iteration": 100, "loss": 2.654180511236191, "accuracy": 49.666334960259206}
{"phase": "train", "iteration": 150, "loss": 2.7314113998413085, "accuracy": 47.51851263701906}
{"phase": "train", "iteration": 200, "loss": 2.707511721253395, "accuracy": 48.02809497957494}
{"phase": "train", "iteration": 250, "loss": 2.7080358066558836, "accuracy": 47.99149122361906}
{"phase": "train", "iteration": 300, "loss": 2.721459915240606, "accuracy": 47.53311883545678}
{"phase": "train", "iteration": 350, "loss": 2.7259462302071706, "accuracy": 47.36721371646389}
{"epoch": 59, "learning_rate": 0.0002, "next_learning_rate": 0.0002, "learning_rates": {"all": 0.0002}, "next_learning_rates": {"all": 0.0002}, "train_loss": 2.7239219254387748, "train_accuracy": 47.41693940446051, "train_samples": 45000, "train_seconds": 47.201953411102295, "val_loss": 1.9315362287521363, "val_accuracy": 63.16, "val_samples": 5000, "val_seconds": 2.0742220878601074, "best_validation_accuracy": 63.16, "best_epoch": 59, "epochs_without_improvement": 0}




Epoch == 60
{"phase": "train", "iteration": 50, "loss": 2.6385992264747617, "accuracy": 49.75818745245095}
{"phase": "train", "iteration": 100, "loss": 2.594667086601257, "accuracy": 50.93541688639595}
{"phase": "train", "iteration": 150, "loss": 2.623649146556854, "accuracy": 49.963281108110756}
{"phase": "train", "iteration": 200, "loss": 2.6355476069450376, "accuracy": 49.48831309047237}
{"phase": "train", "iteration": 250, "loss": 2.680444829463959, "accuracy": 48.479698548288155}
{"phase": "train", "iteration": 300, "loss": 2.6534847418467202, "accuracy": 49.102968215757606}
{"phase": "train", "iteration": 350, "loss": 2.6715316544260297, "accuracy": 48.605363907774006}
{"epoch": 60, "learning_rate": 0.0002, "next_learning_rate": 0.0002, "learning_rates": {"all": 0.0002}, "next_learning_rates": {"all": 0.0002}, "train_loss": 2.670096793789334, "train_accuracy": 48.65306592259057, "train_samples": 45000, "train_seconds": 47.548893451690674, "val_loss": 1.9199813594818116, "val_accuracy": 63.54, "val_samples": 5000, "val_seconds": 2.0709283351898193, "best_validation_accuracy": 63.54, "best_epoch": 60, "epochs_without_improvement": 0}




Epoch == 61
{"phase": "train", "iteration": 50, "loss": 2.6633130002021788, "accuracy": 48.57080182627039}
{"phase": "train", "iteration": 100, "loss": 2.6887677121162414, "accuracy": 48.17655780279335}
{"phase": "train", "iteration": 150, "loss": 2.6778411587079365, "accuracy": 48.46877068284031}
{"phase": "train", "iteration": 200, "loss": 2.6766987299919127, "accuracy": 48.52993778461369}
{"phase": "train", "iteration": 250, "loss": 2.6950280318260194, "accuracy": 47.92230437414045}
{"phase": "train", "iteration": 300, "loss": 2.693937084674835, "accuracy": 47.97385576582631}
{"phase": "train", "iteration": 350, "loss": 2.707459567274366, "accuracy": 47.54968481090368}
{"epoch": 61, "learning_rate": 0.0002, "next_learning_rate": 0.0002, "learning_rates": {"all": 0.0002}, "next_learning_rates": {"all": 0.0002}, "train_loss": 2.70826649339464, "train_accuracy": 47.526547322855215, "train_samples": 45000, "train_seconds": 47.6144585609436, "val_loss": 1.908885980987549, "val_accuracy": 63.78, "val_samples": 5000, "val_seconds": 2.070162296295166, "best_validation_accuracy": 63.78, "best_epoch": 61, "epochs_without_improvement": 0}




Epoch == 62
{"phase": "train", "iteration": 50, "loss": 2.670797052383423, "accuracy": 48.98385200535265}
{"phase": "train", "iteration": 100, "loss": 2.624295153617859, "accuracy": 50.32179455179048}
{"phase": "train", "iteration": 150, "loss": 2.6192120734850564, "accuracy": 50.418243578596034}
{"phase": "train", "iteration": 200, "loss": 2.672160030603409, "accuracy": 48.887040128565474}
{"phase": "train", "iteration": 250, "loss": 2.682203869342804, "accuracy": 48.563668745732464}
{"phase": "train", "iteration": 300, "loss": 2.6982286806901294, "accuracy": 48.12416197212656}
{"phase": "train", "iteration": 350, "loss": 2.676771285533905, "accuracy": 48.591782283943225}
{"epoch": 62, "learning_rate": 0.0002, "next_learning_rate": 0.0002, "learning_rates": {"all": 0.0002}, "next_learning_rates": {"all": 0.0002}, "train_loss": 2.6739226727803547, "train_accuracy": 48.66054114039393, "train_samples": 45000, "train_seconds": 47.56753325462341, "val_loss": 1.8980411891937257, "val_accuracy": 64.26, "val_samples": 5000, "val_seconds": 2.0718443393707275, "best_validation_accuracy": 64.26, "best_epoch": 62, "epochs_without_improvement": 0}




Epoch == 63
{"phase": "train", "iteration": 50, "loss": 2.704274470806122, "accuracy": 48.47123916856801}
{"phase": "train", "iteration": 100, "loss": 2.6889978146553037, "accuracy": 48.457489270032895}
{"phase": "train", "iteration": 150, "loss": 2.701959719657898, "accuracy": 48.17135572824105}
{"phase": "train", "iteration": 200, "loss": 2.7516538965702058, "accuracy": 46.856409327020835}
{"phase": "train", "iteration": 250, "loss": 2.7181931200027467, "accuracy": 47.64145887168636}
{"phase": "train", "iteration": 300, "loss": 2.70945027589798, "accuracy": 48.03427581424023}
{"phase": "train", "iteration": 350, "loss": 2.719485264505659, "accuracy": 47.89252930470922}
{"epoch": 63, "learning_rate": 0.0002, "next_learning_rate": 0.0002, "learning_rates": {"all": 0.0002}, "next_learning_rates": {"all": 0.0002}, "train_loss": 2.7182180167304146, "train_accuracy": 47.89860433674679, "train_samples": 45000, "train_seconds": 47.52987885475159, "val_loss": 1.8875513721466064, "val_accuracy": 64.66, "val_samples": 5000, "val_seconds": 2.076436996459961, "best_validation_accuracy": 64.66, "best_epoch": 63, "epochs_without_improvement": 0}




Epoch == 64
{"phase": "train", "iteration": 50, "loss": 2.4859157967567445, "accuracy": 54.6434532011361}
{"phase": "train", "iteration": 100, "loss": 2.6370742356777193, "accuracy": 50.77220109462335}
{"phase": "train", "iteration": 150, "loss": 2.6661694757143657, "accuracy": 49.3875948557565}
{"phase": "train", "iteration": 200, "loss": 2.6597589921951292, "accuracy": 49.56509333957239}
{"phase": "train", "iteration": 250, "loss": 2.6552459716796877, "accuracy": 49.51090885941675}
{"phase": "train", "iteration": 300, "loss": 2.659970982869466, "accuracy": 49.26325179969773}
{"phase": "train", "iteration": 350, "loss": 2.6864631267956325, "accuracy": 48.4442250196703}
{"epoch": 64, "learning_rate": 0.0002, "next_learning_rate": 0.0002, "learning_rates": {"all": 0.0002}, "next_learning_rates": {"all": 0.0002}, "train_loss": 2.688521552488539, "train_accuracy": 48.40627706386236, "train_samples": 45000, "train_seconds": 48.436270236968994, "val_loss": 1.87734532623291, "val_accuracy": 65.22, "val_samples": 5000, "val_seconds": 2.151860237121582, "best_validation_accuracy": 65.22, "best_epoch": 64, "epochs_without_improvement": 0}




Epoch == 65
{"phase": "train", "iteration": 50, "loss": 2.72087256193161, "accuracy": 48.348067145010965}
{"phase": "train", "iteration": 100, "loss": 2.6382651436328888, "accuracy": 50.06375656716341}
{"phase": "train", "iteration": 150, "loss": 2.6450800919532775, "accuracy": 50.03026684592895}
{"phase": "train", "iteration": 200, "loss": 2.6762503838539122, "accuracy": 49.08540212982496}
{"phase": "train", "iteration": 250, "loss": 2.727208686351776, "accuracy": 47.737534530881184}
{"phase": "train", "iteration": 300, "loss": 2.7249106899897257, "accuracy": 47.73890785624322}
{"phase": "train", "iteration": 350, "loss": 2.7046642017364504, "accuracy": 48.169994108986295}
{"epoch": 65, "learning_rate": 0.0002, "next_learning_rate": 0.0002, "learning_rates": {"all": 0.0002}, "next_learning_rates": {"all": 0.0002}, "train_loss": 2.701587464989556, "train_accuracy": 48.248070826084216, "train_samples": 45000, "train_seconds": 48.4578652381897, "val_loss": 1.8676721496582032, "val_accuracy": 65.48, "val_samples": 5000, "val_seconds": 1.956223964691162, "best_validation_accuracy": 65.48, "best_epoch": 65, "epochs_without_improvement": 0}




Epoch == 66
{"phase": "train", "iteration": 50, "loss": 2.3995602917671204, "accuracy": 55.99209837231614}
{"phase": "train", "iteration": 100, "loss": 2.6468208396434783, "accuracy": 49.666836889092174}
{"phase": "train", "iteration": 150, "loss": 2.6926362268129984, "accuracy": 48.23086769008993}
{"phase": "train", "iteration": 200, "loss": 2.6630466884374617, "accuracy": 48.99263743777876}
{"phase": "train", "iteration": 250, "loss": 2.652171130180359, "accuracy": 49.36240186856097}
{"phase": "train", "iteration": 300, "loss": 2.6505033294359843, "accuracy": 49.444901014041854}
{"phase": "train", "iteration": 350, "loss": 2.6675529619625635, "accuracy": 48.99661115051775}
{"epoch": 66, "learning_rate": 0.0002, "next_learning_rate": 0.0002, "learning_rates": {"all": 0.0002}, "next_learning_rates": {"all": 0.0002}, "train_loss": 2.6684026653501722, "train_accuracy": 48.976122225825726, "train_samples": 45000, "train_seconds": 44.433393478393555, "val_loss": 1.8586201126098634, "val_accuracy": 65.74, "val_samples": 5000, "val_seconds": 1.951733112335205, "best_validation_accuracy": 65.74, "best_epoch": 66, "epochs_without_improvement": 0}




Epoch == 67
{"phase": "train", "iteration": 50, "loss": 2.741399154663086, "accuracy": 47.16265023794819}
{"phase": "train", "iteration": 100, "loss": 2.663705470561981, "accuracy": 49.47999825574024}
{"phase": "train", "iteration": 150, "loss": 2.604679924647013, "accuracy": 50.979129033468716}
{"phase": "train", "iteration": 200, "loss": 2.6253634917736055, "accuracy": 50.59337783123808}
{"phase": "train", "iteration": 250, "loss": 2.6609280734062195, "accuracy": 49.636163042292395}
{"phase": "train", "iteration": 300, "loss": 2.6599882133801778, "accuracy": 49.60003180487267}
{"phase": "train", "iteration": 350, "loss": 2.692194285392761, "accuracy": 48.7377525662093}
{"epoch": 67, "learning_rate": 0.0002, "next_learning_rate": 0.0002, "learning_rates": {"all": 0.0002}, "next_learning_rates": {"all": 0.0002}, "train_loss": 2.6908005249447293, "train_accuracy": 48.77182625120263, "train_samples": 45000, "train_seconds": 44.290481090545654, "val_loss": 1.849904458618164, "val_accuracy": 65.9, "val_samples": 5000, "val_seconds": 1.959052324295044, "best_validation_accuracy": 65.9, "best_epoch": 67, "epochs_without_improvement": 0}




Epoch == 68
{"phase": "train", "iteration": 50, "loss": 2.6847823691368102, "accuracy": 49.39814093874266}
{"phase": "train", "iteration": 100, "loss": 2.658080826997757, "accuracy": 49.76049162350785}
{"phase": "train", "iteration": 150, "loss": 2.6310418168703715, "accuracy": 50.23683288589914}
{"phase": "train", "iteration": 200, "loss": 2.6193807244300844, "accuracy": 50.53093542049832}
{"phase": "train", "iteration": 250, "loss": 2.6468922190666198, "accuracy": 49.892900311442034}
{"phase": "train", "iteration": 300, "loss": 2.628846524556478, "accuracy": 50.31630441701684}
{"phase": "train", "iteration": 350, "loss": 2.6419795789037432, "accuracy": 50.00119589505252}
{"epoch": 68, "learning_rate": 0.0002, "next_learning_rate": 0.0002, "learning_rates": {"all": 0.0002}, "next_learning_rates": {"all": 0.0002}, "train_loss": 2.641076676474677, "train_accuracy": 50.030977189355, "train_samples": 45000, "train_seconds": 44.38519287109375, "val_loss": 1.8414895923614503, "val_accuracy": 66.08, "val_samples": 5000, "val_seconds": 1.9565186500549316, "best_validation_accuracy": 66.08, "best_epoch": 68, "epochs_without_improvement": 0}




Epoch == 69
{"phase": "train", "iteration": 50, "loss": 2.7515472316741945, "accuracy": 46.696428547895685}
{"phase": "train", "iteration": 100, "loss": 2.757758762836456, "accuracy": 46.576061492096024}
{"phase": "train", "iteration": 150, "loss": 2.7136052950223286, "accuracy": 47.95828763747504}
{"phase": "train", "iteration": 200, "loss": 2.7035329723358155, "accuracy": 48.10181492763842}
{"phase": "train", "iteration": 250, "loss": 2.683101547718048, "accuracy": 48.591431394479315}
{"phase": "train", "iteration": 300, "loss": 2.680892315308253, "accuracy": 48.6823347438361}
{"phase": "train", "iteration": 350, "loss": 2.681704569884709, "accuracy": 48.69432882012366}
{"epoch": 69, "learning_rate": 0.0002, "next_learning_rate": 0.0002, "learning_rates": {"all": 0.0002}, "next_learning_rates": {"all": 0.0002}, "train_loss": 2.6798524925231932, "train_accuracy": 48.74099117814533, "train_samples": 45000, "train_seconds": 44.16625213623047, "val_loss": 1.8335531730651855, "val_accuracy": 66.38, "val_samples": 5000, "val_seconds": 1.9593276977539062, "best_validation_accuracy": 66.38, "best_epoch": 69, "epochs_without_improvement": 0}




Epoch == 70
{"phase": "train", "iteration": 50, "loss": 2.6426186466217043, "accuracy": 50.57005367180407}
{"phase": "train", "iteration": 100, "loss": 2.685468084812164, "accuracy": 49.16170845755972}
{"phase": "train", "iteration": 150, "loss": 2.6585902182261147, "accuracy": 49.76556923386717}
{"phase": "train", "iteration": 200, "loss": 2.6986722666025162, "accuracy": 48.699715174908576}
{"phase": "train", "iteration": 250, "loss": 2.7062410569190978, "accuracy": 48.330864115381104}
{"phase": "train", "iteration": 300, "loss": 2.7008030366897584, "accuracy": 48.34682386726573}
{"phase": "train", "iteration": 350, "loss": 2.703346995966775, "accuracy": 48.35301334617403}
{"epoch": 70, "learning_rate": 0.0002, "next_learning_rate": 0.0002, "learning_rates": {"all": 0.0002}, "next_learning_rates": {"all": 0.0002}, "train_loss": 2.706712687386407, "train_accuracy": 48.25784605405477, "train_samples": 45000, "train_seconds": 44.45914673805237, "val_loss": 1.826018399810791, "val_accuracy": 66.78, "val_samples": 5000, "val_seconds": 1.9564001560211182, "best_validation_accuracy": 66.78, "best_epoch": 70, "epochs_without_improvement": 0}




Epoch == 71
{"phase": "train", "iteration": 50, "loss": 2.635699784755707, "accuracy": 49.71525677077679}
{"phase": "train", "iteration": 100, "loss": 2.7102728259563444, "accuracy": 47.93267740361567}
{"phase": "train", "iteration": 150, "loss": 2.6463206664721173, "accuracy": 49.60427550827405}
{"phase": "train", "iteration": 200, "loss": 2.646300523877144, "accuracy": 49.98074152533805}
{"phase": "train", "iteration": 250, "loss": 2.655247787952423, "accuracy": 49.74276856045735}
{"phase": "train", "iteration": 300, "loss": 2.638707788387934, "accuracy": 50.18508890744734}
{"phase": "train", "iteration": 350, "loss": 2.6594603088923865, "accuracy": 49.615634455230676}
{"epoch": 71, "learning_rate": 0.0002, "next_learning_rate": 0.0002, "learning_rates": {"all": 0.0002}, "next_learning_rates": {"all": 0.0002}, "train_loss": 2.660329351509942, "train_accuracy": 49.61182191320743, "train_samples": 45000, "train_seconds": 44.160871744155884, "val_loss": 1.8191523021697997, "val_accuracy": 67.1, "val_samples": 5000, "val_seconds": 1.9547438621520996, "best_validation_accuracy": 67.1, "best_epoch": 71, "epochs_without_improvement": 0}




Epoch == 72
{"phase": "train", "iteration": 50, "loss": 2.701515655517578, "accuracy": 48.826883642221986}
{"phase": "train", "iteration": 100, "loss": 2.6436090838909148, "accuracy": 50.01161734526821}
{"phase": "train", "iteration": 150, "loss": 2.6209024834632872, "accuracy": 50.68159014921532}
{"phase": "train", "iteration": 200, "loss": 2.601269298195839, "accuracy": 51.21763769634979}
{"phase": "train", "iteration": 250, "loss": 2.620195097446442, "accuracy": 50.64774516014498}
{"phase": "train", "iteration": 300, "loss": 2.621989965836207, "accuracy": 50.68792206315988}
{"phase": "train", "iteration": 350, "loss": 2.6090629012244086, "accuracy": 51.07020747248565}
{"epoch": 72, "learning_rate": 0.0002, "next_learning_rate": 0.0002, "learning_rates": {"all": 0.0002}, "next_learning_rates": {"all": 0.0002}, "train_loss": 2.605863221422831, "train_accuracy": 51.162334500133476, "train_samples": 45000, "train_seconds": 44.3602979183197, "val_loss": 1.8120935373306275, "val_accuracy": 67.4, "val_samples": 5000, "val_seconds": 1.9656906127929688, "best_validation_accuracy": 67.4, "best_epoch": 72, "epochs_without_improvement": 0}




Epoch == 73
{"phase": "train", "iteration": 50, "loss": 2.735400421619415, "accuracy": 48.80530722756345}
{"phase": "train", "iteration": 100, "loss": 2.654142229557037, "accuracy": 50.21311942711939}
{"phase": "train", "iteration": 150, "loss": 2.6765643445650737, "accuracy": 49.30636329923686}
{"phase": "train", "iteration": 200, "loss": 2.656757038831711, "accuracy": 49.92684960011446}
{"phase": "train", "iteration": 250, "loss": 2.6427392382621764, "accuracy": 50.25781779680658}
{"phase": "train", "iteration": 300, "loss": 2.676144230365753, "accuracy": 49.29457322140339}
{"phase": "train", "iteration": 350, "loss": 2.6663830975123815, "accuracy": 49.424631403214775}
{"epoch": 73, "learning_rate": 0.0002, "next_learning_rate": 0.0002, "learning_rates": {"all": 0.0002}, "next_learning_rates": {"all": 0.0002}, "train_loss": 2.6679153612772626, "train_accuracy": 49.38538738170049, "train_samples": 45000, "train_seconds": 44.50133204460144, "val_loss": 1.8052452451705934, "val_accuracy": 67.56, "val_samples": 5000, "val_seconds": 1.9571397304534912, "best_validation_accuracy": 67.56, "best_epoch": 73, "epochs_without_improvement": 0}




Epoch == 74
{"phase": "train", "iteration": 50, "loss": 2.7604283618927004, "accuracy": 46.8973887140032}
{"phase": "train", "iteration": 100, "loss": 2.7573774814605714, "accuracy": 46.66525025580452}
{"phase": "train", "iteration": 150, "loss": 2.722484596570333, "accuracy": 47.65791949768931}
{"phase": "train", "iteration": 200, "loss": 2.6927301692962646, "accuracy": 48.58364425424824}
{"phase": "train", "iteration": 250, "loss": 2.683451063156128, "accuracy": 48.854955375235456}
{"phase": "train", "iteration": 300, "loss": 2.660744169950485, "accuracy": 49.53579486922017}
{"phase": "train", "iteration": 350, "loss": 2.6271596646308897, "accuracy": 50.577943664316585}
{"epoch": 74, "learning_rate": 0.0002, "next_learning_rate": 0.0002, "learning_rates": {"all": 0.0002}, "next_learning_rates": {"all": 0.0002}, "train_loss": 2.6283566257476805, "train_accuracy": 50.542785329932926, "train_samples": 45000, "train_seconds": 44.20338797569275, "val_loss": 1.7986189992904662, "val_accuracy": 67.98, "val_samples": 5000, "val_seconds": 1.9587852954864502, "best_validation_accuracy": 67.98, "best_epoch": 74, "epochs_without_improvement": 0}




Epoch == 75
{"phase": "train", "iteration": 50, "loss": 2.5657510495185853, "accuracy": 53.23324716421901}
{"phase": "train", "iteration": 100, "loss": 2.5296551966667176, "accuracy": 53.748359531059926}
{"phase": "train", "iteration": 150, "loss": 2.5907276185353596, "accuracy": 52.05101919024857}
{"phase": "train", "iteration": 200, "loss": 2.5671820145845414, "accuracy": 52.49339409802473}
{"phase": "train", "iteration": 250, "loss": 2.5692377624511717, "accuracy": 52.38576370337226}
{"phase": "train", "iteration": 300, "loss": 2.5592083668708803, "accuracy": 52.60441640734505}
{"phase": "train", "iteration": 350, "loss": 2.567148324421474, "accuracy": 52.29460238250648}
{"epoch": 75, "learning_rate": 0.0002, "next_learning_rate": 0.0002, "learning_rates": {"all": 0.0002}, "next_learning_rates": {"all": 0.0002}, "train_loss": 2.5668264218648273, "train_accuracy": 52.31077906300731, "train_samples": 45000, "train_seconds": 44.48943758010864, "val_loss": 1.7919791801452636, "val_accuracy": 68.18, "val_samples": 5000, "val_seconds": 1.959294319152832, "best_validation_accuracy": 68.18, "best_epoch": 75, "epochs_without_improvement": 0}




Epoch == 76
{"phase": "train", "iteration": 50, "loss": 2.4919915890693662, "accuracy": 53.86242068844704}
{"phase": "train", "iteration": 100, "loss": 2.4598151993751527, "accuracy": 55.011860037369736}
{"phase": "train", "iteration": 150, "loss": 2.5559670186042784, "accuracy": 52.48184393849168}
{"phase": "train", "iteration": 200, "loss": 2.5955579513311386, "accuracy": 51.633274305219395}
{"phase": "train", "iteration": 250, "loss": 2.6107148666381836, "accuracy": 51.305102852422166}
{"phase": "train", "iteration": 300, "loss": 2.611731893618902, "accuracy": 51.29385779281395}
{"phase": "train", "iteration": 350, "loss": 2.582232720170702, "accuracy": 52.12009504883779}
{"epoch": 76, "learning_rate": 0.0002, "next_learning_rate": 0.0002, "learning_rates": {"all": 0.0002}, "next_learning_rates": {"all": 0.0002}, "train_loss": 2.5848754440307617, "train_accuracy": 52.06737949998159, "train_samples": 45000, "train_seconds": 44.45195722579956, "val_loss": 1.7857006038665773, "val_accuracy": 68.42, "val_samples": 5000, "val_seconds": 1.9443604946136475, "best_validation_accuracy": 68.42, "best_epoch": 76, "epochs_without_improvement": 0}




Epoch == 77
{"phase": "train", "iteration": 50, "loss": 2.4984198093414305, "accuracy": 53.29798967246714}
{"phase": "train", "iteration": 100, "loss": 2.5625105345249177, "accuracy": 52.1008193178439}
{"phase": "train", "iteration": 150, "loss": 2.6451371105511985, "accuracy": 49.74697566703546}
{"phase": "train", "iteration": 200, "loss": 2.6499042707681655, "accuracy": 49.820252356117344}
{"phase": "train", "iteration": 250, "loss": 2.666370933532715, "accuracy": 49.43557991636016}
{"phase": "train", "iteration": 300, "loss": 2.66112381140391, "accuracy": 49.51283139780523}
{"phase": "train", "iteration": 350, "loss": 2.66546339069094, "accuracy": 49.47138647143651}
{"epoch": 77, "learning_rate": 0.0002, "next_learning_rate": 0.0002, "learning_rates": {"all": 0.0002}, "next_learning_rates": {"all": 0.0002}, "train_loss": 2.663234011586507, "train_accuracy": 49.5194187378154, "train_samples": 45000, "train_seconds": 44.355592489242554, "val_loss": 1.7797690357208251, "val_accuracy": 68.48, "val_samples": 5000, "val_seconds": 1.9638259410858154, "best_validation_accuracy": 68.48, "best_epoch": 77, "epochs_without_improvement": 0}




Epoch == 78
{"phase": "train", "iteration": 50, "loss": 2.461165130138397, "accuracy": 55.14796216587549}
{"phase": "train", "iteration": 100, "loss": 2.525460705757141, "accuracy": 53.76900667318918}
{"phase": "train", "iteration": 150, "loss": 2.533140831788381, "accuracy": 53.57187382877658}
{"phase": "train", "iteration": 200, "loss": 2.537178470492363, "accuracy": 53.413481671306364}
{"phase": "train", "iteration": 250, "loss": 2.569904987812042, "accuracy": 52.46336801811457}
{"phase": "train", "iteration": 300, "loss": 2.584763710896174, "accuracy": 52.16313929025781}
{"phase": "train", "iteration": 350, "loss": 2.5491335810933795, "accuracy": 52.999786773468365}
{"epoch": 78, "learning_rate": 0.0002, "next_learning_rate": 0.0002, "learning_rates": {"all": 0.0002}, "next_learning_rates": {"all": 0.0002}, "train_loss": 2.5511192824893527, "train_accuracy": 52.94681887587407, "train_samples": 45000, "train_seconds": 44.18655490875244, "val_loss": 1.7738480339050293, "val_accuracy": 68.64, "val_samples": 5000, "val_seconds": 1.95601224899292, "best_validation_accuracy": 68.64, "best_epoch": 78, "epochs_without_improvement": 0}




Epoch == 79
{"phase": "train", "iteration": 50, "loss": 2.762354257106781, "accuracy": 47.09908982695296}
{"phase": "train", "iteration": 100, "loss": 2.714041520357132, "accuracy": 48.160022851911656}
{"phase": "train", "iteration": 150, "loss": 2.6263666343688965, "accuracy": 50.67699554203195}
{"phase": "train", "iteration": 200, "loss": 2.5811791855096815, "accuracy": 51.93150380361035}
{"phase": "train", "iteration": 250, "loss": 2.5553830604553225, "accuracy": 52.63276937800879}
{"phase": "train", "iteration": 300, "loss": 2.603587909936905, "accuracy": 51.20918092561449}
{"phase": "train", "iteration": 350, "loss": 2.5881246992519924, "accuracy": 51.636494478338555}
{"epoch": 79, "learning_rate": 0.0002, "next_learning_rate": 0.0002, "learning_rates": {"all": 0.0002}, "next_learning_rates": {"all": 0.0002}, "train_loss": 2.5881971032036675, "train_accuracy": 51.64930833082855, "train_samples": 45000, "train_seconds": 44.70193696022034, "val_loss": 1.768077374458313, "val_accuracy": 68.76, "val_samples": 5000, "val_seconds": 1.9561266899108887, "best_validation_accuracy": 68.76, "best_epoch": 79, "epochs_without_improvement": 0}




Epoch == 80
{"phase": "train", "iteration": 50, "loss": 2.5679566740989683, "accuracy": 52.35895061652455}
{"phase": "train", "iteration": 100, "loss": 2.572664805650711, "accuracy": 52.28291543814176}
{"phase": "train", "iteration": 150, "loss": 2.5325253264109295, "accuracy": 53.63280084162379}
{"phase": "train", "iteration": 200, "loss": 2.537265257239342, "accuracy": 53.2363027183479}
{"phase": "train", "iteration": 250, "loss": 2.528744777679443, "accuracy": 53.52330241854652}
{"phase": "train", "iteration": 300, "loss": 2.5368370934327444, "accuracy": 53.275039406854965}
{"phase": "train", "iteration": 350, "loss": 2.5374583513396125, "accuracy": 53.27857212795907}
{"epoch": 80, "learning_rate": 0.0002, "next_learning_rate": 0.0002, "learning_rates": {"all": 0.0002}, "next_learning_rates": {"all": 0.0002}, "train_loss": 2.5382992767333983, "train_accuracy": 53.24969513730565, "train_samples": 45000, "train_seconds": 44.37820839881897, "val_loss": 1.7621811332702637, "val_accuracy": 68.88, "val_samples": 5000, "val_seconds": 1.9579544067382812, "best_validation_accuracy": 68.88, "best_epoch": 80, "epochs_without_improvement": 0}




Epoch == 81
{"phase": "train", "iteration": 50, "loss": 2.4455225467681885, "accuracy": 55.184119900570714}
{"phase": "train", "iteration": 100, "loss": 2.5391384243965147, "accuracy": 53.20577521588286}
{"phase": "train", "iteration": 150, "loss": 2.523023419380188, "accuracy": 53.75792344852799}
{"phase": "train", "iteration": 200, "loss": 2.5351758223772047, "accuracy": 53.514721323395335}
{"phase": "train", "iteration": 250, "loss": 2.5338342685699464, "accuracy": 53.427516951995244}
{"phase": "train", "iteration": 300, "loss": 2.541763625542323, "accuracy": 53.29585223851456}
{"phase": "train", "iteration": 350, "loss": 2.5416199609211514, "accuracy": 53.249830449662106}
{"epoch": 81, "learning_rate": 0.0002, "next_learning_rate": 0.0002, "learning_rates": {"all": 0.0002}, "next_learning_rates": {"all": 0.0002}, "train_loss": 2.54059684677124, "train_accuracy": 53.27113328655249, "train_samples": 45000, "train_seconds": 44.77743697166443, "val_loss": 1.7564072315216064, "val_accuracy": 69.26, "val_samples": 5000, "val_seconds": 1.9541666507720947, "best_validation_accuracy": 69.26, "best_epoch": 81, "epochs_without_improvement": 0}




Epoch == 82
{"phase": "train", "iteration": 50, "loss": 2.454286878108978, "accuracy": 55.71945059342498}
{"phase": "train", "iteration": 100, "loss": 2.5541204631328585, "accuracy": 52.82591185313237}
{"phase": "train", "iteration": 150, "loss": 2.580219484170278, "accuracy": 52.17866066005474}
{"phase": "train", "iteration": 200, "loss": 2.6038131868839263, "accuracy": 51.534932336344724}
{"phase": "train", "iteration": 250, "loss": 2.6031727685928345, "accuracy": 51.54536782262829}
{"phase": "train", "iteration": 300, "loss": 2.5631412355105083, "accuracy": 52.69530176081682}
{"phase": "train", "iteration": 350, "loss": 2.553591517720904, "accuracy": 52.931793373646435}
{"epoch": 82, "learning_rate": 0.0002, "next_learning_rate": 0.0002, "learning_rates": {"all": 0.0002}, "next_learning_rates": {"all": 0.0002}, "train_loss": 2.550386829800076, "train_accuracy": 52.99841346667327, "train_samples": 45000, "train_seconds": 44.420037508010864, "val_loss": 1.7509700481414794, "val_accuracy": 69.48, "val_samples": 5000, "val_seconds": 1.9517805576324463, "best_validation_accuracy": 69.48, "best_epoch": 82, "epochs_without_improvement": 0}




Epoch == 83
{"phase": "train", "iteration": 50, "loss": 2.663209626674652, "accuracy": 50.443266775105734}
{"phase": "train", "iteration": 100, "loss": 2.5595480835437776, "accuracy": 52.81811127100997}
{"phase": "train", "iteration": 150, "loss": 2.6405231086413066, "accuracy": 51.12571276922999}
{"phase": "train", "iteration": 200, "loss": 2.5777802973985673, "accuracy": 52.5784746523173}
{"phase": "train", "iteration": 250, "loss": 2.563875777721405, "accuracy": 52.942335759120816}
{"phase": "train", "iteration": 300, "loss": 2.5338809474309287, "accuracy": 53.643842034342825}
{"phase": "train", "iteration": 350, "loss": 2.532320216383253, "accuracy": 53.691123174033606}
{"epoch": 83, "learning_rate": 0.0002, "next_learning_rate": 0.0002, "learning_rates": {"all": 0.0002}, "next_learning_rates": {"all": 0.0002}, "train_loss": 2.534569233194987, "train_accuracy": 53.64284578722909, "train_samples": 45000, "train_seconds": 44.155982971191406, "val_loss": 1.7457224172592163, "val_accuracy": 69.66, "val_samples": 5000, "val_seconds": 1.9438848495483398, "best_validation_accuracy": 69.66, "best_epoch": 83, "epochs_without_improvement": 0}




Epoch == 84
{"phase": "train", "iteration": 50, "loss": 2.5238290452957153, "accuracy": 53.338494005462756}
{"phase": "train", "iteration": 100, "loss": 2.50307067155838, "accuracy": 54.26125914446999}
{"phase": "train", "iteration": 150, "loss": 2.532292738755544, "accuracy": 53.63646419258405}
{"phase": "train", "iteration": 200, "loss": 2.5534837490320204, "accuracy": 52.915732711275716}
{"phase": "train", "iteration": 250, "loss": 2.5794772095680236, "accuracy": 52.18563291923294}
{"phase": "train", "iteration": 300, "loss": 2.5241568438212076, "accuracy": 53.54086392398536}
{"phase": "train", "iteration": 350, "loss": 2.5227056445394243, "accuracy": 53.53104696488925}
{"epoch": 84, "learning_rate": 0.0002, "next_learning_rate": 0.0002, "learning_rates": {"all": 0.0002}, "next_learning_rates": {"all": 0.0002}, "train_loss": 2.518796644761827, "train_accuracy": 53.62229786393152, "train_samples": 45000, "train_seconds": 44.41726636886597, "val_loss": 1.7405997188568114, "val_accuracy": 69.82, "val_samples": 5000, "val_seconds": 1.950078010559082, "best_validation_accuracy": 69.82, "best_epoch": 84, "epochs_without_improvement": 0}




Epoch == 85
{"phase": "train", "iteration": 50, "loss": 2.689289186000824, "accuracy": 49.87648755339532}
{"phase": "train", "iteration": 100, "loss": 2.592792456150055, "accuracy": 52.09880965263745}
{"phase": "train", "iteration": 150, "loss": 2.573806495666504, "accuracy": 52.62249918153947}
{"phase": "train", "iteration": 200, "loss": 2.5759674310684204, "accuracy": 52.81844436069673}
{"phase": "train", "iteration": 250, "loss": 2.5692810878753662, "accuracy": 52.888753559978234}
{"phase": "train", "iteration": 300, "loss": 2.5886915071805316, "accuracy": 52.321526298124674}
{"phase": "train", "iteration": 350, "loss": 2.592600542817797, "accuracy": 52.17907215752368}
{"epoch": 85, "learning_rate": 0.0002, "next_learning_rate": 0.0002, "learning_rates": {"all": 0.0002}, "next_learning_rates": {"all": 0.0002}, "train_loss": 2.5892298750135634, "train_accuracy": 52.26914679785277, "train_samples": 45000, "train_seconds": 44.12744355201721, "val_loss": 1.7357173038482665, "val_accuracy": 69.96, "val_samples": 5000, "val_seconds": 1.958303689956665, "best_validation_accuracy": 69.96, "best_epoch": 85, "epochs_without_improvement": 0}




Epoch == 86
{"phase": "train", "iteration": 50, "loss": 2.5396684789657593, "accuracy": 53.54751325576468}
{"phase": "train", "iteration": 100, "loss": 2.540316425561905, "accuracy": 53.3042930262088}
{"phase": "train", "iteration": 150, "loss": 2.5860954618453977, "accuracy": 52.151960272692136}
{"phase": "train", "iteration": 200, "loss": 2.576726067662239, "accuracy": 52.384090784097154}
{"phase": "train", "iteration": 250, "loss": 2.5720628809928896, "accuracy": 52.60212273515525}
{"phase": "train", "iteration": 300, "loss": 2.561071443160375, "accuracy": 52.978663330032674}
{"phase": "train", "iteration": 350, "loss": 2.5531645802089145, "accuracy": 53.11282609204295}
{"epoch": 86, "learning_rate": 0.0002, "next_learning_rate": 0.0002, "learning_rates": {"all": 0.0002}, "next_learning_rates": {"all": 0.0002}, "train_loss": 2.555797785949707, "train_accuracy": 53.05494972367424, "train_samples": 45000, "train_seconds": 44.561702489852905, "val_loss": 1.7310271398544312, "val_accuracy": 70.12, "val_samples": 5000, "val_seconds": 1.9562642574310303, "best_validation_accuracy": 70.12, "best_epoch": 86, "epochs_without_improvement": 0}




Epoch == 87
{"phase": "train", "iteration": 50, "loss": 2.5606437301635743, "accuracy": 52.84226683673625}
{"phase": "train", "iteration": 100, "loss": 2.583547731637955, "accuracy": 52.14404400624839}
{"phase": "train", "iteration": 150, "loss": 2.597585965792338, "accuracy": 51.89036259641077}
{"phase": "train", "iteration": 200, "loss": 2.566762763261795, "accuracy": 52.873048454268044}
{"phase": "train", "iteration": 250, "loss": 2.550557816028595, "accuracy": 53.20619351118937}
{"phase": "train", "iteration": 300, "loss": 2.544071473677953, "accuracy": 53.461709052061536}
{"phase": "train", "iteration": 350, "loss": 2.5616044415746417, "accuracy": 52.9171775334255}
{"epoch": 87, "learning_rate": 0.0002, "next_learning_rate": 0.0002, "learning_rates": {"all": 0.0002}, "next_learning_rates": {"all": 0.0002}, "train_loss": 2.5661853967454697, "train_accuracy": 52.78851672937899, "train_samples": 45000, "train_seconds": 44.3887677192688, "val_loss": 1.7260993995666505, "val_accuracy": 70.22, "val_samples": 5000, "val_seconds": 1.9546892642974854, "best_validation_accuracy": 70.22, "best_epoch": 87, "epochs_without_improvement": 0}




Epoch == 88
{"phase": "train", "iteration": 50, "loss": 2.3956735944747924, "accuracy": 57.61717913293755}
{"phase": "train", "iteration": 100, "loss": 2.4696354973316192, "accuracy": 55.667269197100595}
{"phase": "train", "iteration": 150, "loss": 2.5029833769798278, "accuracy": 54.89725091388727}
{"phase": "train", "iteration": 200, "loss": 2.465653809905052, "accuracy": 55.692300268172716}
{"phase": "train", "iteration": 250, "loss": 2.4539601397514343, "accuracy": 56.00536967745004}
{"phase": "train", "iteration": 300, "loss": 2.461524427731832, "accuracy": 55.741620953803185}
{"phase": "train", "iteration": 350, "loss": 2.466187047617776, "accuracy": 55.61088809445268}
{"epoch": 88, "learning_rate": 0.0002, "next_learning_rate": 0.0002, "learning_rates": {"all": 0.0002}, "next_learning_rates": {"all": 0.0002}, "train_loss": 2.466691550572713, "train_accuracy": 55.593494216810676, "train_samples": 45000, "train_seconds": 44.70490050315857, "val_loss": 1.7214097396850585, "val_accuracy": 70.4, "val_samples": 5000, "val_seconds": 1.9629836082458496, "best_validation_accuracy": 70.4, "best_epoch": 88, "epochs_without_improvement": 0}




Epoch == 89
{"phase": "train", "iteration": 50, "loss": 2.443169066905975, "accuracy": 55.790341265340864}
{"phase": "train", "iteration": 100, "loss": 2.4585335028171538, "accuracy": 55.85460495028468}
{"phase": "train", "iteration": 150, "loss": 2.4061375737190245, "accuracy": 56.94128974209757}
{"phase": "train", "iteration": 200, "loss": 2.413245696425438, "accuracy": 56.77733015662681}
{"phase": "train", "iteration": 250, "loss": 2.3995556135177614, "accuracy": 57.07440446126675}
{"phase": "train", "iteration": 300, "loss": 2.4561496754487355, "accuracy": 55.53693809272913}
{"phase": "train", "iteration": 350, "loss": 2.4388268872669765, "accuracy": 55.87982179333051}
{"epoch": 89, "learning_rate": 0.0002, "next_learning_rate": 0.0002, "learning_rates": {"all": 0.0002}, "next_learning_rates": {"all": 0.0002}, "train_loss": 2.441519453938802, "train_accuracy": 55.8032685416532, "train_samples": 45000, "train_seconds": 44.26028609275818, "val_loss": 1.7167229822158814, "val_accuracy": 70.66, "val_samples": 5000, "val_seconds": 1.9525470733642578, "best_validation_accuracy": 70.66, "best_epoch": 89, "epochs_without_improvement": 0}




Epoch == 90
{"phase": "train", "iteration": 50, "loss": 2.346505584716797, "accuracy": 59.350605887120906}
{"phase": "train", "iteration": 100, "loss": 2.4137920939922335, "accuracy": 57.265702171427876}
{"phase": "train", "iteration": 150, "loss": 2.419522929986318, "accuracy": 57.10213468533035}
{"phase": "train", "iteration": 200, "loss": 2.440527908205986, "accuracy": 56.46817769067175}
{"phase": "train", "iteration": 250, "loss": 2.4581325426101683, "accuracy": 55.982037083200254}
{"phase": "train", "iteration": 300, "loss": 2.4561100228627524, "accuracy": 55.95936489898162}
{"phase": "train", "iteration": 350, "loss": 2.4672494435310366, "accuracy": 55.54856875859493}
{"epoch": 90, "learning_rate": 0.0002, "next_learning_rate": 0.0002, "learning_rates": {"all": 0.0002}, "next_learning_rates": {"all": 0.0002}, "train_loss": 2.465856388261583, "train_accuracy": 55.57993800528065, "train_samples": 45000, "train_seconds": 44.34856152534485, "val_loss": 1.7126140712738036, "val_accuracy": 70.6, "val_samples": 5000, "val_seconds": 1.9530794620513916, "best_validation_accuracy": 70.66, "best_epoch": 89, "epochs_without_improvement": 1}




Epoch == 91
{"phase": "train", "iteration": 50, "loss": 2.4846582341194154, "accuracy": 54.44132969884859}
{"phase": "train", "iteration": 100, "loss": 2.521159834861755, "accuracy": 53.88953816492841}
{"phase": "train", "iteration": 150, "loss": 2.5318957233428954, "accuracy": 53.9028751192723}
{"phase": "train", "iteration": 200, "loss": 2.512926709651947, "accuracy": 54.18013146593443}
{"phase": "train", "iteration": 250, "loss": 2.5252477407455443, "accuracy": 53.70069231944827}
{"phase": "train", "iteration": 300, "loss": 2.504380829334259, "accuracy": 54.32975736101069}
{"phase": "train", "iteration": 350, "loss": 2.4861263397761753, "accuracy": 54.81155876768878}
{"epoch": 91, "learning_rate": 0.0002, "next_learning_rate": 0.0002, "learning_rates": {"all": 0.0002}, "next_learning_rates": {"all": 0.0002}, "train_loss": 2.4848740893681844, "train_accuracy": 54.8534340864429, "train_samples": 45000, "train_seconds": 44.688199043273926, "val_loss": 1.7086557205200195, "val_accuracy": 70.62, "val_samples": 5000, "val_seconds": 1.9436969757080078, "best_validation_accuracy": 70.66, "best_epoch": 89, "epochs_without_improvement": 2}




Epoch == 92
{"phase": "train", "iteration": 50, "loss": 2.4920785546302797, "accuracy": 55.021824760222195}
{"phase": "train", "iteration": 100, "loss": 2.5268445229530334, "accuracy": 54.075672198547515}
{"phase": "train", "iteration": 150, "loss": 2.5186701162656147, "accuracy": 54.12801493325097}
{"phase": "train", "iteration": 200, "loss": 2.520755980014801, "accuracy": 54.299333282391856}
{"phase": "train", "iteration": 250, "loss": 2.528772584915161, "accuracy": 54.139060498401875}
{"phase": "train", "iteration": 300, "loss": 2.477545324166616, "accuracy": 55.380014252745276}
{"phase": "train", "iteration": 350, "loss": 2.489908237797873, "accuracy": 55.076006534546075}
{"epoch": 92, "learning_rate": 0.0002, "next_learning_rate": 0.0002, "learning_rates": {"all": 0.0002}, "next_learning_rates": {"all": 0.0002}, "train_loss": 2.491038523695204, "train_accuracy": 55.04455761661476, "train_samples": 45000, "train_seconds": 44.130194425582886, "val_loss": 1.7049046089172364, "val_accuracy": 70.82, "val_samples": 5000, "val_seconds": 1.9489738941192627, "best_validation_accuracy": 70.82, "best_epoch": 92, "epochs_without_improvement": 0}




Epoch == 93
{"phase": "train", "iteration": 50, "loss": 2.4892654824256897, "accuracy": 54.90526316025301}
{"phase": "train", "iteration": 100, "loss": 2.3345116555690764, "accuracy": 59.054628474535804}
{"phase": "train", "iteration": 150, "loss": 2.394287595748901, "accuracy": 57.378815011422105}
{"phase": "train", "iteration": 200, "loss": 2.432096185684204, "accuracy": 56.456281286441474}
{"phase": "train", "iteration": 250, "loss": 2.4226937408447267, "accuracy": 56.63420435582309}
{"phase": "train", "iteration": 300, "loss": 2.437209018468857, "accuracy": 56.29385264520767}
{"phase": "train", "iteration": 350, "loss": 2.431526016848428, "accuracy": 56.474961138985364}
{"epoch": 93, "learning_rate": 0.0002, "next_learning_rate": 0.0002, "learning_rates": {"all": 0.0002}, "next_learning_rates": {"all": 0.0002}, "train_loss": 2.430166051695082, "train_accuracy": 56.514724887881876, "train_samples": 45000, "train_seconds": 44.43976163864136, "val_loss": 1.7011156370162963, "val_accuracy": 70.86, "val_samples": 5000, "val_seconds": 1.9501211643218994, "best_validation_accuracy": 70.86, "best_epoch": 93, "epochs_without_improvement": 0}




Epoch == 94
{"phase": "train", "iteration": 50, "loss": 2.4131521916389467, "accuracy": 57.97652924221246}
{"phase": "train", "iteration": 100, "loss": 2.3529775202274323, "accuracy": 59.360889930691016}
{"phase": "train", "iteration": 150, "loss": 2.427648061911265, "accuracy": 57.141058061939766}
{"phase": "train", "iteration": 200, "loss": 2.4286929219961166, "accuracy": 56.95531462490025}
{"phase": "train", "iteration": 250, "loss": 2.444528874874115, "accuracy": 56.32781303185477}
{"phase": "train", "iteration": 300, "loss": 2.4315883298714955, "accuracy": 56.74102694336775}
{"phase": "train", "iteration": 350, "loss": 2.441190459047045, "accuracy": 56.485394255736274}
{"epoch": 94, "learning_rate": 0.0002, "next_learning_rate": 0.0002, "learning_rates": {"all": 0.0002}, "next_learning_rates": {"all": 0.0002}, "train_loss": 2.438739517466227, "train_accuracy": 56.541506871293954, "train_samples": 45000, "train_seconds": 44.413997411727905, "val_loss": 1.6976482246398925, "val_accuracy": 71.02, "val_samples": 5000, "val_seconds": 1.95216965675354, "best_validation_accuracy": 71.02, "best_epoch": 94, "epochs_without_improvement": 0}




Epoch == 95
{"phase": "train", "iteration": 50, "loss": 2.471574022769928, "accuracy": 56.063039869571256}
{"phase": "train", "iteration": 100, "loss": 2.4636024701595307, "accuracy": 55.785922387783295}
{"phase": "train", "iteration": 150, "loss": 2.4697222979863485, "accuracy": 55.681276285529236}
{"phase": "train", "iteration": 200, "loss": 2.4768886011838913, "accuracy": 55.59917851894212}
{"phase": "train", "iteration": 250, "loss": 2.4575049266815188, "accuracy": 56.009021748756275}
{"phase": "train", "iteration": 300, "loss": 2.46086763660113, "accuracy": 55.89917251956267}
{"phase": "train", "iteration": 350, "loss": 2.484460412093571, "accuracy": 55.38388466095356}
{"epoch": 95, "learning_rate": 0.0002, "next_learning_rate": 0.0002, "learning_rates": {"all": 0.0002}, "next_learning_rates": {"all": 0.0002}, "train_loss": 2.48926731177436, "train_accuracy": 55.245388230895635, "train_samples": 45000, "train_seconds": 44.405088663101196, "val_loss": 1.694308605003357, "val_accuracy": 71.18, "val_samples": 5000, "val_seconds": 1.948774814605713, "best_validation_accuracy": 71.18, "best_epoch": 95, "epochs_without_improvement": 0}




Epoch == 96
{"phase": "train", "iteration": 50, "loss": 2.5320681715011597, "accuracy": 55.06484484162616}
{"phase": "train", "iteration": 100, "loss": 2.4474172198772433, "accuracy": 57.09716982654159}
{"phase": "train", "iteration": 150, "loss": 2.4510276381174725, "accuracy": 56.81462868476716}
{"phase": "train", "iteration": 200, "loss": 2.4661297684907915, "accuracy": 56.36804031441398}
{"phase": "train", "iteration": 250, "loss": 2.4502039971351626, "accuracy": 56.739990638364766}
{"phase": "train", "iteration": 300, "loss": 2.4751691035429637, "accuracy": 55.94804513922587}
{"phase": "train", "iteration": 350, "loss": 2.508763530254364, "accuracy": 55.01295062049286}
{"epoch": 96, "learning_rate": 0.0002, "next_learning_rate": 0.0002, "learning_rates": {"all": 0.0002}, "next_learning_rates": {"all": 0.0002}, "train_loss": 2.507517759958903, "train_accuracy": 55.04106009888089, "train_samples": 45000, "train_seconds": 44.85981297492981, "val_loss": 1.6908833957672118, "val_accuracy": 71.22, "val_samples": 5000, "val_seconds": 1.9549047946929932, "best_validation_accuracy": 71.22, "best_epoch": 96, "epochs_without_improvement": 0}




Epoch == 97
{"phase": "train", "iteration": 50, "loss": 2.357172915935516, "accuracy": 58.861075185923774}
{"phase": "train", "iteration": 100, "loss": 2.3346801126003265, "accuracy": 59.97457214963335}
{"phase": "train", "iteration": 150, "loss": 2.3416702938079834, "accuracy": 59.65203972161398}
{"phase": "train", "iteration": 200, "loss": 2.3945259940624237, "accuracy": 58.12487796719658}
{"phase": "train", "iteration": 250, "loss": 2.373643890380859, "accuracy": 58.301659474665016}
{"phase": "train", "iteration": 300, "loss": 2.3810435990492502, "accuracy": 57.92923902979251}
{"phase": "train", "iteration": 350, "loss": 2.3978499923433576, "accuracy": 57.42263520735999}
{"epoch": 97, "learning_rate": 0.0002, "next_learning_rate": 0.0002, "learning_rates": {"all": 0.0002}, "next_learning_rates": {"all": 0.0002}, "train_loss": 2.3943892635769313, "train_accuracy": 57.50277468917431, "train_samples": 45000, "train_seconds": 44.16272521018982, "val_loss": 1.6877292797088623, "val_accuracy": 71.48, "val_samples": 5000, "val_seconds": 1.9538557529449463, "best_validation_accuracy": 71.48, "best_epoch": 97, "epochs_without_improvement": 0}




Epoch == 98
{"phase": "train", "iteration": 50, "loss": 2.393980736732483, "accuracy": 58.13767259939145}
{"phase": "train", "iteration": 100, "loss": 2.342739999294281, "accuracy": 59.10456147345569}
{"phase": "train", "iteration": 150, "loss": 2.327600998878479, "accuracy": 59.56773258146931}
{"phase": "train", "iteration": 200, "loss": 2.3334443700313567, "accuracy": 59.53965875238532}
{"phase": "train", "iteration": 250, "loss": 2.3379993534088133, "accuracy": 59.54163845048208}
{"phase": "train", "iteration": 300, "loss": 2.357963008880615, "accuracy": 59.046389802248605}
{"phase": "train", "iteration": 350, "loss": 2.3636691427230834, "accuracy": 58.75708154132626}
{"epoch": 98, "learning_rate": 0.0002, "next_learning_rate": 0.0002, "learning_rates": {"all": 0.0002}, "next_learning_rates": {"all": 0.0002}, "train_loss": 2.366691590330336, "train_accuracy": 58.68730795488227, "train_samples": 45000, "train_seconds": 44.41570043563843, "val_loss": 1.6841120365142823, "val_accuracy": 71.56, "val_samples": 5000, "val_seconds": 1.9532825946807861, "best_validation_accuracy": 71.56, "best_epoch": 98, "epochs_without_improvement": 0}




Epoch == 99
{"phase": "train", "iteration": 50, "loss": 2.4623889398574828, "accuracy": 56.8334781970701}
{"phase": "train", "iteration": 100, "loss": 2.4508125305175783, "accuracy": 56.82554429861439}
{"phase": "train", "iteration": 150, "loss": 2.406363890171051, "accuracy": 57.67123171716091}
{"phase": "train", "iteration": 200, "loss": 2.4019679045677185, "accuracy": 57.6667612684419}
{"phase": "train", "iteration": 250, "loss": 2.39494734287262, "accuracy": 57.70288830126724}
{"phase": "train", "iteration": 300, "loss": 2.405254171291987, "accuracy": 57.262785351203895}
{"phase": "train", "iteration": 350, "loss": 2.4238058165141516, "accuracy": 56.80946523783156}
{"epoch": 99, "learning_rate": 0.0002, "next_learning_rate": 0.0002, "learning_rates": {"all": 0.0002}, "next_learning_rates": {"all": 0.0002}, "train_loss": 2.424461945936415, "train_accuracy": 56.80889466917699, "train_samples": 45000, "train_seconds": 45.17624020576477, "val_loss": 1.6806301795959473, "val_accuracy": 71.58, "val_samples": 5000, "val_seconds": 1.9434595108032227, "best_validation_accuracy": 71.58, "best_epoch": 99, "epochs_without_improvement": 1}




Epoch == 100
{"phase": "train", "iteration": 50, "loss": 2.2891312050819397, "accuracy": 60.728352459816215}
{"phase": "train", "iteration": 100, "loss": 2.3402049136161804, "accuracy": 59.55912540430925}
{"phase": "train", "iteration": 150, "loss": 2.363601469993591, "accuracy": 58.76198986099462}
{"phase": "train", "iteration": 200, "loss": 2.34684509575367, "accuracy": 59.24934586943346}
{"phase": "train", "iteration": 250, "loss": 2.36540878868103, "accuracy": 58.82384998764107}
{"phase": "train", "iteration": 300, "loss": 2.3713825996716817, "accuracy": 58.75246931656707}
{"phase": "train", "iteration": 350, "loss": 2.383814207826342, "accuracy": 58.32079544062983}
{"epoch": 100, "learning_rate": 0.0002, "next_learning_rate": 0.0002, "learning_rates": {"all": 0.0002}, "next_learning_rates": {"all": 0.0002}, "train_loss": 2.384564697011312, "train_accuracy": 58.29699582245605, "train_samples": 45000, "train_seconds": 44.698678970336914, "val_loss": 1.6774607309341432, "val_accuracy": 71.86, "val_samples": 5000, "val_seconds": 1.9573109149932861, "best_validation_accuracy": 71.86, "best_epoch": 100, "epochs_without_improvement": 0}




Epoch == 101
{"phase": "train", "iteration": 50, "loss": 2.3888432288169863, "accuracy": 58.13209248052948}
{"phase": "train", "iteration": 100, "loss": 2.394377695322037, "accuracy": 57.717714539190375}
{"phase": "train", "iteration": 150, "loss": 2.4210597244898477, "accuracy": 57.186095116163806}
{"phase": "train", "iteration": 200, "loss": 2.4153351563215257, "accuracy": 57.297441090920195}
{"phase": "train", "iteration": 250, "loss": 2.375498876571655, "accuracy": 58.41165403482157}
{"phase": "train", "iteration": 300, "loss": 2.403423355023066, "accuracy": 57.76771199754477}
{"phase": "train", "iteration": 350, "loss": 2.4055697580746243, "accuracy": 57.67410344914364}
{"epoch": 101, "learning_rate": 0.0002, "next_learning_rate": 0.0002, "learning_rates": {"all": 0.0002}, "next_learning_rates": {"all": 0.0002}, "train_loss": 2.4085882503509524, "train_accuracy": 57.580469412980776, "train_samples": 45000, "train_seconds": 44.154707193374634, "val_loss": 1.6743398670196534, "val_accuracy": 72.06, "val_samples": 5000, "val_seconds": 1.9465975761413574, "best_validation_accuracy": 72.06, "best_epoch": 101, "epochs_without_improvement": 0}




Epoch == 102
{"phase": "train", "iteration": 50, "loss": 2.4391655278205873, "accuracy": 56.82349708296182}
{"phase": "train", "iteration": 100, "loss": 2.4577727246284486, "accuracy": 56.61913987701989}
{"phase": "train", "iteration": 150, "loss": 2.4502925864855447, "accuracy": 56.78769406062051}
{"phase": "train", "iteration": 200, "loss": 2.4201476478576662, "accuracy": 57.40335887422473}
{"phase": "train", "iteration": 250, "loss": 2.461163016796112, "accuracy": 56.2033850360151}
{"phase": "train", "iteration": 300, "loss": 2.445608038107554, "accuracy": 56.64831906987715}
{"phase": "train", "iteration": 350, "loss": 2.4295214016096933, "accuracy": 57.11818731125531}
{"epoch": 102, "learning_rate": 0.0002, "next_learning_rate": 0.0002, "learning_rates": {"all": 0.0002}, "next_learning_rates": {"all": 0.0002}, "train_loss": 2.429446648534139, "train_accuracy": 57.13223922021096, "train_samples": 45000, "train_seconds": 44.346577644348145, "val_loss": 1.671617392730713, "val_accuracy": 71.98, "val_samples": 5000, "val_seconds": 1.955911636352539, "best_validation_accuracy": 72.06, "best_epoch": 101, "epochs_without_improvement": 1}




Epoch == 103
{"phase": "train", "iteration": 50, "loss": 2.4963561630249025, "accuracy": 55.830795601145795}
{"phase": "train", "iteration": 100, "loss": 2.4821103394031523, "accuracy": 55.806342209878615}
{"phase": "train", "iteration": 150, "loss": 2.4317165724436443, "accuracy": 57.170944033485966}
{"phase": "train", "iteration": 200, "loss": 2.41237851858139, "accuracy": 57.701080947783964}
{"phase": "train", "iteration": 250, "loss": 2.421575271606445, "accuracy": 57.47262544065634}
{"phase": "train", "iteration": 300, "loss": 2.4203154969215395, "accuracy": 57.51272605331211}
{"phase": "train", "iteration": 350, "loss": 2.4287826197487967, "accuracy": 57.238368302436136}
{"epoch": 103, "learning_rate": 0.0002, "next_learning_rate": 0.0002, "learning_rates": {"all": 0.0002}, "next_learning_rates": {"all": 0.0002}, "train_loss": 2.4249547734154597, "train_accuracy": 57.33615520872547, "train_samples": 45000, "train_seconds": 44.59730505943298, "val_loss": 1.6688239458084106, "val_accuracy": 72.04, "val_samples": 5000, "val_seconds": 1.9643797874450684, "best_validation_accuracy": 72.06, "best_epoch": 101, "epochs_without_improvement": 2}




Epoch == 104
{"phase": "train", "iteration": 50, "loss": 2.3260506081581114, "accuracy": 59.76856709720031}
{"phase": "train", "iteration": 100, "loss": 2.372330836057663, "accuracy": 58.620046318902105}
{"phase": "train", "iteration": 150, "loss": 2.3755565365155538, "accuracy": 58.796225959950036}
{"phase": "train", "iteration": 200, "loss": 2.3678832709789277, "accuracy": 58.819820296129464}
{"phase": "train", "iteration": 250, "loss": 2.4046088914871215, "accuracy": 57.80074913762637}
{"phase": "train", "iteration": 300, "loss": 2.4190449643135072, "accuracy": 57.3874437484277}
{"phase": "train", "iteration": 350, "loss": 2.408631762777056, "accuracy": 57.62179127831077}
{"epoch": 104, "learning_rate": 0.0002, "next_learning_rate": 0.0002, "learning_rates": {"all": 0.0002}, "next_learning_rates": {"all": 0.0002}, "train_loss": 2.4115361989339195, "train_accuracy": 57.5462326226294, "train_samples": 45000, "train_seconds": 44.34614324569702, "val_loss": 1.665563537979126, "val_accuracy": 72.2, "val_samples": 5000, "val_seconds": 1.9473836421966553, "best_validation_accuracy": 72.2, "best_epoch": 104, "epochs_without_improvement": 0}




Epoch == 105
{"phase": "train", "iteration": 50, "loss": 2.3375359678268435, "accuracy": 59.631915043586126}
{"phase": "train", "iteration": 100, "loss": 2.400380058288574, "accuracy": 57.69560989779337}
{"phase": "train", "iteration": 150, "loss": 2.3887731846173605, "accuracy": 58.326484506530484}
{"phase": "train", "iteration": 200, "loss": 2.380132185816765, "accuracy": 58.57320019575309}
{"phase": "train", "iteration": 250, "loss": 2.3609603638648986, "accuracy": 58.90973866712353}
{"phase": "train", "iteration": 300, "loss": 2.3977555934588115, "accuracy": 57.97060696832707}
{"phase": "train", "iteration": 350, "loss": 2.420596014090947, "accuracy": 57.37271739260921}
{"epoch": 105, "learning_rate": 0.0002, "next_learning_rate": 0.0002, "learning_rates": {"all": 0.0002}, "next_learning_rates": {"all": 0.0002}, "train_loss": 2.4191967985365124, "train_accuracy": 57.410659847127555, "train_samples": 45000, "train_seconds": 44.46021270751953, "val_loss": 1.6628500034332276, "val_accuracy": 72.26, "val_samples": 5000, "val_seconds": 1.949613094329834, "best_validation_accuracy": 72.26, "best_epoch": 105, "epochs_without_improvement": 0}




Epoch == 106
{"phase": "train", "iteration": 50, "loss": 2.545817422866821, "accuracy": 54.70159922722118}
{"phase": "train", "iteration": 100, "loss": 2.55005504488945, "accuracy": 54.81866770587725}
{"phase": "train", "iteration": 150, "loss": 2.4906442101796467, "accuracy": 56.22353113235741}
{"phase": "train", "iteration": 200, "loss": 2.494192454814911, "accuracy": 55.83554704350605}
{"phase": "train", "iteration": 250, "loss": 2.4883123993873597, "accuracy": 55.987027659864395}
{"phase": "train", "iteration": 300, "loss": 2.481089812119802, "accuracy": 56.19767960236689}
{"phase": "train", "iteration": 350, "loss": 2.4909788571085247, "accuracy": 55.79290681054848}
{"epoch": 106, "learning_rate": 0.0002, "next_learning_rate": 0.0002, "learning_rates": {"all": 0.0002}, "next_learning_rates": {"all": 0.0002}, "train_loss": 2.489605796898736, "train_accuracy": 55.832284100394936, "train_samples": 45000, "train_seconds": 44.40762138366699, "val_loss": 1.6602014142990111, "val_accuracy": 72.48, "val_samples": 5000, "val_seconds": 1.9555985927581787, "best_validation_accuracy": 72.48, "best_epoch": 106, "epochs_without_improvement": 0}




Epoch == 107
{"phase": "train", "iteration": 50, "loss": 2.5964498043060305, "accuracy": 53.683876142546424}
{"phase": "train", "iteration": 100, "loss": 2.5224762630462645, "accuracy": 55.37471870718049}
{"phase": "train", "iteration": 150, "loss": 2.505602668126424, "accuracy": 55.75976068883282}
{"phase": "train", "iteration": 200, "loss": 2.4950926899909973, "accuracy": 56.11251860080636}
{"phase": "train", "iteration": 250, "loss": 2.47283034324646, "accuracy": 56.47654049305883}
{"phase": "train", "iteration": 300, "loss": 2.4676297867298125, "accuracy": 56.58843838719576}
{"phase": "train", "iteration": 350, "loss": 2.441987090791975, "accuracy": 57.27917540935319}
{"epoch": 107, "learning_rate": 0.0002, "next_learning_rate": 0.0002, "learning_rates": {"all": 0.0002}, "next_learning_rates": {"all": 0.0002}, "train_loss": 2.4451538153330485, "train_accuracy": 57.17723986370639, "train_samples": 45000, "train_seconds": 44.434024810791016, "val_loss": 1.6577058197021484, "val_accuracy": 72.64, "val_samples": 5000, "val_seconds": 1.959251880645752, "best_validation_accuracy": 72.64, "best_epoch": 107, "epochs_without_improvement": 0}




Epoch == 108
{"phase": "train", "iteration": 50, "loss": 2.361729130744934, "accuracy": 59.6340683400274}
{"phase": "train", "iteration": 100, "loss": 2.3646856641769407, "accuracy": 59.20070895131828}
{"phase": "train", "iteration": 150, "loss": 2.3637991428375242, "accuracy": 58.921370131863064}
{"phase": "train", "iteration": 200, "loss": 2.4173712611198424, "accuracy": 57.55254685730916}
{"phase": "train", "iteration": 250, "loss": 2.411145468235016, "accuracy": 57.657587347738925}
{"phase": "train", "iteration": 300, "loss": 2.4265370678901674, "accuracy": 57.170001739372516}
{"phase": "train", "iteration": 350, "loss": 2.4157267757824488, "accuracy": 57.46042228358622}
{"epoch": 108, "learning_rate": 0.0002, "next_learning_rate": 0.0002, "learning_rates": {"all": 0.0002}, "next_learning_rates": {"all": 0.0002}, "train_loss": 2.4145922278934053, "train_accuracy": 57.4730952621694, "train_samples": 45000, "train_seconds": 44.35107088088989, "val_loss": 1.655211929321289, "val_accuracy": 72.76, "val_samples": 5000, "val_seconds": 1.9619665145874023, "best_validation_accuracy": 72.76, "best_epoch": 108, "epochs_without_improvement": 0}




Epoch == 109
{"phase": "train", "iteration": 50, "loss": 2.515482292175293, "accuracy": 54.34313105175179}
{"phase": "train", "iteration": 100, "loss": 2.421207081079483, "accuracy": 57.17671356173375}
{"phase": "train", "iteration": 150, "loss": 2.4566525061925253, "accuracy": 56.197331583474124}
{"phase": "train", "iteration": 200, "loss": 2.4728873682022097, "accuracy": 55.798709956523346}
{"phase": "train", "iteration": 250, "loss": 2.4529724798202515, "accuracy": 56.31790023466235}
{"phase": "train", "iteration": 300, "loss": 2.4432770057519275, "accuracy": 56.70626101304314}
{"phase": "train", "iteration": 350, "loss": 2.4463214336122787, "accuracy": 56.585541070854305}
{"epoch": 109, "learning_rate": 0.0002, "next_learning_rate": 0.0002, "learning_rates": {"all": 0.0002}, "next_learning_rates": {"all": 0.0002}, "train_loss": 2.444274886364407, "train_accuracy": 56.63432114718414, "train_samples": 45000, "train_seconds": 44.43501043319702, "val_loss": 1.6531799114227295, "val_accuracy": 72.78, "val_samples": 5000, "val_seconds": 1.9595115184783936, "best_validation_accuracy": 72.78, "best_epoch": 109, "epochs_without_improvement": 1}




Epoch == 110
{"phase": "train", "iteration": 50, "loss": 2.368344967365265, "accuracy": 58.65710082486746}
{"phase": "train", "iteration": 100, "loss": 2.432551838159561, "accuracy": 57.34101703054015}
{"phase": "train", "iteration": 150, "loss": 2.4135187101364135, "accuracy": 57.83229064316069}
{"phase": "train", "iteration": 200, "loss": 2.3983864969015123, "accuracy": 58.316518467646745}
{"phase": "train", "iteration": 250, "loss": 2.403740993499756, "accuracy": 58.056198355133894}
{"phase": "train", "iteration": 300, "loss": 2.372097365856171, "accuracy": 58.89741954132842}
{"phase": "train", "iteration": 350, "loss": 2.408354592663901, "accuracy": 57.91915288929268}
{"epoch": 110, "learning_rate": 0.0002, "next_learning_rate": 0.0002, "learning_rates": {"all": 0.0002}, "next_learning_rates": {"all": 0.0002}, "train_loss": 2.4122631323920354, "train_accuracy": 57.77992887645138, "train_samples": 45000, "train_seconds": 45.05782914161682, "val_loss": 1.6511961650848388, "val_accuracy": 72.88, "val_samples": 5000, "val_seconds": 1.952437162399292, "best_validation_accuracy": 72.88, "best_epoch": 110, "epochs_without_improvement": 0}




Epoch == 111
{"phase": "train", "iteration": 50, "loss": 2.5798844051361085, "accuracy": 54.10912579881849}
{"phase": "train", "iteration": 100, "loss": 2.360188889503479, "accuracy": 59.3658073345299}
{"phase": "train", "iteration": 150, "loss": 2.37839199701945, "accuracy": 59.14776974298738}
{"phase": "train", "iteration": 200, "loss": 2.3051103204488754, "accuracy": 60.86113908577052}
{"phase": "train", "iteration": 250, "loss": 2.352149236679077, "accuracy": 59.61993903536008}
{"phase": "train", "iteration": 300, "loss": 2.3872975365320843, "accuracy": 58.77317418916472}
{"phase": "train", "iteration": 350, "loss": 2.3735596680641176, "accuracy": 59.13752361065062}
{"epoch": 111, "learning_rate": 0.0002, "next_learning_rate": 0.0002, "learning_rates": {"all": 0.0002}, "next_learning_rates": {"all": 0.0002}, "train_loss": 2.3692911440955267, "train_accuracy": 59.24562931631165, "train_samples": 45000, "train_seconds": 44.18796443939209, "val_loss": 1.648878065109253, "val_accuracy": 73.02, "val_samples": 5000, "val_seconds": 1.9445738792419434, "best_validation_accuracy": 73.02, "best_epoch": 111, "epochs_without_improvement": 0}




Epoch == 112
{"phase": "train", "iteration": 50, "loss": 2.3707333183288575, "accuracy": 58.79437194724132}
{"phase": "train", "iteration": 100, "loss": 2.345450403690338, "accuracy": 59.58330557622142}
{"phase": "train", "iteration": 150, "loss": 2.4117888768513995, "accuracy": 57.78921875859578}
{"phase": "train", "iteration": 200, "loss": 2.4369609111547472, "accuracy": 57.06530684572896}
{"phase": "train", "iteration": 250, "loss": 2.4635461139678956, "accuracy": 56.27689373330737}
{"phase": "train", "iteration": 300, "loss": 2.4513291351000466, "accuracy": 56.636293792421625}
{"phase": "train", "iteration": 350, "loss": 2.43570964711053, "accuracy": 56.90966343847858}
{"epoch": 112, "learning_rate": 0.0002, "next_learning_rate": 0.0002, "learning_rates": {"all": 0.0002}, "next_learning_rates": {"all": 0.0002}, "train_loss": 2.4370224866231283, "train_accuracy": 56.8735188582629, "train_samples": 45000, "train_seconds": 44.559722900390625, "val_loss": 1.6470302694320678, "val_accuracy": 73.18, "val_samples": 5000, "val_seconds": 1.9521064758300781, "best_validation_accuracy": 73.18, "best_epoch": 112, "epochs_without_improvement": 0}




Epoch == 113
{"phase": "train", "iteration": 50, "loss": 2.435346975326538, "accuracy": 57.641311857845096}
{"phase": "train", "iteration": 100, "loss": 2.388948230743408, "accuracy": 58.446012793481174}
{"phase": "train", "iteration": 150, "loss": 2.424531040986379, "accuracy": 57.351371266343556}
{"phase": "train", "iteration": 200, "loss": 2.4059208458662034, "accuracy": 57.93338242536623}
{"phase": "train", "iteration": 250, "loss": 2.3858805665969847, "accuracy": 58.52355701236763}
{"phase": "train", "iteration": 300, "loss": 2.3859115839004517, "accuracy": 58.600750879929606}
{"phase": "train", "iteration": 350, "loss": 2.380234979561397, "accuracy": 58.72124023056459}
{"epoch": 113, "learning_rate": 0.0002, "next_learning_rate": 0.0002, "learning_rates": {"all": 0.0002}, "next_learning_rates": {"all": 0.0002}, "train_loss": 2.3765579261779783, "train_accuracy": 58.834919382152904, "train_samples": 45000, "train_seconds": 44.15215301513672, "val_loss": 1.64488506565094, "val_accuracy": 73.18, "val_samples": 5000, "val_seconds": 1.9416470527648926, "best_validation_accuracy": 73.18, "best_epoch": 112, "epochs_without_improvement": 1}




Epoch == 114
{"phase": "train", "iteration": 50, "loss": 2.476133131980896, "accuracy": 56.707147953518586}
{"phase": "train", "iteration": 100, "loss": 2.447348675727844, "accuracy": 57.69588258616137}
{"phase": "train", "iteration": 150, "loss": 2.352608831723531, "accuracy": 60.15358387785549}
{"phase": "train", "iteration": 200, "loss": 2.3660852807760238, "accuracy": 59.79265190914443}
{"phase": "train", "iteration": 250, "loss": 2.343737173080444, "accuracy": 60.25878334527115}
{"phase": "train", "iteration": 300, "loss": 2.3572382748126985, "accuracy": 59.86444260728605}
{"phase": "train", "iteration": 350, "loss": 2.3505164875302995, "accuracy": 59.949465472478344}
{"epoch": 114, "learning_rate": 0.0002, "next_learning_rate": 0.0002, "learning_rates": {"all": 0.0002}, "next_learning_rates": {"all": 0.0002}, "train_loss": 2.352462446975708, "train_accuracy": 59.89302340371177, "train_samples": 45000, "train_seconds": 44.46483325958252, "val_loss": 1.6431959468841553, "val_accuracy": 73.22, "val_samples": 5000, "val_seconds": 1.9586615562438965, "best_validation_accuracy": 73.22, "best_epoch": 114, "epochs_without_improvement": 0}




Epoch == 115
{"phase": "train", "iteration": 50, "loss": 2.320018997192383, "accuracy": 60.37126093793364}
{"phase": "train", "iteration": 100, "loss": 2.439117512702942, "accuracy": 57.31715959626237}
{"phase": "train", "iteration": 150, "loss": 2.4294416642189027, "accuracy": 57.46473369168782}
{"phase": "train", "iteration": 200, "loss": 2.3480989676713944, "accuracy": 59.57509477678072}
{"phase": "train", "iteration": 250, "loss": 2.3633430099487303, "accuracy": 59.0042140708849}
{"phase": "train", "iteration": 300, "loss": 2.3596918586889903, "accuracy": 59.251379267262514}
{"phase": "train", "iteration": 350, "loss": 2.3822563992227828, "accuracy": 58.55999719550938}
{"epoch": 115, "learning_rate": 0.0002, "next_learning_rate": 0.0002, "learning_rates": {"all": 0.0002}, "next_learning_rates": {"all": 0.0002}, "train_loss": 2.3822799917009143, "train_accuracy": 58.57019061075156, "train_samples": 45000, "train_seconds": 44.59230399131775, "val_loss": 1.6415721015930176, "val_accuracy": 73.2, "val_samples": 5000, "val_seconds": 1.9469494819641113, "best_validation_accuracy": 73.22, "best_epoch": 114, "epochs_without_improvement": 1}




Epoch == 116
{"phase": "train", "iteration": 50, "loss": 2.3578146839141847, "accuracy": 59.18083389673539}
{"phase": "train", "iteration": 100, "loss": 2.288256424665451, "accuracy": 61.05795237876966}
{"phase": "train", "iteration": 150, "loss": 2.3274749231338503, "accuracy": 60.28419029251072}
{"phase": "train", "iteration": 200, "loss": 2.370458924770355, "accuracy": 59.10202682155805}
{"phase": "train", "iteration": 250, "loss": 2.3696063232421873, "accuracy": 59.2795983466095}
{"phase": "train", "iteration": 300, "loss": 2.3814266324043274, "accuracy": 58.917076471090624}
{"phase": "train", "iteration": 350, "loss": 2.3933500484057837, "accuracy": 58.61035299342501}
{"epoch": 116, "learning_rate": 0.0002, "next_learning_rate": 0.0002, "learning_rates": {"all": 0.0002}, "next_learning_rates": {"all": 0.0002}, "train_loss": 2.395165023973253, "train_accuracy": 58.580051460430255, "train_samples": 45000, "train_seconds": 44.92952537536621, "val_loss": 1.6400123573303222, "val_accuracy": 73.12, "val_samples": 5000, "val_seconds": 1.9541597366333008, "best_validation_accuracy": 73.22, "best_epoch": 114, "epochs_without_improvement": 2}




Epoch == 117
{"phase": "train", "iteration": 50, "loss": 2.3354566359519957, "accuracy": 60.02202161919815}
{"phase": "train", "iteration": 100, "loss": 2.4089202558994294, "accuracy": 57.820819812216854}
{"phase": "train", "iteration": 150, "loss": 2.4116405709584554, "accuracy": 57.8258373530281}
{"phase": "train", "iteration": 200, "loss": 2.4381371694803238, "accuracy": 57.113845710072155}
{"phase": "train", "iteration": 250, "loss": 2.420780942440033, "accuracy": 57.58873117169912}
{"phase": "train", "iteration": 300, "loss": 2.42287858804067, "accuracy": 57.636261238447005}
{"phase": "train", "iteration": 350, "loss": 2.4017044523784095, "accuracy": 58.257406699501395}
{"epoch": 117, "learning_rate": 0.0002, "next_learning_rate": 0.0002, "learning_rates": {"all": 0.0002}, "next_learning_rates": {"all": 0.0002}, "train_loss": 2.3987513988494875, "train_accuracy": 58.35215814446434, "train_samples": 45000, "train_seconds": 44.812368869781494, "val_loss": 1.6385956607818604, "val_accuracy": 73.2, "val_samples": 5000, "val_seconds": 1.9513320922851562, "best_validation_accuracy": 73.22, "best_epoch": 114, "epochs_without_improvement": 3}




Epoch == 118
{"phase": "train", "iteration": 50, "loss": 2.2377906394004823, "accuracy": 63.03110756389182}
{"phase": "train", "iteration": 100, "loss": 2.2976219594478606, "accuracy": 60.94906821861469}
{"phase": "train", "iteration": 150, "loss": 2.3446511379877726, "accuracy": 59.90360910022619}
{"phase": "train", "iteration": 200, "loss": 2.364052087664604, "accuracy": 59.3774934497578}
{"phase": "train", "iteration": 250, "loss": 2.4035349102020263, "accuracy": 58.39624234919708}
{"phase": "train", "iteration": 300, "loss": 2.37712171236674, "accuracy": 59.1747183845959}
{"phase": "train", "iteration": 350, "loss": 2.3885185377938405, "accuracy": 58.70986708158786}
{"epoch": 118, "learning_rate": 0.0002, "next_learning_rate": 0.00017, "learning_rates": {"all": 0.0002}, "next_learning_rates": {"all": 0.00017}, "train_loss": 2.3921970361497666, "train_accuracy": 58.595397012614136, "train_samples": 45000, "train_seconds": 44.24868965148926, "val_loss": 1.6371946935653687, "val_accuracy": 73.2, "val_samples": 5000, "val_seconds": 1.953373908996582, "best_validation_accuracy": 73.22, "best_epoch": 114, "epochs_without_improvement": 4}




Epoch == 119
{"phase": "train", "iteration": 50, "loss": 2.265464177131653, "accuracy": 62.44229456323182}
{"phase": "train", "iteration": 100, "loss": 2.2568917071819303, "accuracy": 62.383652143094814}
{"phase": "train", "iteration": 150, "loss": 2.281664094130198, "accuracy": 61.82511704036035}
{"phase": "train", "iteration": 200, "loss": 2.25548488676548, "accuracy": 62.41419420244533}
{"phase": "train", "iteration": 250, "loss": 2.259047057151794, "accuracy": 62.36525818371406}
{"phase": "train", "iteration": 300, "loss": 2.291439779996872, "accuracy": 61.46913937064166}
{"phase": "train", "iteration": 350, "loss": 2.315802708012717, "accuracy": 60.80028977295759}
{"epoch": 119, "learning_rate": 0.00017, "next_learning_rate": 0.00017, "learning_rates": {"all": 0.00017}, "next_learning_rates": {"all": 0.00017}, "train_loss": 2.313765303548177, "train_accuracy": 60.86754549870653, "train_samples": 45000, "train_seconds": 44.327999114990234, "val_loss": 1.6357795625686646, "val_accuracy": 73.28, "val_samples": 5000, "val_seconds": 1.9452483654022217, "best_validation_accuracy": 73.28, "best_epoch": 119, "epochs_without_improvement": 0}




Epoch == 120
{"phase": "train", "iteration": 50, "loss": 2.1971404123306275, "accuracy": 62.904841945888755}
{"phase": "train", "iteration": 100, "loss": 2.3098795235157015, "accuracy": 60.06198270455308}
{"phase": "train", "iteration": 150, "loss": 2.372311676343282, "accuracy": 58.925197771878715}
{"phase": "train", "iteration": 200, "loss": 2.3920899945497514, "accuracy": 58.53572544256731}
{"phase": "train", "iteration": 250, "loss": 2.3315317177772523, "accuracy": 60.26159360742024}
{"phase": "train", "iteration": 300, "loss": 2.310668138662974, "accuracy": 60.894749882286256}
{"phase": "train", "iteration": 350, "loss": 2.3151417664119176, "accuracy": 60.681201052718485}
{"epoch": 120, "learning_rate": 0.00017, "next_learning_rate": 0.00017, "learning_rates": {"all": 0.00017}, "next_learning_rates": {"all": 0.00017}, "train_loss": 2.3149785023583305, "train_accuracy": 60.69368056972752, "train_samples": 45000, "train_seconds": 44.195369243621826, "val_loss": 1.6341008235931396, "val_accuracy": 73.26, "val_samples": 5000, "val_seconds": 1.9462971687316895, "best_validation_accuracy": 73.28, "best_epoch": 119, "epochs_without_improvement": 1}




Epoch == 121
{"phase": "train", "iteration": 50, "loss": 2.43039564371109, "accuracy": 57.59918057459547}
{"phase": "train", "iteration": 100, "loss": 2.355839569568634, "accuracy": 59.46624804493197}
{"phase": "train", "iteration": 150, "loss": 2.3298926162719726, "accuracy": 60.47391200867686}
{"phase": "train", "iteration": 200, "loss": 2.394715908169746, "accuracy": 58.76733631815113}
{"phase": "train", "iteration": 250, "loss": 2.3785489258766175, "accuracy": 59.00173014311096}
{"phase": "train", "iteration": 300, "loss": 2.3418046538035076, "accuracy": 59.96904942711614}
{"phase": "train", "iteration": 350, "loss": 2.356533115250724, "accuracy": 59.56775054600657}
{"epoch": 121, "learning_rate": 0.00017, "next_learning_rate": 0.00017, "learning_rates": {"all": 0.00017}, "next_learning_rates": {"all": 0.00017}, "train_loss": 2.36121329337226, "train_accuracy": 59.42509909506904, "train_samples": 45000, "train_seconds": 44.14377808570862, "val_loss": 1.6325810640335083, "val_accuracy": 73.36, "val_samples": 5000, "val_seconds": 1.9455111026763916, "best_validation_accuracy": 73.36, "best_epoch": 121, "epochs_without_improvement": 0}




Epoch == 122
{"phase": "train", "iteration": 50, "loss": 2.138795690536499, "accuracy": 66.81358840480104}
{"phase": "train", "iteration": 100, "loss": 2.247621486186981, "accuracy": 63.174128260039566}
{"phase": "train", "iteration": 150, "loss": 2.255679199695587, "accuracy": 62.729623068650056}
{"phase": "train", "iteration": 200, "loss": 2.285707044005394, "accuracy": 61.846660038016374}
{"phase": "train", "iteration": 250, "loss": 2.2717607221603395, "accuracy": 62.22152537361873}
{"phase": "train", "iteration": 300, "loss": 2.290369203090668, "accuracy": 61.603439965020115}
{"phase": "train", "iteration": 350, "loss": 2.33329850094659, "accuracy": 60.43481403234671}
{"epoch": 122, "learning_rate": 0.00017, "next_learning_rate": 0.00017, "learning_rates": {"all": 0.00017}, "next_learning_rates": {"all": 0.00017}, "train_loss": 2.336044914839003, "train_accuracy": 60.34566364359183, "train_samples": 45000, "train_seconds": 44.81462049484253, "val_loss": 1.6312944416046142, "val_accuracy": 73.34, "val_samples": 5000, "val_seconds": 1.9427976608276367, "best_validation_accuracy": 73.36, "best_epoch": 121, "epochs_without_improvement": 1}




Epoch == 123
{"phase": "train", "iteration": 50, "loss": 2.2049271512031554, "accuracy": 63.691711343304696}
{"phase": "train", "iteration": 100, "loss": 2.1866502392292024, "accuracy": 64.26712210106353}
{"phase": "train", "iteration": 150, "loss": 2.219098049799601, "accuracy": 63.545086889050154}
{"phase": "train", "iteration": 200, "loss": 2.316822730302811, "accuracy": 61.1760627404593}
{"phase": "train", "iteration": 250, "loss": 2.348398097515106, "accuracy": 60.34704457851234}
{"phase": "train", "iteration": 300, "loss": 2.360540678103765, "accuracy": 59.994999979154414}
{"phase": "train", "iteration": 350, "loss": 2.3543558165005276, "accuracy": 60.06413302144907}
{"epoch": 123, "learning_rate": 0.00017, "next_learning_rate": 0.00017, "learning_rates": {"all": 0.00017}, "next_learning_rates": {"all": 0.00017}, "train_loss": 2.357125537448459, "train_accuracy": 59.9944283914524, "train_samples": 45000, "train_seconds": 44.38707494735718, "val_loss": 1.6298448921203614, "val_accuracy": 73.34, "val_samples": 5000, "val_seconds": 1.9517052173614502, "best_validation_accuracy": 73.36, "best_epoch": 121, "epochs_without_improvement": 2}




Epoch == 124
{"phase": "train", "iteration": 50, "loss": 2.1461192083358767, "accuracy": 65.20185349943003}
{"phase": "train", "iteration": 100, "loss": 2.1953292429447173, "accuracy": 64.11767727662362}
{"phase": "train", "iteration": 150, "loss": 2.252857426802317, "accuracy": 62.43241955805582}
{"phase": "train", "iteration": 200, "loss": 2.24891651391983, "accuracy": 62.69859515154175}
{"phase": "train", "iteration": 250, "loss": 2.264741271018982, "accuracy": 62.312578340571946}
{"phase": "train", "iteration": 300, "loss": 2.2799250372250874, "accuracy": 61.86166430001241}
{"phase": "train", "iteration": 350, "loss": 2.2622187198911394, "accuracy": 62.32129882752986}
{"epoch": 124, "learning_rate": 0.00017, "next_learning_rate": 0.00017, "learning_rates": {"all": 0.00017}, "next_learning_rates": {"all": 0.00017}, "train_loss": 2.2626187983194987, "train_accuracy": 62.336845551276994, "train_samples": 45000, "train_seconds": 44.498013496398926, "val_loss": 1.6285621028900146, "val_accuracy": 73.52, "val_samples": 5000, "val_seconds": 1.9549262523651123, "best_validation_accuracy": 73.52, "best_epoch": 124, "epochs_without_improvement": 0}




Epoch == 125
{"phase": "train", "iteration": 50, "loss": 2.1430052590370177, "accuracy": 66.38713432570805}
{"phase": "train", "iteration": 100, "loss": 2.1738333177566527, "accuracy": 65.04370121178137}
{"phase": "train", "iteration": 150, "loss": 2.262312264442444, "accuracy": 62.40162901459599}
{"phase": "train", "iteration": 200, "loss": 2.2924735659360884, "accuracy": 61.8348689017697}
{"phase": "train", "iteration": 250, "loss": 2.2869989337921144, "accuracy": 62.17480642754265}
{"phase": "train", "iteration": 300, "loss": 2.2671436603864032, "accuracy": 62.420664101024094}
{"phase": "train", "iteration": 350, "loss": 2.2779082407270157, "accuracy": 62.10560591846824}
{"epoch": 125, "learning_rate": 0.00017, "next_learning_rate": 0.00017, "learning_rates": {"all": 0.00017}, "next_learning_rates": {"all": 0.00017}, "train_loss": 2.2741193216111926, "train_accuracy": 62.20694233517167, "train_samples": 45000, "train_seconds": 45.164387702941895, "val_loss": 1.627131546974182, "val_accuracy": 73.72, "val_samples": 5000, "val_seconds": 1.9605369567871094, "best_validation_accuracy": 73.72, "best_epoch": 125, "epochs_without_improvement": 0}




Epoch == 126
{"phase": "train", "iteration": 50, "loss": 2.2469093370437623, "accuracy": 63.470052641997285}
{"phase": "train", "iteration": 100, "loss": 2.302545328140259, "accuracy": 61.434422558454806}
{"phase": "train", "iteration": 150, "loss": 2.2409342829386394, "accuracy": 63.09971604374792}
{"phase": "train", "iteration": 200, "loss": 2.259180844426155, "accuracy": 62.540323351116996}
{"phase": "train", "iteration": 250, "loss": 2.2383047943115235, "accuracy": 63.12972833643831}
{"phase": "train", "iteration": 300, "loss": 2.2687934096654256, "accuracy": 62.29413947706893}
{"phase": "train", "iteration": 350, "loss": 2.269498461655208, "accuracy": 62.18383433836256}
{"epoch": 126, "learning_rate": 0.00017, "next_learning_rate": 0.00017, "learning_rates": {"all": 0.00017}, "next_learning_rates": {"all": 0.00017}, "train_loss": 2.2720381967756484, "train_accuracy": 62.098698720469834, "train_samples": 45000, "train_seconds": 45.162858963012695, "val_loss": 1.625874868774414, "val_accuracy": 73.74, "val_samples": 5000, "val_seconds": 1.9452626705169678, "best_validation_accuracy": 73.74, "best_epoch": 126, "epochs_without_improvement": 1}




Epoch == 127
{"phase": "train", "iteration": 50, "loss": 2.152162427902222, "accuracy": 66.43969678140698}
{"phase": "train", "iteration": 100, "loss": 2.243638561964035, "accuracy": 63.61756712202677}
{"phase": "train", "iteration": 150, "loss": 2.213655808766683, "accuracy": 64.41809509384757}
{"phase": "train", "iteration": 200, "loss": 2.248925169706345, "accuracy": 63.08913104147932}
{"phase": "train", "iteration": 250, "loss": 2.2769235348701478, "accuracy": 62.36370927220323}
{"phase": "train", "iteration": 300, "loss": 2.277669413884481, "accuracy": 62.30290271022836}
{"phase": "train", "iteration": 350, "loss": 2.2838260180609566, "accuracy": 62.27631555338969}
{"epoch": 127, "learning_rate": 0.00017, "next_learning_rate": 0.00017, "learning_rates": {"all": 0.00017}, "next_learning_rates": {"all": 0.00017}, "train_loss": 2.287785473293728, "train_accuracy": 62.1743669981524, "train_samples": 45000, "train_seconds": 44.72823119163513, "val_loss": 1.6247463264465332, "val_accuracy": 73.76, "val_samples": 5000, "val_seconds": 1.9529590606689453, "best_validation_accuracy": 73.76, "best_epoch": 127, "epochs_without_improvement": 0}




Epoch == 128
{"phase": "train", "iteration": 50, "loss": 2.502398874759674, "accuracy": 56.19519569517948}
{"phase": "train", "iteration": 100, "loss": 2.3925912523269655, "accuracy": 59.048626065136695}
{"phase": "train", "iteration": 150, "loss": 2.337689613501231, "accuracy": 60.63969931186534}
{"phase": "train", "iteration": 200, "loss": 2.3024670350551606, "accuracy": 61.62566771492841}
{"phase": "train", "iteration": 250, "loss": 2.310230182647705, "accuracy": 61.2250209409272}
{"phase": "train", "iteration": 300, "loss": 2.314308245976766, "accuracy": 61.06190182834624}
{"phase": "train", "iteration": 350, "loss": 2.326430116721562, "accuracy": 60.80435813819628}
{"epoch": 128, "learning_rate": 0.00017, "next_learning_rate": 0.00017, "learning_rates": {"all": 0.00017}, "next_learning_rates": {"all": 0.00017}, "train_loss": 2.328845125834147, "train_accuracy": 60.72662522702652, "train_samples": 45000, "train_seconds": 44.279088735580444, "val_loss": 1.6237975273132323, "val_accuracy": 73.72, "val_samples": 5000, "val_seconds": 1.9600441455841064, "best_validation_accuracy": 73.76, "best_epoch": 127, "epochs_without_improvement": 1}




Epoch == 129
{"phase": "train", "iteration": 50, "loss": 2.3179086589813234, "accuracy": 60.50311611722393}
{"phase": "train", "iteration": 100, "loss": 2.3061345434188842, "accuracy": 61.300970245868115}
{"phase": "train", "iteration": 150, "loss": 2.2662011766433716, "accuracy": 62.11443811966025}
{"phase": "train", "iteration": 200, "loss": 2.298463590145111, "accuracy": 61.49690887525413}
{"phase": "train", "iteration": 250, "loss": 2.309301857471466, "accuracy": 61.04543675358118}
{"phase": "train", "iteration": 300, "loss": 2.3052752578258513, "accuracy": 61.25497883436652}
{"phase": "train", "iteration": 350, "loss": 2.3064944495473587, "accuracy": 61.26168447511306}
{"epoch": 129, "learning_rate": 0.00017, "next_learning_rate": 0.00017, "learning_rates": {"all": 0.00017}, "next_learning_rates": {"all": 0.00017}, "train_loss": 2.3081997307671442, "train_accuracy": 61.22731061759575, "train_samples": 45000, "train_seconds": 44.74990391731262, "val_loss": 1.622764649772644, "val_accuracy": 73.68, "val_samples": 5000, "val_seconds": 1.9595355987548828, "best_validation_accuracy": 73.76, "best_epoch": 127, "epochs_without_improvement": 2}




Epoch == 130
{"phase": "train", "iteration": 50, "loss": 2.3483352708816527, "accuracy": 60.77619419851441}
{"phase": "train", "iteration": 100, "loss": 2.2531278800964354, "accuracy": 62.89767966868808}
{"phase": "train", "iteration": 150, "loss": 2.298577287991842, "accuracy": 61.49310576415141}
{"phase": "train", "iteration": 200, "loss": 2.2832840490341186, "accuracy": 62.001427323042975}
{"phase": "train", "iteration": 250, "loss": 2.2626504063606263, "accuracy": 62.63465746030741}
{"phase": "train", "iteration": 300, "loss": 2.296646204392115, "accuracy": 61.64601772068312}
{"phase": "train", "iteration": 350, "loss": 2.297615278448377, "accuracy": 61.6517611705382}
{"epoch": 130, "learning_rate": 0.00017, "next_learning_rate": 0.00017, "learning_rates": {"all": 0.00017}, "next_learning_rates": {"all": 0.00017}, "train_loss": 2.2973726996527777, "train_accuracy": 61.65761040819785, "train_samples": 45000, "train_seconds": 44.491276025772095, "val_loss": 1.6217997386932372, "val_accuracy": 74.0, "val_samples": 5000, "val_seconds": 1.9545331001281738, "best_validation_accuracy": 74.0, "best_epoch": 130, "epochs_without_improvement": 0}




Epoch == 131
{"phase": "train", "iteration": 50, "loss": 2.4543781805038454, "accuracy": 57.5452736072439}
{"phase": "train", "iteration": 100, "loss": 2.313450186252594, "accuracy": 62.11269971804384}
{"phase": "train", "iteration": 150, "loss": 2.226772490342458, "accuracy": 64.32938864102906}
{"phase": "train", "iteration": 200, "loss": 2.2491330605745317, "accuracy": 63.346170287430475}
{"phase": "train", "iteration": 250, "loss": 2.2378985171318053, "accuracy": 63.645631016282216}
{"phase": "train", "iteration": 300, "loss": 2.270380339225133, "accuracy": 62.658587524295676}
{"phase": "train", "iteration": 350, "loss": 2.2613963852609906, "accuracy": 62.8206009778526}
{"epoch": 131, "learning_rate": 0.00017, "next_learning_rate": 0.00017, "learning_rates": {"all": 0.00017}, "next_learning_rates": {"all": 0.00017}, "train_loss": 2.260900674735175, "train_accuracy": 62.82343696674083, "train_samples": 45000, "train_seconds": 44.43441581726074, "val_loss": 1.620413444328308, "val_accuracy": 74.08, "val_samples": 5000, "val_seconds": 1.9528648853302002, "best_validation_accuracy": 74.08, "best_epoch": 131, "epochs_without_improvement": 0}




Epoch == 132
{"phase": "train", "iteration": 50, "loss": 2.4712720465660096, "accuracy": 56.27947626698119}
{"phase": "train", "iteration": 100, "loss": 2.3528087162971496, "accuracy": 59.908206569861896}
{"phase": "train", "iteration": 150, "loss": 2.306692577203115, "accuracy": 61.233645400985274}
{"phase": "train", "iteration": 200, "loss": 2.312066347002983, "accuracy": 60.9760655416301}
{"phase": "train", "iteration": 250, "loss": 2.3272565722465517, "accuracy": 60.65520016804726}
{"phase": "train", "iteration": 300, "loss": 2.2844797507921855, "accuracy": 61.88504649754091}
{"phase": "train", "iteration": 350, "loss": 2.268319843155997, "accuracy": 62.269931117756826}
{"epoch": 132, "learning_rate": 0.00017, "next_learning_rate": 0.00017, "learning_rates": {"all": 0.00017}, "next_learning_rates": {"all": 0.00017}, "train_loss": 2.272278640407986, "train_accuracy": 62.12678046903902, "train_samples": 45000, "train_seconds": 45.21661686897278, "val_loss": 1.6197284580230713, "val_accuracy": 74.04, "val_samples": 5000, "val_seconds": 1.9516217708587646, "best_validation_accuracy": 74.08, "best_epoch": 131, "epochs_without_improvement": 1}




Epoch == 133
{"phase": "train", "iteration": 50, "loss": 2.589284725189209, "accuracy": 53.74074469592968}
{"phase": "train", "iteration": 100, "loss": 2.375021595954895, "accuracy": 59.80891910404862}
{"phase": "train", "iteration": 150, "loss": 2.305321989854177, "accuracy": 61.42672792921412}
{"phase": "train", "iteration": 200, "loss": 2.2997756046056748, "accuracy": 61.499908387682915}
{"phase": "train", "iteration": 250, "loss": 2.30822611951828, "accuracy": 61.3030355604806}
{"phase": "train", "iteration": 300, "loss": 2.3470458551247915, "accuracy": 60.167556369593356}
{"phase": "train", "iteration": 350, "loss": 2.3272292828559875, "accuracy": 60.809357117627606}
{"epoch": 133, "learning_rate": 0.00017, "next_learning_rate": 0.00017, "learning_rates": {"all": 0.00017}, "next_learning_rates": {"all": 0.00017}, "train_loss": 2.3258123084174263, "train_accuracy": 60.861210703776116, "train_samples": 45000, "train_seconds": 45.13371825218201, "val_loss": 1.618802918434143, "val_accuracy": 74.08, "val_samples": 5000, "val_seconds": 1.9450743198394775, "best_validation_accuracy": 74.08, "best_epoch": 131, "epochs_without_improvement": 2}




Epoch == 134
{"phase": "train", "iteration": 50, "loss": 2.303554310798645, "accuracy": 61.70559060393376}
{"phase": "train", "iteration": 100, "loss": 2.2840465676784514, "accuracy": 62.57307049672662}
{"phase": "train", "iteration": 150, "loss": 2.2508736952145894, "accuracy": 63.46318439786844}
{"phase": "train", "iteration": 200, "loss": 2.258688308596611, "accuracy": 63.03810118362523}
{"phase": "train", "iteration": 250, "loss": 2.2396227979660033, "accuracy": 63.71566146909673}
{"phase": "train", "iteration": 300, "loss": 2.2084347911675772, "accuracy": 64.40756687444113}
{"phase": "train", "iteration": 350, "loss": 2.185657843521663, "accuracy": 64.95597599108973}
{"epoch": 134, "learning_rate": 0.00017, "next_learning_rate": 0.00017, "learning_rates": {"all": 0.00017}, "next_learning_rates": {"all": 0.00017}, "train_loss": 2.1861173284954494, "train_accuracy": 64.92184049471751, "train_samples": 45000, "train_seconds": 44.511125802993774, "val_loss": 1.61773244972229, "val_accuracy": 74.26, "val_samples": 5000, "val_seconds": 1.9607572555541992, "best_validation_accuracy": 74.26, "best_epoch": 134, "epochs_without_improvement": 0}




Epoch == 135
{"phase": "train", "iteration": 50, "loss": 2.435786817073822, "accuracy": 58.70441942846216}
{"phase": "train", "iteration": 100, "loss": 2.3339947843551636, "accuracy": 61.79457689925715}
{"phase": "train", "iteration": 150, "loss": 2.375864328543345, "accuracy": 60.32744800593528}
{"phase": "train", "iteration": 200, "loss": 2.4185850018262864, "accuracy": 59.02603078631529}
{"phase": "train", "iteration": 250, "loss": 2.392465401172638, "accuracy": 59.48284355193953}
{"phase": "train", "iteration": 300, "loss": 2.378335907061895, "accuracy": 59.90488494554485}
{"phase": "train", "iteration": 350, "loss": 2.3868683123588563, "accuracy": 59.77144582759032}
{"epoch": 135, "learning_rate": 0.00017, "next_learning_rate": 0.00017, "learning_rates": {"all": 0.00017}, "next_learning_rates": {"all": 0.00017}, "train_loss": 2.3858210858662923, "train_accuracy": 59.8128216774608, "train_samples": 45000, "train_seconds": 44.155847787857056, "val_loss": 1.6170178895950318, "val_accuracy": 74.2, "val_samples": 5000, "val_seconds": 1.9636259078979492, "best_validation_accuracy": 74.26, "best_epoch": 134, "epochs_without_improvement": 1}




Epoch == 136
{"phase": "train", "iteration": 50, "loss": 2.3725589179992674, "accuracy": 60.545073544302056}
{"phase": "train", "iteration": 100, "loss": 2.310219871997833, "accuracy": 61.99687779496242}
{"phase": "train", "iteration": 150, "loss": 2.264749166170756, "accuracy": 62.868118320826895}
{"phase": "train", "iteration": 200, "loss": 2.2401184153556826, "accuracy": 63.619102542489955}
{"phase": "train", "iteration": 250, "loss": 2.246319571971893, "accuracy": 63.395828739716}
{"phase": "train", "iteration": 300, "loss": 2.247247535785039, "accuracy": 63.151017882773424}
{"phase": "train", "iteration": 350, "loss": 2.25449691261564, "accuracy": 62.93024165123162}
{"epoch": 136, "learning_rate": 0.00017, "next_learning_rate": 0.00017, "learning_rates": {"all": 0.00017}, "next_learning_rates": {"all": 0.00017}, "train_loss": 2.252827138349745, "train_accuracy": 62.97591624633995, "train_samples": 45000, "train_seconds": 44.9878249168396, "val_loss": 1.6161334510803222, "val_accuracy": 74.26, "val_samples": 5000, "val_seconds": 1.947045087814331, "best_validation_accuracy": 74.26, "best_epoch": 134, "epochs_without_improvement": 2}




Epoch == 137
{"phase": "train", "iteration": 50, "loss": 2.1781876349449156, "accuracy": 65.27671442025608}
{"phase": "train", "iteration": 100, "loss": 2.3235958409309387, "accuracy": 61.357976520757}
{"phase": "train", "iteration": 150, "loss": 2.3059442377090456, "accuracy": 61.60065258711613}
{"phase": "train", "iteration": 200, "loss": 2.284945139288902, "accuracy": 62.25292749984501}
{"phase": "train", "iteration": 250, "loss": 2.2976517071723936, "accuracy": 61.82616780972969}
{"phase": "train", "iteration": 300, "loss": 2.282958523829778, "accuracy": 62.22665519323884}
{"phase": "train", "iteration": 350, "loss": 2.298343310696738, "accuracy": 61.808295402306406}
{"epoch": 137, "learning_rate": 0.00017, "next_learning_rate": 0.00017, "learning_rates": {"all": 0.00017}, "next_learning_rates": {"all": 0.00017}, "train_loss": 2.300691604953342, "train_accuracy": 61.7322724227406, "train_samples": 45000, "train_seconds": 45.183316469192505, "val_loss": 1.6156605459213256, "val_accuracy": 74.36, "val_samples": 5000, "val_seconds": 1.9429216384887695, "best_validation_accuracy": 74.36, "best_epoch": 137, "epochs_without_improvement": 0}




Epoch == 138
{"phase": "train", "iteration": 50, "loss": 2.367421877384186, "accuracy": 60.36541640571379}
{"phase": "train", "iteration": 100, "loss": 2.3246848678588865, "accuracy": 61.09779941691006}
{"phase": "train", "iteration": 150, "loss": 2.304718319574992, "accuracy": 61.89475019481405}
{"phase": "train", "iteration": 200, "loss": 2.3052005517482757, "accuracy": 61.83012409057721}
{"phase": "train", "iteration": 250, "loss": 2.267143333911896, "accuracy": 62.84978846039665}
{"phase": "train", "iteration": 300, "loss": 2.2776595687866212, "accuracy": 62.48777287291674}
{"phase": "train", "iteration": 350, "loss": 2.249841499328613, "accuracy": 63.298558379461944}
{"epoch": 138, "learning_rate": 0.00017, "next_learning_rate": 0.00017, "learning_rates": {"all": 0.00017}, "next_learning_rates": {"all": 0.00017}, "train_loss": 2.2519335446887547, "train_accuracy": 63.23850874185504, "train_samples": 45000, "train_seconds": 44.41516399383545, "val_loss": 1.6156297924041747, "val_accuracy": 74.42, "val_samples": 5000, "val_seconds": 1.9573795795440674, "best_validation_accuracy": 74.42, "best_epoch": 138, "epochs_without_improvement": 0}




Epoch == 139
{"phase": "train", "iteration": 50, "loss": 2.2701318216323854, "accuracy": 62.29508027971977}
{"phase": "train", "iteration": 100, "loss": 2.3163985300064085, "accuracy": 61.55373522965126}
{"phase": "train", "iteration": 150, "loss": 2.34832582394282, "accuracy": 60.55517736535835}
{"phase": "train", "iteration": 200, "loss": 2.2798280370235444, "accuracy": 62.53271053904211}
{"phase": "train", "iteration": 250, "loss": 2.2821635847091675, "accuracy": 62.28083834150942}
{"phase": "train", "iteration": 300, "loss": 2.2910480765501657, "accuracy": 62.015851541703306}
{"phase": "train", "iteration": 350, "loss": 2.2543806733403886, "accuracy": 63.12002510057187}
{"epoch": 139, "learning_rate": 0.00017, "next_learning_rate": 0.00017, "learning_rates": {"all": 0.00017}, "next_learning_rates": {"all": 0.00017}, "train_loss": 2.249963692220052, "train_accuracy": 63.240205980343184, "train_samples": 45000, "train_seconds": 44.390422344207764, "val_loss": 1.615328618621826, "val_accuracy": 74.36, "val_samples": 5000, "val_seconds": 1.9553077220916748, "best_validation_accuracy": 74.42, "best_epoch": 138, "epochs_without_improvement": 1}




Epoch == 140
{"phase": "train", "iteration": 50, "loss": 2.2077448081970217, "accuracy": 64.24000836076426}
{"phase": "train", "iteration": 100, "loss": 2.2177463901042938, "accuracy": 63.854506759847666}
{"phase": "train", "iteration": 150, "loss": 2.2403366311391193, "accuracy": 63.41861568069698}
{"phase": "train", "iteration": 200, "loss": 2.275367411971092, "accuracy": 62.487529442136314}
{"phase": "train", "iteration": 250, "loss": 2.2975339884757995, "accuracy": 62.07121057021336}
{"phase": "train", "iteration": 300, "loss": 2.247115980386734, "accuracy": 63.46681001281895}
{"phase": "train", "iteration": 350, "loss": 2.276234263351985, "accuracy": 62.585930918698764}
{"epoch": 140, "learning_rate": 0.00017, "next_learning_rate": 0.00017, "learning_rates": {"all": 0.00017}, "next_learning_rates": {"all": 0.00017}, "train_loss": 2.2742128116607665, "train_accuracy": 62.641416765771545, "train_samples": 45000, "train_seconds": 44.24834156036377, "val_loss": 1.6145902765274047, "val_accuracy": 74.42, "val_samples": 5000, "val_seconds": 1.9593913555145264, "best_validation_accuracy": 74.42, "best_epoch": 138, "epochs_without_improvement": 2}




Epoch == 141
{"phase": "train", "iteration": 50, "loss": 2.4831725120544434, "accuracy": 56.35311633353476}
{"phase": "train", "iteration": 100, "loss": 2.408484950065613, "accuracy": 58.797273514028284}
{"phase": "train", "iteration": 150, "loss": 2.3961469586690267, "accuracy": 59.122157182186456}
{"phase": "train", "iteration": 200, "loss": 2.3435344111919405, "accuracy": 60.81562433795765}
{"phase": "train", "iteration": 250, "loss": 2.320738869190216, "accuracy": 61.36879938796536}
{"phase": "train", "iteration": 300, "loss": 2.284336955547333, "accuracy": 62.26436837467585}
{"phase": "train", "iteration": 350, "loss": 2.2890803565297806, "accuracy": 62.18170512284469}
{"epoch": 141, "learning_rate": 0.00017, "next_learning_rate": 0.00017, "learning_rates": {"all": 0.00017}, "next_learning_rates": {"all": 0.00017}, "train_loss": 2.2924834728664822, "train_accuracy": 62.08932355509829, "train_samples": 45000, "train_seconds": 44.60628843307495, "val_loss": 1.6139833988189698, "val_accuracy": 74.52, "val_samples": 5000, "val_seconds": 1.9592523574829102, "best_validation_accuracy": 74.52, "best_epoch": 141, "epochs_without_improvement": 0}




Epoch == 142
{"phase": "train", "iteration": 50, "loss": 2.202406907081604, "accuracy": 64.1931656517734}
{"phase": "train", "iteration": 100, "loss": 2.2304741632938385, "accuracy": 63.943677978643045}
{"phase": "train", "iteration": 150, "loss": 2.2509282382329303, "accuracy": 63.47659234082252}
{"phase": "train", "iteration": 200, "loss": 2.2532257795333863, "accuracy": 63.246372798900545}
{"phase": "train", "iteration": 250, "loss": 2.255171112060547, "accuracy": 63.17376949379145}
{"phase": "train", "iteration": 300, "loss": 2.258017338911692, "accuracy": 63.14225720254127}
{"phase": "train", "iteration": 350, "loss": 2.2559984292302815, "accuracy": 63.1770718489526}
{"epoch": 142, "learning_rate": 0.00017, "next_learning_rate": 0.00017, "learning_rates": {"all": 0.00017}, "next_learning_rates": {"all": 0.00017}, "train_loss": 2.2552900656170314, "train_accuracy": 63.20504447729709, "train_samples": 45000, "train_seconds": 44.78707456588745, "val_loss": 1.6134447463989259, "val_accuracy": 74.48, "val_samples": 5000, "val_seconds": 1.9522650241851807, "best_validation_accuracy": 74.52, "best_epoch": 141, "epochs_without_improvement": 1}




Epoch == 143
{"phase": "train", "iteration": 50, "loss": 2.1299336552619934, "accuracy": 66.75610703487027}
{"phase": "train", "iteration": 100, "loss": 2.106464842557907, "accuracy": 67.40656062184073}
{"phase": "train", "iteration": 150, "loss": 2.1576074703534442, "accuracy": 65.71032432084509}
{"phase": "train", "iteration": 200, "loss": 2.1891008257865905, "accuracy": 64.64718732467844}
{"phase": "train", "iteration": 250, "loss": 2.20673114490509, "accuracy": 64.29508762451356}
{"phase": "train", "iteration": 300, "loss": 2.1869858304659524, "accuracy": 64.69998946438757}
{"phase": "train", "iteration": 350, "loss": 2.191195672920772, "accuracy": 64.65707353285072}
{"epoch": 143, "learning_rate": 0.00017, "next_learning_rate": 0.00017, "learning_rates": {"all": 0.00017}, "next_learning_rates": {"all": 0.00017}, "train_loss": 2.187659166675144, "train_accuracy": 64.75983235369517, "train_samples": 45000, "train_seconds": 44.8809859752655, "val_loss": 1.6129926811218263, "val_accuracy": 74.56, "val_samples": 5000, "val_seconds": 1.947366714477539, "best_validation_accuracy": 74.56, "best_epoch": 143, "epochs_without_improvement": 0}




Epoch == 144
{"phase": "train", "iteration": 50, "loss": 2.163770933151245, "accuracy": 65.48804996546855}
{"phase": "train", "iteration": 100, "loss": 2.196008561849594, "accuracy": 64.94990263997805}
{"phase": "train", "iteration": 150, "loss": 2.2360346738497414, "accuracy": 63.88798428383002}
{"phase": "train", "iteration": 200, "loss": 2.197133602499962, "accuracy": 64.90175346812458}
{"phase": "train", "iteration": 250, "loss": 2.1719645137786867, "accuracy": 65.55383581659122}
{"phase": "train", "iteration": 300, "loss": 2.167258108059565, "accuracy": 65.69111618837546}
{"phase": "train", "iteration": 350, "loss": 2.1907428390639168, "accuracy": 64.92384859859968}
{"epoch": 144, "learning_rate": 0.00017, "next_learning_rate": 0.00017, "learning_rates": {"all": 0.00017}, "next_learning_rates": {"all": 0.00017}, "train_loss": 2.1895976257748075, "train_accuracy": 64.95892355551008, "train_samples": 45000, "train_seconds": 44.80559539794922, "val_loss": 1.612020668029785, "val_accuracy": 74.5, "val_samples": 5000, "val_seconds": 1.942427635192871, "best_validation_accuracy": 74.56, "best_epoch": 143, "epochs_without_improvement": 1}




Epoch == 145
{"phase": "train", "iteration": 50, "loss": 2.2475118017196656, "accuracy": 62.341774309685086}
{"phase": "train", "iteration": 100, "loss": 2.161609765291214, "accuracy": 64.85872303644226}
{"phase": "train", "iteration": 150, "loss": 2.1810108319918315, "accuracy": 64.35562197883698}
{"phase": "train", "iteration": 200, "loss": 2.1732950413227083, "accuracy": 64.62450512522257}
{"phase": "train", "iteration": 250, "loss": 2.1864833297729493, "accuracy": 64.56272928713764}
{"phase": "train", "iteration": 300, "loss": 2.166287720600764, "accuracy": 65.08542621202395}
{"phase": "train", "iteration": 350, "loss": 2.195595952102116, "accuracy": 64.46505341323552}
{"epoch": 145, "learning_rate": 0.00017, "next_learning_rate": 0.00017, "learning_rates": {"all": 0.00017}, "next_learning_rates": {"all": 0.00017}, "train_loss": 2.1944413263108995, "train_accuracy": 64.50407473829428, "train_samples": 45000, "train_seconds": 44.787132263183594, "val_loss": 1.6113008499145507, "val_accuracy": 74.62, "val_samples": 5000, "val_seconds": 1.9502544403076172, "best_validation_accuracy": 74.62, "best_epoch": 145, "epochs_without_improvement": 0}




Epoch == 146
{"phase": "train", "iteration": 50, "loss": 1.972271831035614, "accuracy": 71.35841154212096}
{"phase": "train", "iteration": 100, "loss": 2.0854109358787536, "accuracy": 67.92066577537925}
{"phase": "train", "iteration": 150, "loss": 2.1893408497174582, "accuracy": 65.02014282057611}
{"phase": "train", "iteration": 200, "loss": 2.1723193019628524, "accuracy": 65.5468819098822}
{"phase": "train", "iteration": 250, "loss": 2.1570120816230776, "accuracy": 65.83821275091773}
{"phase": "train", "iteration": 300, "loss": 2.18209148645401, "accuracy": 65.00748558784183}
{"phase": "train", "iteration": 350, "loss": 2.2215678126471383, "accuracy": 63.98554686538275}
{"epoch": 146, "learning_rate": 0.00017, "next_learning_rate": 0.00017, "learning_rates": {"all": 0.00017}, "next_learning_rates": {"all": 0.00017}, "train_loss": 2.217095841217041, "train_accuracy": 64.1028173742251, "train_samples": 45000, "train_seconds": 44.4212167263031, "val_loss": 1.6102714878082276, "val_accuracy": 74.84, "val_samples": 5000, "val_seconds": 1.9626190662384033, "best_validation_accuracy": 74.84, "best_epoch": 146, "epochs_without_improvement": 0}




Epoch == 147
{"phase": "train", "iteration": 50, "loss": 2.109711995124817, "accuracy": 67.65902381851214}
{"phase": "train", "iteration": 100, "loss": 2.137480592727661, "accuracy": 67.31529305580214}
{"phase": "train", "iteration": 150, "loss": 2.146291131178538, "accuracy": 66.89570457397944}
{"phase": "train", "iteration": 200, "loss": 2.1645447009801866, "accuracy": 66.37041007503989}
{"phase": "train", "iteration": 250, "loss": 2.1779710202217104, "accuracy": 65.84916177853626}
{"phase": "train", "iteration": 300, "loss": 2.1554278039932253, "accuracy": 66.45196740916411}
{"phase": "train", "iteration": 350, "loss": 2.1723830689702717, "accuracy": 65.85476993958775}
{"epoch": 147, "learning_rate": 0.00017, "next_learning_rate": 0.00017, "learning_rates": {"all": 0.00017}, "next_learning_rates": {"all": 0.00017}, "train_loss": 2.17482785964542, "train_accuracy": 65.7815922558497, "train_samples": 45000, "train_seconds": 44.30075192451477, "val_loss": 1.609546007156372, "val_accuracy": 74.88, "val_samples": 5000, "val_seconds": 1.9553582668304443, "best_validation_accuracy": 74.88, "best_epoch": 147, "epochs_without_improvement": 0}




Epoch == 148
{"phase": "train", "iteration": 50, "loss": 2.4623112583160403, "accuracy": 57.85795982288517}
{"phase": "train", "iteration": 100, "loss": 2.3476522171497347, "accuracy": 60.3515823528916}
{"phase": "train", "iteration": 150, "loss": 2.278807203769684, "accuracy": 62.51961865590959}
{"phase": "train", "iteration": 200, "loss": 2.2482068437337874, "accuracy": 63.130610374300275}
{"phase": "train", "iteration": 250, "loss": 2.2157869505882264, "accuracy": 63.97474927187199}
{"phase": "train", "iteration": 300, "loss": 2.2476745267709095, "accuracy": 63.01814622127596}
{"phase": "train", "iteration": 350, "loss": 2.2652328416279386, "accuracy": 62.67979511233098}
{"epoch": 148, "learning_rate": 0.00017, "next_learning_rate": 0.00017, "learning_rates": {"all": 0.00017}, "next_learning_rates": {"all": 0.00017}, "train_loss": 2.26380919119517, "train_accuracy": 62.73265993000468, "train_samples": 45000, "train_seconds": 44.30008053779602, "val_loss": 1.6088639295578002, "val_accuracy": 74.86, "val_samples": 5000, "val_seconds": 1.963590145111084, "best_validation_accuracy": 74.88, "best_epoch": 147, "epochs_without_improvement": 1}




Epoch == 149
{"phase": "train", "iteration": 50, "loss": 2.129264907836914, "accuracy": 66.8687913126474}
{"phase": "train", "iteration": 100, "loss": 2.3072490918636324, "accuracy": 61.631745932335136}
{"phase": "train", "iteration": 150, "loss": 2.2929074867566426, "accuracy": 62.17021203587057}
{"phase": "train", "iteration": 200, "loss": 2.2682713067531584, "accuracy": 62.903976733934456}
{"phase": "train", "iteration": 250, "loss": 2.2518050837516785, "accuracy": 63.34510929606688}
{"phase": "train", "iteration": 300, "loss": 2.2658627649148304, "accuracy": 63.10095355937018}
{"phase": "train", "iteration": 350, "loss": 2.2576946680886403, "accuracy": 63.23990997974694}
{"epoch": 149, "learning_rate": 0.00017, "next_learning_rate": 0.00017, "learning_rates": {"all": 0.00017}, "next_learning_rates": {"all": 0.00017}, "train_loss": 2.2613925664265953, "train_accuracy": 63.112589372892515, "train_samples": 45000, "train_seconds": 44.72250413894653, "val_loss": 1.6083742002487182, "val_accuracy": 74.9, "val_samples": 5000, "val_seconds": 1.9530436992645264, "best_validation_accuracy": 74.9, "best_epoch": 149, "epochs_without_improvement": 0}




Epoch == 150
{"phase": "train", "iteration": 50, "loss": 2.2355689859390258, "accuracy": 64.87924967153496}
{"phase": "train", "iteration": 100, "loss": 2.2097241461277006, "accuracy": 65.51097987297506}
{"phase": "train", "iteration": 150, "loss": 2.244378844102224, "accuracy": 63.82912246005903}
{"phase": "train", "iteration": 200, "loss": 2.2401808142662047, "accuracy": 63.85817917869188}
{"phase": "train", "iteration": 250, "loss": 2.2438702206611634, "accuracy": 63.84388844017802}
{"phase": "train", "iteration": 300, "loss": 2.2105290106932323, "accuracy": 64.76430492311528}
{"phase": "train", "iteration": 350, "loss": 2.2064755541937693, "accuracy": 64.77334780757405}
{"epoch": 150, "learning_rate": 0.00017, "next_learning_rate": 0.00017, "learning_rates": {"all": 0.00017}, "next_learning_rates": {"all": 0.00017}, "train_loss": 2.209868335723877, "train_accuracy": 64.65817459509594, "train_samples": 45000, "train_seconds": 44.449517011642456, "val_loss": 1.607814920425415, "val_accuracy": 75.0, "val_samples": 5000, "val_seconds": 1.9582414627075195, "best_validation_accuracy": 75.0, "best_epoch": 150, "epochs_without_improvement": 0}




Epoch == 151
{"phase": "train", "iteration": 50, "loss": 2.5951763796806335, "accuracy": 53.45154235414786}
{"phase": "train", "iteration": 100, "loss": 2.391776530742645, "accuracy": 59.45418062260641}
{"phase": "train", "iteration": 150, "loss": 2.339545504252116, "accuracy": 60.749167816827224}
{"phase": "train", "iteration": 200, "loss": 2.2928262877464296, "accuracy": 61.91896303970867}
{"phase": "train", "iteration": 250, "loss": 2.2860601863861083, "accuracy": 62.142431438311704}
{"phase": "train", "iteration": 300, "loss": 2.3036180341243746, "accuracy": 61.570750918577176}
{"phase": "train", "iteration": 350, "loss": 2.291981030191694, "accuracy": 61.954132838019724}
{"epoch": 151, "learning_rate": 0.00017, "next_learning_rate": 0.00017, "learning_rates": {"all": 0.00017}, "next_learning_rates": {"all": 0.00017}, "train_loss": 2.293834237289429, "train_accuracy": 61.89641688052502, "train_samples": 45000, "train_seconds": 44.57360219955444, "val_loss": 1.6073118492126466, "val_accuracy": 75.1, "val_samples": 5000, "val_seconds": 1.9577276706695557, "best_validation_accuracy": 75.1, "best_epoch": 151, "epochs_without_improvement": 0}




Epoch == 152
{"phase": "train", "iteration": 50, "loss": 2.066826603412628, "accuracy": 67.98038368910805}
{"phase": "train", "iteration": 100, "loss": 2.1715098452568053, "accuracy": 65.17486698173457}
{"phase": "train", "iteration": 150, "loss": 2.1518057338396708, "accuracy": 66.07667645079212}
{"phase": "train", "iteration": 200, "loss": 2.147173899412155, "accuracy": 66.02576115860667}
{"phase": "train", "iteration": 250, "loss": 2.1302435040473937, "accuracy": 66.55586757453179}
{"phase": "train", "iteration": 300, "loss": 2.13499303539594, "accuracy": 66.30366950228246}
{"phase": "train", "iteration": 350, "loss": 2.146362796170371, "accuracy": 66.0027318704599}
{"epoch": 152, "learning_rate": 0.00017, "next_learning_rate": 0.00017, "learning_rates": {"all": 0.00017}, "next_learning_rates": {"all": 0.00017}, "train_loss": 2.1491833019680446, "train_accuracy": 65.95941224257456, "train_samples": 45000, "train_seconds": 44.77071404457092, "val_loss": 1.6068190479278563, "val_accuracy": 75.06, "val_samples": 5000, "val_seconds": 1.9486541748046875, "best_validation_accuracy": 75.1, "best_epoch": 151, "epochs_without_improvement": 1}




Epoch == 153
{"phase": "train", "iteration": 50, "loss": 2.055705325603485, "accuracy": 69.99674161130154}
{"phase": "train", "iteration": 100, "loss": 2.08911771774292, "accuracy": 68.00977310602048}
{"phase": "train", "iteration": 150, "loss": 2.129404403368632, "accuracy": 67.03738813692848}
{"phase": "train", "iteration": 200, "loss": 2.120865531563759, "accuracy": 67.18908523337767}
{"phase": "train", "iteration": 250, "loss": 2.13503785943985, "accuracy": 66.80674766747362}
{"phase": "train", "iteration": 300, "loss": 2.139093807140986, "accuracy": 66.64700268961202}
{"phase": "train", "iteration": 350, "loss": 2.1487453413009643, "accuracy": 66.45615656054345}
{"epoch": 153, "learning_rate": 0.00017, "next_learning_rate": 0.00017, "learning_rates": {"all": 0.00017}, "next_learning_rates": {"all": 0.00017}, "train_loss": 2.145529487906562, "train_accuracy": 66.54099425689027, "train_samples": 45000, "train_seconds": 44.78318738937378, "val_loss": 1.6062400022506713, "val_accuracy": 75.04, "val_samples": 5000, "val_seconds": 1.942518949508667, "best_validation_accuracy": 75.1, "best_epoch": 151, "epochs_without_improvement": 2}




Epoch == 154
{"phase": "train", "iteration": 50, "loss": 2.3509189462661744, "accuracy": 60.65096081523248}
{"phase": "train", "iteration": 100, "loss": 2.231721547842026, "accuracy": 63.83764535040703}
{"phase": "train", "iteration": 150, "loss": 2.217875767548879, "accuracy": 64.15184259140591}
{"phase": "train", "iteration": 200, "loss": 2.1648161351680755, "accuracy": 65.57106461131545}
{"phase": "train", "iteration": 250, "loss": 2.1703881397247313, "accuracy": 65.45677043993285}
{"phase": "train", "iteration": 300, "loss": 2.1511337133248647, "accuracy": 65.83910581330652}
{"phase": "train", "iteration": 350, "loss": 2.178434818812779, "accuracy": 65.00593714407955}
{"epoch": 154, "learning_rate": 0.00017, "next_learning_rate": 0.00017, "learning_rates": {"all": 0.00017}, "next_learning_rates": {"all": 0.00017}, "train_loss": 2.1829988764444987, "train_accuracy": 64.86778644988657, "train_samples": 45000, "train_seconds": 45.34187388420105, "val_loss": 1.605325685119629, "val_accuracy": 74.98, "val_samples": 5000, "val_seconds": 1.954796552658081, "best_validation_accuracy": 75.1, "best_epoch": 151, "epochs_without_improvement": 3}




Epoch == 155
{"phase": "train", "iteration": 50, "loss": 2.196885919570923, "accuracy": 65.32198370175836}
{"phase": "train", "iteration": 100, "loss": 2.108277325630188, "accuracy": 67.57578325865396}
{"phase": "train", "iteration": 150, "loss": 2.1757249466578163, "accuracy": 65.6125849379726}
{"phase": "train", "iteration": 200, "loss": 2.1662330442667006, "accuracy": 65.9590828523355}
{"phase": "train", "iteration": 250, "loss": 2.210436674118042, "accuracy": 64.58913637356703}
{"phase": "train", "iteration": 300, "loss": 2.2141780936717987, "accuracy": 64.41041678178527}
{"phase": "train", "iteration": 350, "loss": 2.2243558052607946, "accuracy": 64.12754287299332}
{"epoch": 155, "learning_rate": 0.00017, "next_learning_rate": 0.00014450000000000002, "learning_rates": {"all": 0.00017}, "next_learning_rates": {"all": 0.00014450000000000002}, "train_loss": 2.22073171649509, "train_accuracy": 64.22444864031218, "train_samples": 45000, "train_seconds": 45.051801681518555, "val_loss": 1.6048182098388672, "val_accuracy": 74.98, "val_samples": 5000, "val_seconds": 1.9559614658355713, "best_validation_accuracy": 75.1, "best_epoch": 151, "epochs_without_improvement": 4}




Epoch == 156
{"phase": "train", "iteration": 50, "loss": 2.1748259830474854, "accuracy": 65.8795212495806}
{"phase": "train", "iteration": 100, "loss": 2.239429190158844, "accuracy": 64.04713473871152}
{"phase": "train", "iteration": 150, "loss": 2.187627811431885, "accuracy": 65.58587205925302}
{"phase": "train", "iteration": 200, "loss": 2.164470388293266, "accuracy": 66.34687270092736}
{"phase": "train", "iteration": 250, "loss": 2.201454367637634, "accuracy": 65.31066694430427}
{"phase": "train", "iteration": 300, "loss": 2.2044479990005494, "accuracy": 65.18704260936569}
{"phase": "train", "iteration": 350, "loss": 2.2077785968780517, "accuracy": 65.02902274895625}
{"epoch": 156, "learning_rate": 0.00014450000000000002, "next_learning_rate": 0.00014450000000000002, "learning_rates": {"all": 0.00014450000000000002}, "next_learning_rates": {"all": 0.00014450000000000002}, "train_loss": 2.207412040837606, "train_accuracy": 65.0295862988006, "train_samples": 45000, "train_seconds": 45.00235605239868, "val_loss": 1.6046022073745727, "val_accuracy": 75.1, "val_samples": 5000, "val_seconds": 1.9348533153533936, "best_validation_accuracy": 75.1, "best_epoch": 151, "epochs_without_improvement": 5}




Epoch == 157
{"phase": "train", "iteration": 50, "loss": 2.0229157519340517, "accuracy": 69.513679615257}
{"phase": "train", "iteration": 100, "loss": 2.0728129839897154, "accuracy": 68.26974433563161}
{"phase": "train", "iteration": 150, "loss": 2.065750430425008, "accuracy": 68.58983842298899}
{"phase": "train", "iteration": 200, "loss": 2.13800914645195, "accuracy": 66.51912001597317}
{"phase": "train", "iteration": 250, "loss": 2.1710314655303957, "accuracy": 65.54822652176476}
{"phase": "train", "iteration": 300, "loss": 2.1708583104610444, "accuracy": 65.69390447880915}
{"phase": "train", "iteration": 350, "loss": 2.1644923652921406, "accuracy": 65.91266973376482}
{"epoch": 157, "learning_rate": 0.00014450000000000002, "next_learning_rate": 0.00014450000000000002, "learning_rates": {"all": 0.00014450000000000002}, "next_learning_rates": {"all": 0.00014450000000000002}, "train_loss": 2.1635345821804473, "train_accuracy": 65.9321241544455, "train_samples": 45000, "train_seconds": 44.9277458190918, "val_loss": 1.6041803091049194, "val_accuracy": 75.06, "val_samples": 5000, "val_seconds": 1.9590487480163574, "best_validation_accuracy": 75.1, "best_epoch": 151, "epochs_without_improvement": 6}




Epoch == 158
{"phase": "train", "iteration": 50, "loss": 2.1841172885894777, "accuracy": 65.90457488028875}
{"phase": "train", "iteration": 100, "loss": 2.272304040193558, "accuracy": 63.373084021287326}
{"phase": "train", "iteration": 150, "loss": 2.2415262333552044, "accuracy": 64.0813037601483}
{"phase": "train", "iteration": 200, "loss": 2.1986446887254716, "accuracy": 65.34103145529134}
{"phase": "train", "iteration": 250, "loss": 2.1783550543785095, "accuracy": 65.86343477452223}
{"phase": "train", "iteration": 300, "loss": 2.139982818762461, "accuracy": 66.9117234069359}
{"phase": "train", "iteration": 350, "loss": 2.148569927215576, "accuracy": 66.58881879587479}
{"epoch": 158, "learning_rate": 0.00014450000000000002, "next_learning_rate": 0.00014450000000000002, "learning_rates": {"all": 0.00014450000000000002}, "next_learning_rates": {"all": 0.00014450000000000002}, "train_loss": 2.1472431858910457, "train_accuracy": 66.61474709757313, "train_samples": 45000, "train_seconds": 44.97427320480347, "val_loss": 1.6041443744659425, "val_accuracy": 74.96, "val_samples": 5000, "val_seconds": 1.9527606964111328, "best_validation_accuracy": 75.1, "best_epoch": 151, "epochs_without_improvement": 7}




Epoch == 159
{"phase": "train", "iteration": 50, "loss": 2.1787841606140135, "accuracy": 65.54961382815637}
{"phase": "train", "iteration": 100, "loss": 2.161595128774643, "accuracy": 66.15942345094307}
{"phase": "train", "iteration": 150, "loss": 2.2076985081036886, "accuracy": 64.77259456310944}
{"phase": "train", "iteration": 200, "loss": 2.1792838060855866, "accuracy": 65.55205608241556}
{"phase": "train", "iteration": 250, "loss": 2.158286114692688, "accuracy": 65.97043211108218}
{"phase": "train", "iteration": 300, "loss": 2.1547782214482627, "accuracy": 66.17373764949238}
{"phase": "train", "iteration": 350, "loss": 2.1523864242008752, "accuracy": 66.26552395131031}
{"epoch": 159, "learning_rate": 0.00014450000000000002, "next_learning_rate": 0.00012282500000000002, "learning_rates": {"all": 0.00014450000000000002}, "next_learning_rates": {"all": 0.00012282500000000002}, "train_loss": 2.154163875579834, "train_accuracy": 66.23653241467251, "train_samples": 45000, "train_seconds": 45.33505177497864, "val_loss": 1.6038541261672974, "val_accuracy": 74.98, "val_samples": 5000, "val_seconds": 1.944282054901123, "best_validation_accuracy": 75.1, "best_epoch": 151, "epochs_without_improvement": 8}




Epoch == 160
{"phase": "train", "iteration": 50, "loss": 1.9121529459953308, "accuracy": 73.52782427053006}
{"phase": "train", "iteration": 100, "loss": 2.065442301034927, "accuracy": 68.94687176157801}
{"phase": "train", "iteration": 150, "loss": 2.0362554812431335, "accuracy": 69.83450889972924}
{"phase": "train", "iteration": 200, "loss": 2.077411548495293, "accuracy": 68.60526276150347}
{"phase": "train", "iteration": 250, "loss": 2.111318776607513, "accuracy": 67.61340089857116}
{"phase": "train", "iteration": 300, "loss": 2.1309388705094654, "accuracy": 67.03072187104458}
{"phase": "train", "iteration": 350, "loss": 2.117966033049992, "accuracy": 67.32227079037372}
{"epoch": 160, "learning_rate": 0.00012282500000000002, "next_learning_rate": 0.00012282500000000002, "learning_rates": {"all": 0.00012282500000000002}, "next_learning_rates": {"all": 0.00012282500000000002}, "train_loss": 2.1158312105814616, "train_accuracy": 67.38793915213637, "train_samples": 45000, "train_seconds": 44.763383865356445, "val_loss": 1.6036409093856812, "val_accuracy": 74.98, "val_samples": 5000, "val_seconds": 1.957031011581421, "best_validation_accuracy": 75.1, "best_epoch": 151, "epochs_without_improvement": 9}




Epoch == 161
{"phase": "train", "iteration": 50, "loss": 2.0877575731277465, "accuracy": 68.12976148713338}
{"phase": "train", "iteration": 100, "loss": 2.0771545827388764, "accuracy": 68.46324053869724}
{"phase": "train", "iteration": 150, "loss": 2.1728296677271524, "accuracy": 65.84004751705395}
{"phase": "train", "iteration": 200, "loss": 2.1562403202056886, "accuracy": 66.52816116014289}
{"phase": "train", "iteration": 250, "loss": 2.1815700478553772, "accuracy": 65.7978793236142}
{"phase": "train", "iteration": 300, "loss": 2.1653249911467234, "accuracy": 66.27660355547079}
{"phase": "train", "iteration": 350, "loss": 2.174164195741926, "accuracy": 65.9343121260649}
{"epoch": 161, "learning_rate": 0.00012282500000000002, "next_learning_rate": 0.00012282500000000002, "learning_rates": {"all": 0.00012282500000000002}, "next_learning_rates": {"all": 0.00012282500000000002}, "train_loss": 2.1731742748684355, "train_accuracy": 65.96977887137207, "train_samples": 45000, "train_seconds": 45.03486752510071, "val_loss": 1.6041013889312745, "val_accuracy": 74.76, "val_samples": 5000, "val_seconds": 1.9519588947296143, "best_validation_accuracy": 75.1, "best_epoch": 151, "epochs_without_improvement": 10}




Epoch == 162
{"phase": "train", "iteration": 50, "loss": 2.089681715965271, "accuracy": 68.84615251238664}
{"phase": "train", "iteration": 100, "loss": 2.0488497054576875, "accuracy": 69.95031492420485}
{"phase": "train", "iteration": 150, "loss": 2.0973836119969684, "accuracy": 68.13317261351574}
{"phase": "train", "iteration": 200, "loss": 2.1010270851850508, "accuracy": 67.93553868502069}
{"phase": "train", "iteration": 250, "loss": 2.09204154586792, "accuracy": 68.14172219293857}
{"phase": "train", "iteration": 300, "loss": 2.0947515213489534, "accuracy": 67.96090289031032}
{"phase": "train", "iteration": 350, "loss": 2.1385651472636633, "accuracy": 66.66727361340914}
{"epoch": 162, "learning_rate": 0.00012282500000000002, "next_learning_rate": 0.00012282500000000002, "learning_rates": {"all": 0.00012282500000000002}, "next_learning_rates": {"all": 0.00012282500000000002}, "train_loss": 2.1368935134887694, "train_accuracy": 66.6954537849956, "train_samples": 45000, "train_seconds": 45.315770626068115, "val_loss": 1.6043843307495118, "val_accuracy": 74.8, "val_samples": 5000, "val_seconds": 1.957087516784668, "best_validation_accuracy": 75.1, "best_epoch": 151, "epochs_without_improvement": 11}




Epoch == 163
{"phase": "train", "iteration": 50, "loss": 2.1234813833236696, "accuracy": 67.95494542704525}
{"phase": "train", "iteration": 100, "loss": 2.0761745953559876, "accuracy": 68.80743156883987}
{"phase": "train", "iteration": 150, "loss": 2.1568417207400006, "accuracy": 66.39164936002966}
{"phase": "train", "iteration": 200, "loss": 2.1546712386608124, "accuracy": 66.27910305049615}
{"phase": "train", "iteration": 250, "loss": 2.153523458957672, "accuracy": 66.10112493322187}
{"phase": "train", "iteration": 300, "loss": 2.1498957979679107, "accuracy": 66.14713953901686}
{"phase": "train", "iteration": 350, "loss": 2.1684891407830373, "accuracy": 65.80391322574589}
{"epoch": 163, "learning_rate": 0.00012282500000000002, "next_learning_rate": 0.00010440125000000001, "learning_rates": {"all": 0.00012282500000000002}, "next_learning_rates": {"all": 0.00010440125000000001}, "train_loss": 2.1640508108350964, "train_accuracy": 65.91700526446009, "train_samples": 45000, "train_seconds": 44.37172746658325, "val_loss": 1.6046260681152344, "val_accuracy": 74.88, "val_samples": 5000, "val_seconds": 1.96083664894104, "best_validation_accuracy": 75.1, "best_epoch": 151, "epochs_without_improvement": 12}




Epoch == 164
{"phase": "train", "iteration": 50, "loss": 2.209035539627075, "accuracy": 64.93443929009885}
{"phase": "train", "iteration": 100, "loss": 2.10608239531517, "accuracy": 67.46714698797052}
{"phase": "train", "iteration": 150, "loss": 2.1189362875620525, "accuracy": 67.24903921308533}
{"phase": "train", "iteration": 200, "loss": 2.1107020705938337, "accuracy": 67.44467917755527}
{"phase": "train", "iteration": 250, "loss": 2.090128104686737, "accuracy": 67.82855924651012}
{"phase": "train", "iteration": 300, "loss": 2.0930412836869556, "accuracy": 67.72402324779699}
{"phase": "train", "iteration": 350, "loss": 2.0781270572117396, "accuracy": 68.19824842326862}
{"epoch": 164, "learning_rate": 0.00010440125000000001, "next_learning_rate": 0.00010440125000000001, "learning_rates": {"all": 0.00010440125000000001}, "next_learning_rates": {"all": 0.00010440125000000001}, "train_loss": 2.0739269813537597, "train_accuracy": 68.30114930959823, "train_samples": 45000, "train_seconds": 44.77778100967407, "val_loss": 1.604691187286377, "val_accuracy": 74.86, "val_samples": 5000, "val_seconds": 1.9484150409698486, "best_validation_accuracy": 75.1, "best_epoch": 151, "epochs_without_improvement": 13}




Epoch == 165
{"phase": "train", "iteration": 50, "loss": 2.2159067225456237, "accuracy": 64.02404311448149}
{"phase": "train", "iteration": 100, "loss": 2.23843788087368, "accuracy": 63.61433473665447}
{"phase": "train", "iteration": 150, "loss": 2.198245329459508, "accuracy": 64.8098264308157}
{"phase": "train", "iteration": 200, "loss": 2.217831379473209, "accuracy": 64.55098895700645}
{"phase": "train", "iteration": 250, "loss": 2.2006014454364777, "accuracy": 64.9521455912844}
{"phase": "train", "iteration": 300, "loss": 2.1588248056173325, "accuracy": 66.1487956173932}
{"phase": "train", "iteration": 350, "loss": 2.159370495762144, "accuracy": 66.17762864283}
{"epoch": 165, "learning_rate": 0.00010440125000000001, "next_learning_rate": 0.00010440125000000001, "learning_rates": {"all": 0.00010440125000000001}, "next_learning_rates": {"all": 0.00010440125000000001}, "train_loss": 2.155931788804796, "train_accuracy": 66.27695828113372, "train_samples": 45000, "train_seconds": 44.73512315750122, "val_loss": 1.6049867372512818, "val_accuracy": 74.94, "val_samples": 5000, "val_seconds": 1.9550197124481201, "best_validation_accuracy": 75.1, "best_epoch": 151, "epochs_without_improvement": 14}




Epoch == 166
{"phase": "train", "iteration": 50, "loss": 2.033622670173645, "accuracy": 70.1246307415762}
{"phase": "train", "iteration": 100, "loss": 2.1046175491809844, "accuracy": 67.39806015786236}
{"phase": "train", "iteration": 150, "loss": 2.1159870290756224, "accuracy": 67.51499568566535}
{"phase": "train", "iteration": 200, "loss": 2.1367560410499573, "accuracy": 67.01963770389696}
{"phase": "train", "iteration": 250, "loss": 2.147674486160278, "accuracy": 66.85160455706948}
{"phase": "train", "iteration": 300, "loss": 2.1275256339708966, "accuracy": 67.32839120275601}
{"phase": "train", "iteration": 350, "loss": 2.139173936503274, "accuracy": 66.93376419284989}
{"epoch": 166, "learning_rate": 0.00010440125000000001, "next_learning_rate": 0.00010440125000000001, "learning_rates": {"all": 0.00010440125000000001}, "next_learning_rates": {"all": 0.00010440125000000001}, "train_loss": 2.134235415140788, "train_accuracy": 67.06951815027848, "train_samples": 45000, "train_seconds": 45.21829104423523, "val_loss": 1.6054693302154541, "val_accuracy": 74.94, "val_samples": 5000, "val_seconds": 1.957749843597412, "best_validation_accuracy": 75.1, "best_epoch": 151, "epochs_without_improvement": 15}




Epoch == 167
{"phase": "train", "iteration": 50, "loss": 2.031363728046417, "accuracy": 71.01641457916116}
{"phase": "train", "iteration": 100, "loss": 2.033791139125824, "accuracy": 70.38865637054026}
{"phase": "train", "iteration": 150, "loss": 2.0334015226364137, "accuracy": 70.25870960272682}
{"phase": "train", "iteration": 200, "loss": 2.1042690271139146, "accuracy": 68.0094751074574}
{"phase": "train", "iteration": 250, "loss": 2.126079219818115, "accuracy": 67.20402308430228}
{"phase": "train", "iteration": 300, "loss": 2.1472461464007697, "accuracy": 66.4721692157285}
{"phase": "train", "iteration": 350, "loss": 2.1697515182835714, "accuracy": 65.94704827465699}
{"epoch": 167, "learning_rate": 0.00010440125000000001, "next_learning_rate": 8.87410625e-05, "learning_rates": {"all": 0.00010440125000000001}, "next_learning_rates": {"all": 8.87410625e-05}, "train_loss": 2.1721552204555934, "train_accuracy": 65.90393441590491, "train_samples": 45000, "train_seconds": 44.44704031944275, "val_loss": 1.6061616436004638, "val_accuracy": 75.08, "val_samples": 5000, "val_seconds": 1.9585041999816895, "best_validation_accuracy": 75.1, "best_epoch": 151, "epochs_without_improvement": 16}




Epoch == 168
{"phase": "train", "iteration": 50, "loss": 1.9792987251281737, "accuracy": 72.02327501367512}
{"phase": "train", "iteration": 100, "loss": 2.017820197343826, "accuracy": 70.44844582864098}
{"phase": "train", "iteration": 150, "loss": 2.060558127562205, "accuracy": 69.35328309845768}
{"phase": "train", "iteration": 200, "loss": 2.0454075437784196, "accuracy": 69.80440351239609}
{"phase": "train", "iteration": 250, "loss": 2.0531141679286957, "accuracy": 69.4557568338199}
{"phase": "train", "iteration": 300, "loss": 2.044098657568296, "accuracy": 69.66747267054593}
{"phase": "train", "iteration": 350, "loss": 2.057644952876227, "accuracy": 69.27130408990732}
{"epoch": 168, "learning_rate": 8.87410625e-05, "next_learning_rate": 8.87410625e-05, "learning_rates": {"all": 8.87410625e-05}, "next_learning_rates": {"all": 8.87410625e-05}, "train_loss": 2.05502072775099, "train_accuracy": 69.34591447161662, "train_samples": 45000, "train_seconds": 45.04041266441345, "val_loss": 1.6067133834838867, "val_accuracy": 75.12, "val_samples": 5000, "val_seconds": 1.958876609802246, "best_validation_accuracy": 75.12, "best_epoch": 168, "epochs_without_improvement": 0}




Epoch == 169
{"phase": "train", "iteration": 50, "loss": 2.1641261649131773, "accuracy": 66.27528550138503}
{"phase": "train", "iteration": 100, "loss": 2.1398111176490784, "accuracy": 66.82618575795718}
{"phase": "train", "iteration": 150, "loss": 2.1841585858662924, "accuracy": 65.72642371572664}
{"phase": "train", "iteration": 200, "loss": 2.145690242648125, "accuracy": 66.55906264597633}
{"phase": "train", "iteration": 250, "loss": 2.134132074356079, "accuracy": 66.89188874032398}
{"phase": "train", "iteration": 300, "loss": 2.1018694216012954, "accuracy": 67.79465414026527}
{"phase": "train", "iteration": 350, "loss": 2.0997742910044535, "accuracy": 67.86589931553546}
{"epoch": 169, "learning_rate": 8.87410625e-05, "next_learning_rate": 8.87410625e-05, "learning_rates": {"all": 8.87410625e-05}, "next_learning_rates": {"all": 8.87410625e-05}, "train_loss": 2.0956500837537977, "train_accuracy": 67.97863400814569, "train_samples": 45000, "train_seconds": 44.398852825164795, "val_loss": 1.6073971572875976, "val_accuracy": 75.02, "val_samples": 5000, "val_seconds": 1.9519531726837158, "best_validation_accuracy": 75.12, "best_epoch": 168, "epochs_without_improvement": 1}




Epoch == 170
{"phase": "train", "iteration": 50, "loss": 2.157522702217102, "accuracy": 66.91868714513876}
{"phase": "train", "iteration": 100, "loss": 2.1252042096853256, "accuracy": 67.54260030812847}
{"phase": "train", "iteration": 150, "loss": 2.1007845222949983, "accuracy": 68.23923648829948}
{"phase": "train", "iteration": 200, "loss": 2.0840577360987664, "accuracy": 68.63268009883878}
{"phase": "train", "iteration": 250, "loss": 2.0990835306644438, "accuracy": 68.06369313362076}
{"phase": "train", "iteration": 300, "loss": 2.0778053484360375, "accuracy": 68.6029097632584}
{"phase": "train", "iteration": 350, "loss": 2.0809620657988956, "accuracy": 68.51367925952815}
{"epoch": 170, "learning_rate": 8.87410625e-05, "next_learning_rate": 8.87410625e-05, "learning_rates": {"all": 8.87410625e-05}, "next_learning_rates": {"all": 8.87410625e-05}, "train_loss": 2.0780125871870254, "train_accuracy": 68.59389848268685, "train_samples": 45000, "train_seconds": 45.013347864151, "val_loss": 1.608065266418457, "val_accuracy": 75.12, "val_samples": 5000, "val_seconds": 1.957427978515625, "best_validation_accuracy": 75.12, "best_epoch": 168, "epochs_without_improvement": 2}




Epoch == 171
{"phase": "train", "iteration": 50, "loss": 2.1546116614341737, "accuracy": 65.03371104144615}
{"phase": "train", "iteration": 100, "loss": 2.076756319999695, "accuracy": 68.48730897147259}
{"phase": "train", "iteration": 150, "loss": 2.117568633556366, "accuracy": 67.58130012175836}
{"phase": "train", "iteration": 200, "loss": 2.1630087953805925, "accuracy": 66.23750716143583}
{"phase": "train", "iteration": 250, "loss": 2.148905417919159, "accuracy": 66.67870677201252}
{"phase": "train", "iteration": 300, "loss": 2.1387161723772685, "accuracy": 67.01461009462524}
{"phase": "train", "iteration": 350, "loss": 2.1551266975062235, "accuracy": 66.53175092660771}
{"epoch": 171, "learning_rate": 8.87410625e-05, "next_learning_rate": 8.87410625e-05, "learning_rates": {"all": 8.87410625e-05}, "next_learning_rates": {"all": 8.87410625e-05}, "train_loss": 2.151737349531386, "train_accuracy": 66.62598195513866, "train_samples": 45000, "train_seconds": 44.496453285217285, "val_loss": 1.6086336303710937, "val_accuracy": 75.26, "val_samples": 5000, "val_seconds": 1.9590613842010498, "best_validation_accuracy": 75.26, "best_epoch": 171, "epochs_without_improvement": 0}




Epoch == 172
{"phase": "train", "iteration": 50, "loss": 2.1266316735744475, "accuracy": 67.01347898589223}
{"phase": "train", "iteration": 100, "loss": 2.0967526000738146, "accuracy": 68.4348933674909}
{"phase": "train", "iteration": 150, "loss": 2.100416708389918, "accuracy": 68.24062166621398}
{"phase": "train", "iteration": 200, "loss": 2.1147750225663184, "accuracy": 67.78981781762296}
{"phase": "train", "iteration": 250, "loss": 2.138373578310013, "accuracy": 67.18016271474424}
{"phase": "train", "iteration": 300, "loss": 2.119042181770007, "accuracy": 67.67230899743089}
{"phase": "train", "iteration": 350, "loss": 2.1455777544634684, "accuracy": 66.86117895754003}
{"epoch": 172, "learning_rate": 8.87410625e-05, "next_learning_rate": 8.87410625e-05, "learning_rates": {"all": 8.87410625e-05}, "next_learning_rates": {"all": 8.87410625e-05}, "train_loss": 2.1467168950398765, "train_accuracy": 66.85465007612049, "train_samples": 45000, "train_seconds": 45.44816040992737, "val_loss": 1.609311888885498, "val_accuracy": 75.22, "val_samples": 5000, "val_seconds": 1.9631335735321045, "best_validation_accuracy": 75.26, "best_epoch": 171, "epochs_without_improvement": 1}




Epoch == 173
{"phase": "train", "iteration": 50, "loss": 2.1485895705223084, "accuracy": 67.04582463851042}
{"phase": "train", "iteration": 100, "loss": 2.0714218056201936, "accuracy": 69.01003285104811}
{"phase": "train", "iteration": 150, "loss": 2.0747477531433107, "accuracy": 68.64001457222805}
{"phase": "train", "iteration": 200, "loss": 2.0765868711471556, "accuracy": 68.59898135604455}
{"phase": "train", "iteration": 250, "loss": 2.0624876217842103, "accuracy": 68.98983998734265}
{"phase": "train", "iteration": 300, "loss": 2.1094227222601574, "accuracy": 67.50931757350094}
{"phase": "train", "iteration": 350, "loss": 2.1197441349710737, "accuracy": 67.1695051117145}
{"epoch": 173, "learning_rate": 8.87410625e-05, "next_learning_rate": 8.87410625e-05, "learning_rates": {"all": 8.87410625e-05}, "next_learning_rates": {"all": 8.87410625e-05}, "train_loss": 2.12354162296719, "train_accuracy": 67.04500175566244, "train_samples": 45000, "train_seconds": 44.88436937332153, "val_loss": 1.6101030212402343, "val_accuracy": 75.24, "val_samples": 5000, "val_seconds": 1.9525456428527832, "best_validation_accuracy": 75.26, "best_epoch": 171, "epochs_without_improvement": 2}




Epoch == 174
{"phase": "train", "iteration": 50, "loss": 2.047999062538147, "accuracy": 70.19953882317706}
{"phase": "train", "iteration": 100, "loss": 2.0858619058132173, "accuracy": 68.82978353559041}
{"phase": "train", "iteration": 150, "loss": 2.1205122820536295, "accuracy": 67.62955526876286}
{"phase": "train", "iteration": 200, "loss": 2.1408946967124938, "accuracy": 67.00183169129721}
{"phase": "train", "iteration": 250, "loss": 2.1146331152915954, "accuracy": 67.7407087672456}
{"phase": "train", "iteration": 300, "loss": 2.119545564651489, "accuracy": 67.5078825219398}
{"phase": "train", "iteration": 350, "loss": 2.090665145601545, "accuracy": 68.24039126601762}
{"epoch": 174, "learning_rate": 8.87410625e-05, "next_learning_rate": 8.87410625e-05, "learning_rates": {"all": 8.87410625e-05}, "next_learning_rates": {"all": 8.87410625e-05}, "train_loss": 2.09092027337816, "train_accuracy": 68.23615700827078, "train_samples": 45000, "train_seconds": 44.911829471588135, "val_loss": 1.6109337593078614, "val_accuracy": 75.24, "val_samples": 5000, "val_seconds": 1.947875738143921, "best_validation_accuracy": 75.26, "best_epoch": 171, "epochs_without_improvement": 3}




Epoch == 175
{"phase": "train", "iteration": 50, "loss": 2.0568366956710817, "accuracy": 68.93424177455721}
{"phase": "train", "iteration": 100, "loss": 2.200698654651642, "accuracy": 64.67613586497686}
{"phase": "train", "iteration": 150, "loss": 2.1039783064524333, "accuracy": 67.58280667533406}
{"phase": "train", "iteration": 200, "loss": 2.089235327839851, "accuracy": 68.10750119673887}
{"phase": "train", "iteration": 250, "loss": 2.076669129371643, "accuracy": 68.57146659171707}
{"phase": "train", "iteration": 300, "loss": 2.0972864588101703, "accuracy": 68.02078976702975}
{"phase": "train", "iteration": 350, "loss": 2.0842371817997525, "accuracy": 68.43400941967924}
{"epoch": 175, "learning_rate": 8.87410625e-05, "next_learning_rate": 7.5429903125e-05, "learning_rates": {"all": 8.87410625e-05}, "next_learning_rates": {"all": 7.5429903125e-05}, "train_loss": 2.089238349363539, "train_accuracy": 68.27256660003621, "train_samples": 45000, "train_seconds": 44.7972207069397, "val_loss": 1.6119317234039308, "val_accuracy": 75.16, "val_samples": 5000, "val_seconds": 1.951138973236084, "best_validation_accuracy": 75.26, "best_epoch": 171, "epochs_without_improvement": 4}




Epoch == 176
{"phase": "train", "iteration": 50, "loss": 2.3031273770332334, "accuracy": 62.04215594493969}
{"phase": "train", "iteration": 100, "loss": 2.1130538040399554, "accuracy": 67.26776181503237}
{"phase": "train", "iteration": 150, "loss": 2.16017817457517, "accuracy": 66.35544826708305}
{"phase": "train", "iteration": 200, "loss": 2.1249040150642395, "accuracy": 67.13857500075929}
{"phase": "train", "iteration": 250, "loss": 2.108502471923828, "accuracy": 67.69798352508647}
{"phase": "train", "iteration": 300, "loss": 2.0906296022733053, "accuracy": 68.07746425256867}
{"phase": "train", "iteration": 350, "loss": 2.091524462018694, "accuracy": 68.23857064612383}
{"epoch": 176, "learning_rate": 7.5429903125e-05, "next_learning_rate": 7.5429903125e-05, "learning_rates": {"all": 7.5429903125e-05}, "next_learning_rates": {"all": 7.5429903125e-05}, "train_loss": 2.088777637418111, "train_accuracy": 68.32909859932647, "train_samples": 45000, "train_seconds": 44.80408787727356, "val_loss": 1.6128037935256958, "val_accuracy": 74.98, "val_samples": 5000, "val_seconds": 1.9529006481170654, "best_validation_accuracy": 75.26, "best_epoch": 171, "epochs_without_improvement": 5}




Epoch == 177
{"phase": "train", "iteration": 50, "loss": 2.209649739265442, "accuracy": 64.9684106952947}
{"phase": "train", "iteration": 100, "loss": 2.1527326452732085, "accuracy": 66.64062397862175}
{"phase": "train", "iteration": 150, "loss": 2.097074518998464, "accuracy": 68.35398485437017}
{"phase": "train", "iteration": 200, "loss": 2.0857974898815157, "accuracy": 68.68877913695317}
{"phase": "train", "iteration": 250, "loss": 2.0907077622413635, "accuracy": 68.65774200007414}
{"phase": "train", "iteration": 300, "loss": 2.09825399796168, "accuracy": 68.35003408647543}
{"phase": "train", "iteration": 350, "loss": 2.0727271814005714, "accuracy": 68.90113081430822}
{"epoch": 177, "learning_rate": 7.5429903125e-05, "next_learning_rate": 7.5429903125e-05, "learning_rates": {"all": 7.5429903125e-05}, "next_learning_rates": {"all": 7.5429903125e-05}, "train_loss": 2.074825651783413, "train_accuracy": 68.85601458009496, "train_samples": 45000, "train_seconds": 44.842105865478516, "val_loss": 1.6140266708374023, "val_accuracy": 75.1, "val_samples": 5000, "val_seconds": 1.9460725784301758, "best_validation_accuracy": 75.26, "best_epoch": 171, "epochs_without_improvement": 6}




Epoch == 178
{"phase": "train", "iteration": 50, "loss": 1.978744511604309, "accuracy": 72.08972096437458}
{"phase": "train", "iteration": 100, "loss": 2.0610490226745606, "accuracy": 69.16219209952902}
{"phase": "train", "iteration": 150, "loss": 2.113508231639862, "accuracy": 67.56760781131018}
{"phase": "train", "iteration": 200, "loss": 2.126096090078354, "accuracy": 67.05275523774354}
{"phase": "train", "iteration": 250, "loss": 2.1083812646865843, "accuracy": 67.76820849680082}
{"phase": "train", "iteration": 300, "loss": 2.0999182071288427, "accuracy": 67.89537517365042}
{"phase": "train", "iteration": 350, "loss": 2.101173975978579, "accuracy": 67.94950649450864}
{"epoch": 178, "learning_rate": 7.5429903125e-05, "next_learning_rate": 7.5429903125e-05, "learning_rates": {"all": 7.5429903125e-05}, "next_learning_rates": {"all": 7.5429903125e-05}, "train_loss": 2.096504442829556, "train_accuracy": 68.07421636872746, "train_samples": 45000, "train_seconds": 45.1300790309906, "val_loss": 1.6149549520492554, "val_accuracy": 75.16, "val_samples": 5000, "val_seconds": 1.9521236419677734, "best_validation_accuracy": 75.26, "best_epoch": 171, "epochs_without_improvement": 7}




Epoch == 179
{"phase": "train", "iteration": 50, "loss": 2.156397807598114, "accuracy": 66.55715356586326}
{"phase": "train", "iteration": 100, "loss": 2.136559656262398, "accuracy": 67.81761734663002}
{"phase": "train", "iteration": 150, "loss": 2.159210663239161, "accuracy": 66.91222458102402}
{"phase": "train", "iteration": 200, "loss": 2.1300814881920815, "accuracy": 67.57430314273388}
{"phase": "train", "iteration": 250, "loss": 2.1207764632701873, "accuracy": 67.97084344358069}
{"phase": "train", "iteration": 300, "loss": 2.0965272297461826, "accuracy": 68.44060219844886}
{"phase": "train", "iteration": 350, "loss": 2.0764000184195384, "accuracy": 68.92239551959969}
{"epoch": 179, "learning_rate": 7.5429903125e-05, "next_learning_rate": 6.411541765624999e-05, "learning_rates": {"all": 7.5429903125e-05}, "next_learning_rates": {"all": 6.411541765624999e-05}, "train_loss": 2.074990737194485, "train_accuracy": 68.97420192631408, "train_samples": 45000, "train_seconds": 45.17275357246399, "val_loss": 1.6162328983306884, "val_accuracy": 75.2, "val_samples": 5000, "val_seconds": 1.9585700035095215, "best_validation_accuracy": 75.26, "best_epoch": 171, "epochs_without_improvement": 8}




Epoch == 180
{"phase": "train", "iteration": 50, "loss": 2.0606642532348634, "accuracy": 68.4792117169182}
{"phase": "train", "iteration": 100, "loss": 2.1323459231853485, "accuracy": 66.30815079075775}
{"phase": "train", "iteration": 150, "loss": 2.0979166678587595, "accuracy": 67.60325850982335}
{"phase": "train", "iteration": 200, "loss": 2.077427440881729, "accuracy": 68.35316484142271}
{"phase": "train", "iteration": 250, "loss": 2.0876824169158934, "accuracy": 68.30783871528571}
{"phase": "train", "iteration": 300, "loss": 2.105063472191493, "accuracy": 67.84794327616021}
{"phase": "train", "iteration": 350, "loss": 2.126841139793396, "accuracy": 67.18029739621973}
{"epoch": 180, "learning_rate": 6.411541765624999e-05, "next_learning_rate": 6.411541765624999e-05, "learning_rates": {"all": 6.411541765624999e-05}, "next_learning_rates": {"all": 6.411541765624999e-05}, "train_loss": 2.122157679621379, "train_accuracy": 67.29831590460971, "train_samples": 45000, "train_seconds": 45.11173915863037, "val_loss": 1.6172906299591066, "val_accuracy": 75.22, "val_samples": 5000, "val_seconds": 1.9431133270263672, "best_validation_accuracy": 75.26, "best_epoch": 171, "epochs_without_improvement": 9}




Epoch == 181
{"phase": "train", "iteration": 50, "loss": 2.0927840209007265, "accuracy": 68.65921893875715}
{"phase": "train", "iteration": 100, "loss": 1.9835378813743592, "accuracy": 71.77288464444251}
{"phase": "train", "iteration": 150, "loss": 2.02401003519694, "accuracy": 70.56871840093461}
{"phase": "train", "iteration": 200, "loss": 1.9891889905929565, "accuracy": 71.23702585193806}
{"phase": "train", "iteration": 250, "loss": 2.0180061192512513, "accuracy": 70.45398693017474}
{"phase": "train", "iteration": 300, "loss": 2.0263103741407393, "accuracy": 70.26570222425099}
{"phase": "train", "iteration": 350, "loss": 2.04679638164384, "accuracy": 69.73628645735825}
{"epoch": 181, "learning_rate": 6.411541765624999e-05, "next_learning_rate": 6.411541765624999e-05, "learning_rates": {"all": 6.411541765624999e-05}, "next_learning_rates": {"all": 6.411541765624999e-05}, "train_loss": 2.0472444843292235, "train_accuracy": 69.72694804043974, "train_samples": 45000, "train_seconds": 45.055551052093506, "val_loss": 1.6184169116973877, "val_accuracy": 75.22, "val_samples": 5000, "val_seconds": 1.95927095413208, "best_validation_accuracy": 75.26, "best_epoch": 171, "epochs_without_improvement": 10}




Epoch == 182
{"phase": "train", "iteration": 50, "loss": 1.8198010301589966, "accuracy": 76.46349147049688}
{"phase": "train", "iteration": 100, "loss": 1.9216541051864624, "accuracy": 73.47283263265179}
{"phase": "train", "iteration": 150, "loss": 1.9227590334415436, "accuracy": 73.53817203733337}
{"phase": "train", "iteration": 200, "loss": 1.9734004282951354, "accuracy": 71.84419780978439}
{"phase": "train", "iteration": 250, "loss": 1.9812826313972474, "accuracy": 71.66807314356434}
{"phase": "train", "iteration": 300, "loss": 2.0399976034959155, "accuracy": 69.94706276904733}
{"phase": "train", "iteration": 350, "loss": 2.0493085844176155, "accuracy": 69.72134010959101}
{"epoch": 182, "learning_rate": 6.411541765624999e-05, "next_learning_rate": 6.411541765624999e-05, "learning_rates": {"all": 6.411541765624999e-05}, "next_learning_rates": {"all": 6.411541765624999e-05}, "train_loss": 2.0502624341752793, "train_accuracy": 69.66868959318442, "train_samples": 45000, "train_seconds": 45.12094855308533, "val_loss": 1.619255731201172, "val_accuracy": 75.4, "val_samples": 5000, "val_seconds": 1.9488205909729004, "best_validation_accuracy": 75.4, "best_epoch": 182, "epochs_without_improvement": 0}




Epoch == 183
{"phase": "train", "iteration": 50, "loss": 2.221793749332428, "accuracy": 64.30132443596727}
{"phase": "train", "iteration": 100, "loss": 2.178108128905296, "accuracy": 65.49784589338299}
{"phase": "train", "iteration": 150, "loss": 2.185881680250168, "accuracy": 65.2985629027767}
{"phase": "train", "iteration": 200, "loss": 2.1582547172904016, "accuracy": 66.27862451318954}
{"phase": "train", "iteration": 250, "loss": 2.1319817805290224, "accuracy": 66.77490472759413}
{"phase": "train", "iteration": 300, "loss": 2.126021363735199, "accuracy": 66.99680721915534}
{"phase": "train", "iteration": 350, "loss": 2.1183557435444422, "accuracy": 67.18639956107319}
{"epoch": 183, "learning_rate": 6.411541765624999e-05, "next_learning_rate": 6.411541765624999e-05, "learning_rates": {"all": 6.411541765624999e-05}, "next_learning_rates": {"all": 6.411541765624999e-05}, "train_loss": 2.1200272013770207, "train_accuracy": 67.1485749279239, "train_samples": 45000, "train_seconds": 45.191747426986694, "val_loss": 1.6200742351531983, "val_accuracy": 75.32, "val_samples": 5000, "val_seconds": 1.953104019165039, "best_validation_accuracy": 75.4, "best_epoch": 182, "epochs_without_improvement": 1}




Epoch == 184
{"phase": "train", "iteration": 50, "loss": 2.151481751203537, "accuracy": 67.02819302818806}
{"phase": "train", "iteration": 100, "loss": 2.1395479428768156, "accuracy": 67.11285757556264}
{"phase": "train", "iteration": 150, "loss": 2.107675774494807, "accuracy": 67.82192890089942}
{"phase": "train", "iteration": 200, "loss": 2.0683536460995673, "accuracy": 69.00223325087238}
{"phase": "train", "iteration": 250, "loss": 2.0306936738491057, "accuracy": 69.97441328150758}
{"phase": "train", "iteration": 300, "loss": 2.0370902091264727, "accuracy": 69.91731854306822}
{"phase": "train", "iteration": 350, "loss": 2.0420033528123582, "accuracy": 69.76815900572018}
{"epoch": 184, "learning_rate": 6.411541765624999e-05, "next_learning_rate": 6.411541765624999e-05, "learning_rates": {"all": 6.411541765624999e-05}, "next_learning_rates": {"all": 6.411541765624999e-05}, "train_loss": 2.0423647638108995, "train_accuracy": 69.74659401080008, "train_samples": 45000, "train_seconds": 44.87836956977844, "val_loss": 1.6208056768417358, "val_accuracy": 75.32, "val_samples": 5000, "val_seconds": 1.9567875862121582, "best_validation_accuracy": 75.4, "best_epoch": 182, "epochs_without_improvement": 2}




Epoch == 185
{"phase": "train", "iteration": 50, "loss": 2.1797068083286284, "accuracy": 65.4286046728628}
{"phase": "train", "iteration": 100, "loss": 2.2285638999938966, "accuracy": 64.6480361274305}
{"phase": "train", "iteration": 150, "loss": 2.1282739158471426, "accuracy": 67.23732496374988}
{"phase": "train", "iteration": 200, "loss": 2.1047235509753226, "accuracy": 67.86656116501406}
{"phase": "train", "iteration": 250, "loss": 2.117325139760971, "accuracy": 67.69891939178771}
{"phase": "train", "iteration": 300, "loss": 2.1194998814662296, "accuracy": 67.6703663053394}
{"phase": "train", "iteration": 350, "loss": 2.129559805563518, "accuracy": 67.47114584996166}
{"epoch": 185, "learning_rate": 6.411541765624999e-05, "next_learning_rate": 6.411541765624999e-05, "learning_rates": {"all": 6.411541765624999e-05}, "next_learning_rates": {"all": 6.411541765624999e-05}, "train_loss": 2.126958074951172, "train_accuracy": 67.53753054166215, "train_samples": 45000, "train_seconds": 44.295788049697876, "val_loss": 1.6217867715835572, "val_accuracy": 75.34, "val_samples": 5000, "val_seconds": 1.947542667388916, "best_validation_accuracy": 75.4, "best_epoch": 182, "epochs_without_improvement": 3}




Epoch == 186
{"phase": "train", "iteration": 50, "loss": 1.8862057030200958, "accuracy": 72.51927723119164}
{"phase": "train", "iteration": 100, "loss": 1.9167514258623124, "accuracy": 73.61487035832096}
{"phase": "train", "iteration": 150, "loss": 1.974432915051778, "accuracy": 72.19030278988112}
{"phase": "train", "iteration": 200, "loss": 1.9910450118780136, "accuracy": 71.6830371857796}
{"phase": "train", "iteration": 250, "loss": 1.976668174982071, "accuracy": 71.94765887435877}
{"phase": "train", "iteration": 300, "loss": 1.9739767076571781, "accuracy": 71.92553079603191}
{"phase": "train", "iteration": 350, "loss": 1.9502748804433006, "accuracy": 72.58615650723675}
{"epoch": 186, "learning_rate": 6.411541765624999e-05, "next_learning_rate": 5.449810500781249e-05, "learning_rates": {"all": 6.411541765624999e-05}, "next_learning_rates": {"all": 5.449810500781249e-05}, "train_loss": 1.9531068213568794, "train_accuracy": 72.50634867623236, "train_samples": 45000, "train_seconds": 44.89202928543091, "val_loss": 1.6224381587982177, "val_accuracy": 75.3, "val_samples": 5000, "val_seconds": 1.955723524093628, "best_validation_accuracy": 75.4, "best_epoch": 182, "epochs_without_improvement": 4}




Epoch == 187
{"phase": "train", "iteration": 50, "loss": 2.0891806721687316, "accuracy": 67.16365905026865}
{"phase": "train", "iteration": 100, "loss": 2.1131930339336393, "accuracy": 66.89764904073964}
{"phase": "train", "iteration": 150, "loss": 2.139199254512787, "accuracy": 66.64077880698942}
{"phase": "train", "iteration": 200, "loss": 2.163541828095913, "accuracy": 65.84625422845738}
{"phase": "train", "iteration": 250, "loss": 2.111903976202011, "accuracy": 67.55611400477773}
{"phase": "train", "iteration": 300, "loss": 2.0763697626193363, "accuracy": 68.32426081604929}
{"phase": "train", "iteration": 350, "loss": 2.0381103140967234, "accuracy": 69.36852296097202}
{"epoch": 187, "learning_rate": 5.449810500781249e-05, "next_learning_rate": 5.449810500781249e-05, "learning_rates": {"all": 5.449810500781249e-05}, "next_learning_rates": {"all": 5.449810500781249e-05}, "train_loss": 2.0336401348114013, "train_accuracy": 69.4827052742716, "train_samples": 45000, "train_seconds": 44.242987632751465, "val_loss": 1.623054093170166, "val_accuracy": 75.26, "val_samples": 5000, "val_seconds": 1.9478108882904053, "best_validation_accuracy": 75.4, "best_epoch": 182, "epochs_without_improvement": 5}




Epoch == 188
{"phase": "train", "iteration": 50, "loss": 2.084433174133301, "accuracy": 68.32749673117196}
{"phase": "train", "iteration": 100, "loss": 2.078371535539627, "accuracy": 69.03748916137414}
{"phase": "train", "iteration": 150, "loss": 2.1262160253524782, "accuracy": 67.61400564313081}
{"phase": "train", "iteration": 200, "loss": 2.1088701057434083, "accuracy": 67.85777371665507}
{"phase": "train", "iteration": 250, "loss": 2.129522119045258, "accuracy": 67.24956848887375}
{"phase": "train", "iteration": 300, "loss": 2.1278253424167635, "accuracy": 67.44964598062907}
{"phase": "train", "iteration": 350, "loss": 2.1240633080686844, "accuracy": 67.66007537315434}
{"epoch": 188, "learning_rate": 5.449810500781249e-05, "next_learning_rate": 5.449810500781249e-05, "learning_rates": {"all": 5.449810500781249e-05}, "next_learning_rates": {"all": 5.449810500781249e-05}, "train_loss": 2.1227357358720567, "train_accuracy": 67.68942927346025, "train_samples": 45000, "train_seconds": 44.363948345184326, "val_loss": 1.6237300792694092, "val_accuracy": 75.28, "val_samples": 5000, "val_seconds": 1.959134578704834, "best_validation_accuracy": 75.4, "best_epoch": 182, "epochs_without_improvement": 6}




Epoch == 189
{"phase": "train", "iteration": 50, "loss": 2.1494879043102264, "accuracy": 66.06273685526524}
{"phase": "train", "iteration": 100, "loss": 2.069781996011734, "accuracy": 69.16792239508246}
{"phase": "train", "iteration": 150, "loss": 2.016609774430593, "accuracy": 70.53121611350844}
{"phase": "train", "iteration": 200, "loss": 2.0038926720619203, "accuracy": 70.729189883262}
{"phase": "train", "iteration": 250, "loss": 2.0530563929080965, "accuracy": 69.4370240828637}
{"phase": "train", "iteration": 300, "loss": 2.049869890809059, "accuracy": 69.54352918878469}
{"phase": "train", "iteration": 350, "loss": 2.0755423486232756, "accuracy": 68.82678482872443}
{"epoch": 189, "learning_rate": 5.449810500781249e-05, "next_learning_rate": 5.449810500781249e-05, "learning_rates": {"all": 5.449810500781249e-05}, "next_learning_rates": {"all": 5.449810500781249e-05}, "train_loss": 2.076887676027086, "train_accuracy": 68.76255680888934, "train_samples": 45000, "train_seconds": 44.85194206237793, "val_loss": 1.6244926752090454, "val_accuracy": 75.26, "val_samples": 5000, "val_seconds": 1.9528539180755615, "best_validation_accuracy": 75.4, "best_epoch": 182, "epochs_without_improvement": 7}




Epoch == 190
{"phase": "train", "iteration": 50, "loss": 2.0922388005256654, "accuracy": 67.57488614912711}
{"phase": "train", "iteration": 100, "loss": 2.0948434031009673, "accuracy": 68.19410070039935}
{"phase": "train", "iteration": 150, "loss": 2.129459331035614, "accuracy": 67.24198544843361}
{"phase": "train", "iteration": 200, "loss": 2.139993920624256, "accuracy": 67.0920356392484}
{"phase": "train", "iteration": 250, "loss": 2.1301151955127717, "accuracy": 67.14104914452807}
{"phase": "train", "iteration": 300, "loss": 2.1327785988648733, "accuracy": 66.90294305799583}
{"phase": "train", "iteration": 350, "loss": 2.107118205342974, "accuracy": 67.56690294064903}
{"epoch": 190, "learning_rate": 5.449810500781249e-05, "next_learning_rate": 4.6323389256640616e-05, "learning_rates": {"all": 5.449810500781249e-05}, "next_learning_rates": {"all": 4.6323389256640616e-05}, "train_loss": 2.109752286232842, "train_accuracy": 67.48358476091282, "train_samples": 45000, "train_seconds": 44.463966608047485, "val_loss": 1.625093148612976, "val_accuracy": 75.16, "val_samples": 5000, "val_seconds": 1.954176664352417, "best_validation_accuracy": 75.4, "best_epoch": 182, "epochs_without_improvement": 8}




Epoch == 191
{"phase": "train", "iteration": 50, "loss": 2.0979671835899354, "accuracy": 67.4868136158085}
{"phase": "train", "iteration": 100, "loss": 2.039473054409027, "accuracy": 69.24633959806594}
{"phase": "train", "iteration": 150, "loss": 2.0529475220044455, "accuracy": 68.97812797974012}
{"phase": "train", "iteration": 200, "loss": 2.06077147513628, "accuracy": 68.92434770738832}
{"phase": "train", "iteration": 250, "loss": 2.078218166589737, "accuracy": 68.52195015613293}
{"phase": "train", "iteration": 300, "loss": 2.0417278959353764, "accuracy": 69.64327952416389}
{"phase": "train", "iteration": 350, "loss": 2.043677520241056, "accuracy": 69.59826754870309}
{"epoch": 191, "learning_rate": 4.6323389256640616e-05, "next_learning_rate": 4.6323389256640616e-05, "learning_rates": {"all": 4.6323389256640616e-05}, "next_learning_rates": {"all": 4.6323389256640616e-05}, "train_loss": 2.045386787117852, "train_accuracy": 69.56758123806996, "train_samples": 45000, "train_seconds": 45.04961013793945, "val_loss": 1.6259610557556152, "val_accuracy": 75.12, "val_samples": 5000, "val_seconds": 1.9581432342529297, "best_validation_accuracy": 75.4, "best_epoch": 182, "epochs_without_improvement": 9}




Epoch == 192
{"phase": "train", "iteration": 50, "loss": 1.8366918194293975, "accuracy": 75.29383793986271}
{"phase": "train", "iteration": 100, "loss": 1.8787812727689743, "accuracy": 74.58770095580041}
{"phase": "train", "iteration": 150, "loss": 1.9269229372342427, "accuracy": 73.13872632967102}
{"phase": "train", "iteration": 200, "loss": 1.9567462903261186, "accuracy": 71.78513717835388}
{"phase": "train", "iteration": 250, "loss": 2.005743374347687, "accuracy": 70.49160518456192}
{"phase": "train", "iteration": 300, "loss": 1.9950181718667348, "accuracy": 71.05808634942447}
{"phase": "train", "iteration": 350, "loss": 1.9790565303393772, "accuracy": 71.66414029038752}
{"epoch": 192, "learning_rate": 4.6323389256640616e-05, "next_learning_rate": 4.6323389256640616e-05, "learning_rates": {"all": 4.6323389256640616e-05}, "next_learning_rates": {"all": 4.6323389256640616e-05}, "train_loss": 1.9777882278442382, "train_accuracy": 71.67413321693674, "train_samples": 45000, "train_seconds": 45.220534801483154, "val_loss": 1.6270469924926758, "val_accuracy": 75.2, "val_samples": 5000, "val_seconds": 1.9603161811828613, "best_validation_accuracy": 75.4, "best_epoch": 182, "epochs_without_improvement": 10}




Epoch == 193
{"phase": "train", "iteration": 50, "loss": 2.0905070304870605, "accuracy": 68.0429710811416}
{"phase": "train", "iteration": 100, "loss": 1.9366626405715943, "accuracy": 72.48216357587125}
{"phase": "train", "iteration": 150, "loss": 1.9640958603223164, "accuracy": 71.3794803824957}
{"phase": "train", "iteration": 200, "loss": 1.9246788492798805, "accuracy": 72.5204908174325}
{"phase": "train", "iteration": 250, "loss": 1.9138008925914765, "accuracy": 72.94871781189872}
{"phase": "train", "iteration": 300, "loss": 1.935458599925041, "accuracy": 72.31342287731965}
{"phase": "train", "iteration": 350, "loss": 1.962251306431634, "accuracy": 71.6666249931554}
{"epoch": 193, "learning_rate": 4.6323389256640616e-05, "next_learning_rate": 4.6323389256640616e-05, "learning_rates": {"all": 4.6323389256640616e-05}, "next_learning_rates": {"all": 4.6323389256640616e-05}, "train_loss": 1.9611449275122748, "train_accuracy": 71.70866776703758, "train_samples": 45000, "train_seconds": 45.09516477584839, "val_loss": 1.6276098030090331, "val_accuracy": 75.16, "val_samples": 5000, "val_seconds": 1.9583263397216797, "best_validation_accuracy": 75.4, "best_epoch": 182, "epochs_without_improvement": 11}




Epoch == 194
{"phase": "train", "iteration": 50, "loss": 2.0249616646766664, "accuracy": 70.41814226002398}
{"phase": "train", "iteration": 100, "loss": 1.946536521911621, "accuracy": 72.91745561679777}
{"phase": "train", "iteration": 150, "loss": 1.9002374259630839, "accuracy": 73.83717979850194}
{"phase": "train", "iteration": 200, "loss": 1.9039464709162712, "accuracy": 73.61565997295288}
{"phase": "train", "iteration": 250, "loss": 1.9290198078155518, "accuracy": 72.89209160557435}
{"phase": "train", "iteration": 300, "loss": 1.9015167254209517, "accuracy": 73.6533315432416}
{"phase": "train", "iteration": 350, "loss": 1.902368872846876, "accuracy": 73.60443373986483}
{"epoch": 194, "learning_rate": 4.6323389256640616e-05, "next_learning_rate": 3.9374880868144525e-05, "learning_rates": {"all": 4.6323389256640616e-05}, "next_learning_rates": {"all": 3.9374880868144525e-05}, "train_loss": 1.9010980543348523, "train_accuracy": 73.66021958990989, "train_samples": 45000, "train_seconds": 44.889023780822754, "val_loss": 1.627828221511841, "val_accuracy": 75.16, "val_samples": 5000, "val_seconds": 1.9538626670837402, "best_validation_accuracy": 75.4, "best_epoch": 182, "epochs_without_improvement": 12}




Epoch == 195
{"phase": "train", "iteration": 50, "loss": 1.991943702697754, "accuracy": 71.54876720501471}
{"phase": "train", "iteration": 100, "loss": 1.9846895456314086, "accuracy": 71.58989664035322}
{"phase": "train", "iteration": 150, "loss": 2.015510007937749, "accuracy": 70.1190548555511}
{"phase": "train", "iteration": 200, "loss": 2.0018345403671263, "accuracy": 70.66152430106422}
{"phase": "train", "iteration": 250, "loss": 1.9972784006595612, "accuracy": 70.7121274420625}
{"phase": "train", "iteration": 300, "loss": 1.9723493379354478, "accuracy": 71.43869101695248}
{"phase": "train", "iteration": 350, "loss": 1.9829199618952615, "accuracy": 71.33981676711232}
{"epoch": 195, "learning_rate": 3.9374880868144525e-05, "next_learning_rate": 3.9374880868144525e-05, "learning_rates": {"all": 3.9374880868144525e-05}, "next_learning_rates": {"all": 3.9374880868144525e-05}, "train_loss": 1.982894476975335, "train_accuracy": 71.33846384579105, "train_samples": 45000, "train_seconds": 44.7851939201355, "val_loss": 1.6283955430984498, "val_accuracy": 75.14, "val_samples": 5000, "val_seconds": 1.9597339630126953, "best_validation_accuracy": 75.4, "best_epoch": 182, "epochs_without_improvement": 13}




Epoch == 196
{"phase": "train", "iteration": 50, "loss": 2.219066741466522, "accuracy": 64.74927232411834}
{"phase": "train", "iteration": 100, "loss": 2.1185554695129394, "accuracy": 67.3025013135367}
{"phase": "train", "iteration": 150, "loss": 2.110989004770915, "accuracy": 67.63861020214821}
{"phase": "train", "iteration": 200, "loss": 2.062970387339592, "accuracy": 69.06778094574581}
{"phase": "train", "iteration": 250, "loss": 2.0638987951278684, "accuracy": 69.12362308648058}
{"phase": "train", "iteration": 300, "loss": 2.063339978655179, "accuracy": 69.08015667080636}
{"phase": "train", "iteration": 350, "loss": 2.0732555314472743, "accuracy": 68.7771378840179}
{"epoch": 196, "learning_rate": 3.9374880868144525e-05, "next_learning_rate": 3.9374880868144525e-05, "learning_rates": {"all": 3.9374880868144525e-05}, "next_learning_rates": {"all": 3.9374880868144525e-05}, "train_loss": 2.068858538224962, "train_accuracy": 68.89451390111529, "train_samples": 45000, "train_seconds": 45.08467364311218, "val_loss": 1.629486285018921, "val_accuracy": 75.16, "val_samples": 5000, "val_seconds": 1.9587767124176025, "best_validation_accuracy": 75.4, "best_epoch": 182, "epochs_without_improvement": 14}




Epoch == 197
{"phase": "train", "iteration": 50, "loss": 1.9839393532276153, "accuracy": 71.02461081954769}
{"phase": "train", "iteration": 100, "loss": 2.0145268881320955, "accuracy": 70.15802689679097}
{"phase": "train", "iteration": 150, "loss": 2.0229115295410156, "accuracy": 69.93617137843648}
{"phase": "train", "iteration": 200, "loss": 2.012140138447285, "accuracy": 70.51528419273252}
{"phase": "train", "iteration": 250, "loss": 2.0080542695522308, "accuracy": 70.52609875506306}
{"phase": "train", "iteration": 300, "loss": 1.9941935648520788, "accuracy": 71.04682431413853}
{"phase": "train", "iteration": 350, "loss": 1.9793911286762782, "accuracy": 71.45908171799579}
{"epoch": 197, "learning_rate": 3.9374880868144525e-05, "next_learning_rate": 3.9374880868144525e-05, "learning_rates": {"all": 3.9374880868144525e-05}, "next_learning_rates": {"all": 3.9374880868144525e-05}, "train_loss": 1.9782859480963813, "train_accuracy": 71.48478412494816, "train_samples": 45000, "train_seconds": 44.428452491760254, "val_loss": 1.6302409324645997, "val_accuracy": 75.1, "val_samples": 5000, "val_seconds": 1.9559218883514404, "best_validation_accuracy": 75.4, "best_epoch": 182, "epochs_without_improvement": 15}




Epoch == 198
{"phase": "train", "iteration": 50, "loss": 2.1320774376392366, "accuracy": 67.30927971604991}
{"phase": "train", "iteration": 100, "loss": 1.9553025883436204, "accuracy": 72.44264938272032}
{"phase": "train", "iteration": 150, "loss": 1.8999134906133015, "accuracy": 74.00448066525425}
{"phase": "train", "iteration": 200, "loss": 1.9581092363595962, "accuracy": 72.11639153725437}
{"phase": "train", "iteration": 250, "loss": 1.9254087398052215, "accuracy": 72.89008490439015}
{"phase": "train", "iteration": 300, "loss": 1.9263324250777563, "accuracy": 72.89725123191266}
{"phase": "train", "iteration": 350, "loss": 1.9749427703448705, "accuracy": 71.60785723893619}
{"epoch": 198, "learning_rate": 3.9374880868144525e-05, "next_learning_rate": 3.346864873792284e-05, "learning_rates": {"all": 3.9374880868144525e-05}, "next_learning_rates": {"all": 3.346864873792284e-05}, "train_loss": 1.977280432595147, "train_accuracy": 71.54167575134748, "train_samples": 45000, "train_seconds": 44.41281747817993, "val_loss": 1.6309786418914796, "val_accuracy": 75.2, "val_samples": 5000, "val_seconds": 1.9577157497406006, "best_validation_accuracy": 75.4, "best_epoch": 182, "epochs_without_improvement": 16}




Epoch == 199
{"phase": "train", "iteration": 50, "loss": 1.940583243370056, "accuracy": 72.24710305680871}
{"phase": "train", "iteration": 100, "loss": 1.907208794951439, "accuracy": 73.38600289832581}
{"phase": "train", "iteration": 150, "loss": 1.9021201169490813, "accuracy": 73.47874682242134}
{"phase": "train", "iteration": 200, "loss": 1.9325307488441468, "accuracy": 72.92776072628588}
{"phase": "train", "iteration": 250, "loss": 1.9373667767047882, "accuracy": 72.83098843101499}
{"phase": "train", "iteration": 300, "loss": 1.9395102471113206, "accuracy": 72.73910321565675}
{"phase": "train", "iteration": 350, "loss": 1.932038038458143, "accuracy": 72.90004716284159}
{"epoch": 199, "learning_rate": 3.346864873792284e-05, "next_learning_rate": 3.346864873792284e-05, "learning_rates": {"all": 3.346864873792284e-05}, "next_learning_rates": {"all": 3.346864873792284e-05}, "train_loss": 1.9326074834187825, "train_accuracy": 72.90908514767342, "train_samples": 45000, "train_seconds": 44.238492012023926, "val_loss": 1.6319906728744507, "val_accuracy": 75.24, "val_samples": 5000, "val_seconds": 1.9725935459136963, "best_validation_accuracy": 75.4, "best_epoch": 182, "epochs_without_improvement": 17}




Epoch == 200
{"phase": "train", "iteration": 50, "loss": 1.789944450855255, "accuracy": 76.33216253257469}
{"phase": "train", "iteration": 100, "loss": 1.8310077512264251, "accuracy": 75.23854549761799}
{"phase": "train", "iteration": 150, "loss": 1.8667795658111572, "accuracy": 74.41167780608251}
{"phase": "train", "iteration": 200, "loss": 1.9450516712665558, "accuracy": 72.1680382626947}
{"phase": "train", "iteration": 250, "loss": 1.9346488568782807, "accuracy": 72.59783494842632}
{"phase": "train", "iteration": 300, "loss": 1.9497175349791844, "accuracy": 72.41420856650298}
{"phase": "train", "iteration": 350, "loss": 1.944321003471102, "accuracy": 72.49870427017639}
{"epoch": 200, "learning_rate": 3.346864873792284e-05, "next_learning_rate": 3.346864873792284e-05, "learning_rates": {"all": 3.346864873792284e-05}, "next_learning_rates": {"all": 3.346864873792284e-05}, "train_loss": 1.940186853451199, "train_accuracy": 72.60493104043624, "train_samples": 45000, "train_seconds": 44.344518423080444, "val_loss": 1.6330183794021607, "val_accuracy": 75.32, "val_samples": 5000, "val_seconds": 1.956850528717041, "best_validation_accuracy": 75.4, "best_epoch": 182, "epochs_without_improvement": 18}




Epoch == 201
{"phase": "train", "iteration": 50, "loss": 1.9507846653461456, "accuracy": 71.30935331712499}
{"phase": "train", "iteration": 100, "loss": 1.9008889693021773, "accuracy": 73.36288183032721}
{"phase": "train", "iteration": 150, "loss": 1.9927392502625783, "accuracy": 70.67198477321026}
{"phase": "train", "iteration": 200, "loss": 1.993909314572811, "accuracy": 70.76594085651159}
{"phase": "train", "iteration": 250, "loss": 2.044019777774811, "accuracy": 69.12686880541449}
{"phase": "train", "iteration": 300, "loss": 2.0517626821994783, "accuracy": 69.09693271323005}
{"phase": "train", "iteration": 350, "loss": 2.046632517405919, "accuracy": 69.38966132850099}
{"epoch": 201, "learning_rate": 3.346864873792284e-05, "next_learning_rate": 3.346864873792284e-05, "learning_rates": {"all": 3.346864873792284e-05}, "next_learning_rates": {"all": 3.346864873792284e-05}, "train_loss": 2.045854443105062, "train_accuracy": 69.4368740629564, "train_samples": 45000, "train_seconds": 45.77165746688843, "val_loss": 1.633886209487915, "val_accuracy": 75.36, "val_samples": 5000, "val_seconds": 2.055650472640991, "best_validation_accuracy": 75.4, "best_epoch": 182, "epochs_without_improvement": 19}




Epoch == 202
{"phase": "train", "iteration": 50, "loss": 2.1169816875457763, "accuracy": 67.37876938838222}
{"phase": "train", "iteration": 100, "loss": 2.0864808517694473, "accuracy": 68.06298405903426}
{"phase": "train", "iteration": 150, "loss": 2.078097516298294, "accuracy": 68.28480307116203}
{"phase": "train", "iteration": 200, "loss": 2.05661167293787, "accuracy": 68.94113423349071}
{"phase": "train", "iteration": 250, "loss": 2.0570099186897277, "accuracy": 69.15412797413752}
{"phase": "train", "iteration": 300, "loss": 2.039718920389811, "accuracy": 69.44972775255192}
{"phase": "train", "iteration": 350, "loss": 2.047785462651934, "accuracy": 69.1167278518872}
{"epoch": 202, "learning_rate": 3.346864873792284e-05, "next_learning_rate": 2.8448351427234416e-05, "learning_rates": {"all": 3.346864873792284e-05}, "next_learning_rates": {"all": 2.8448351427234416e-05}, "train_loss": 2.045859441693624, "train_accuracy": 69.19532261134859, "train_samples": 45000, "train_seconds": 47.42685389518738, "val_loss": 1.6346855571746826, "val_accuracy": 75.28, "val_samples": 5000, "val_seconds": 2.0464186668395996, "best_validation_accuracy": 75.4, "best_epoch": 182, "epochs_without_improvement": 20}




Epoch == 203
{"phase": "train", "iteration": 50, "loss": 2.1705360341072084, "accuracy": 66.81932905257726}
{"phase": "train", "iteration": 100, "loss": 2.0025423097610475, "accuracy": 71.30666835632242}
{"phase": "train", "iteration": 150, "loss": 1.967505115667979, "accuracy": 72.30962063854041}
{"phase": "train", "iteration": 200, "loss": 1.9959461250901223, "accuracy": 71.42023342036083}
{"phase": "train", "iteration": 250, "loss": 1.942573895931244, "accuracy": 72.73121642768783}
{"phase": "train", "iteration": 300, "loss": 1.982021238207817, "accuracy": 71.61696055461933}
{"phase": "train", "iteration": 350, "loss": 1.9739271940503802, "accuracy": 71.83637711070925}
{"epoch": 203, "learning_rate": 2.8448351427234416e-05, "next_learning_rate": 2.8448351427234416e-05, "learning_rates": {"all": 2.8448351427234416e-05}, "next_learning_rates": {"all": 2.8448351427234416e-05}, "train_loss": 1.9763684531741672, "train_accuracy": 71.74964963657669, "train_samples": 45000, "train_seconds": 46.34223675727844, "val_loss": 1.6356647228240966, "val_accuracy": 75.24, "val_samples": 5000, "val_seconds": 1.9842603206634521, "best_validation_accuracy": 75.4, "best_epoch": 182, "epochs_without_improvement": 21}




Epoch == 204
{"phase": "train", "iteration": 50, "loss": 2.1678767704963686, "accuracy": 65.78425402863502}
{"phase": "train", "iteration": 100, "loss": 2.0166521722078325, "accuracy": 70.44079102513729}
{"phase": "train", "iteration": 150, "loss": 2.095702134768168, "accuracy": 68.215029124403}
{"phase": "train", "iteration": 200, "loss": 2.0291470927000046, "accuracy": 70.35298822310986}
{"phase": "train", "iteration": 250, "loss": 2.040510663032532, "accuracy": 69.87154574441834}
{"phase": "train", "iteration": 300, "loss": 2.0030680966377257, "accuracy": 70.93380740823746}
{"phase": "train", "iteration": 350, "loss": 1.9938438315050944, "accuracy": 71.26678416098451}
{"epoch": 204, "learning_rate": 2.8448351427234416e-05, "next_learning_rate": 2.8448351427234416e-05, "learning_rates": {"all": 2.8448351427234416e-05}, "next_learning_rates": {"all": 2.8448351427234416e-05}, "train_loss": 1.9950305569966633, "train_accuracy": 71.25614458409397, "train_samples": 45000, "train_seconds": 45.30383276939392, "val_loss": 1.6365666297912598, "val_accuracy": 75.1, "val_samples": 5000, "val_seconds": 1.9518613815307617, "best_validation_accuracy": 75.4, "best_epoch": 182, "epochs_without_improvement": 22}




Epoch == 205
{"phase": "train", "iteration": 50, "loss": 1.976167732477188, "accuracy": 71.29595910620868}
{"phase": "train", "iteration": 100, "loss": 2.1557607305049897, "accuracy": 66.61752122910707}
{"phase": "train", "iteration": 150, "loss": 2.118205746014913, "accuracy": 67.19239368820114}
{"phase": "train", "iteration": 200, "loss": 2.123632276058197, "accuracy": 67.22741541722085}
{"phase": "train", "iteration": 250, "loss": 2.0792149233818056, "accuracy": 68.63497491477277}
{"phase": "train", "iteration": 300, "loss": 2.0466538059711454, "accuracy": 69.53669118103409}
{"phase": "train", "iteration": 350, "loss": 2.04483756508146, "accuracy": 69.42197017518929}
{"epoch": 205, "learning_rate": 2.8448351427234416e-05, "next_learning_rate": 2.8448351427234416e-05, "learning_rates": {"all": 2.8448351427234416e-05}, "next_learning_rates": {"all": 2.8448351427234416e-05}, "train_loss": 2.0441268660439387, "train_accuracy": 69.45914091759529, "train_samples": 45000, "train_seconds": 45.651734828948975, "val_loss": 1.6376018604278564, "val_accuracy": 75.06, "val_samples": 5000, "val_seconds": 1.9371566772460938, "best_validation_accuracy": 75.4, "best_epoch": 182, "epochs_without_improvement": 23}




Epoch == 206
{"phase": "train", "iteration": 50, "loss": 1.9504495477676391, "accuracy": 72.97486050080637}
{"phase": "train", "iteration": 100, "loss": 1.9966135716438294, "accuracy": 71.42781529152774}
{"phase": "train", "iteration": 150, "loss": 2.062055677175522, "accuracy": 69.2467984525912}
{"phase": "train", "iteration": 200, "loss": 2.067841739356518, "accuracy": 68.77438611886764}
{"phase": "train", "iteration": 250, "loss": 2.0628315410614015, "accuracy": 68.86270407330217}
{"phase": "train", "iteration": 300, "loss": 2.0358308577537536, "accuracy": 69.54148713753206}
{"phase": "train", "iteration": 350, "loss": 2.0399508719784873, "accuracy": 69.46791260703381}
{"epoch": 206, "learning_rate": 2.8448351427234416e-05, "next_learning_rate": 2.4181098713149252e-05, "learning_rates": {"all": 2.8448351427234416e-05}, "next_learning_rates": {"all": 2.4181098713149252e-05}, "train_loss": 2.037563112068176, "train_accuracy": 69.53884461050347, "train_samples": 45000, "train_seconds": 45.380037784576416, "val_loss": 1.6383478122711181, "val_accuracy": 75.1, "val_samples": 5000, "val_seconds": 1.9464833736419678, "best_validation_accuracy": 75.4, "best_epoch": 182, "epochs_without_improvement": 24}




Epoch == 207
{"phase": "train", "iteration": 50, "loss": 2.1160103392601015, "accuracy": 67.58899740655632}
{"phase": "train", "iteration": 100, "loss": 2.150139726400375, "accuracy": 66.87105732918847}
{"phase": "train", "iteration": 150, "loss": 2.1550000401337943, "accuracy": 66.62853315050891}
{"phase": "train", "iteration": 200, "loss": 2.12708037763834, "accuracy": 67.28287968168642}
{"phase": "train", "iteration": 250, "loss": 2.0875327308177947, "accuracy": 68.39117703890835}
{"phase": "train", "iteration": 300, "loss": 2.0764057823022206, "accuracy": 68.807034599751}
{"phase": "train", "iteration": 350, "loss": 2.0565702147143226, "accuracy": 69.29485908610782}
{"epoch": 207, "learning_rate": 2.4181098713149252e-05, "next_learning_rate": 2.4181098713149252e-05, "learning_rates": {"all": 2.4181098713149252e-05}, "next_learning_rates": {"all": 2.4181098713149252e-05}, "train_loss": 2.057001580598619, "train_accuracy": 69.2897497894958, "train_samples": 45000, "train_seconds": 44.91265416145325, "val_loss": 1.639325122833252, "val_accuracy": 75.18, "val_samples": 5000, "val_seconds": 1.945624589920044, "best_validation_accuracy": 75.4, "best_epoch": 182, "epochs_without_improvement": 25}




Epoch == 208
{"phase": "train", "iteration": 50, "loss": 1.815648695230484, "accuracy": 76.54546266256718}
{"phase": "train", "iteration": 100, "loss": 1.9516195887327195, "accuracy": 72.4161426569407}
{"phase": "train", "iteration": 150, "loss": 1.9811704723040262, "accuracy": 71.04835493174042}
{"phase": "train", "iteration": 200, "loss": 2.001174069046974, "accuracy": 70.69426604482737}
{"phase": "train", "iteration": 250, "loss": 1.9971448526382447, "accuracy": 70.87662082310084}
{"phase": "train", "iteration": 300, "loss": 1.9783737526337306, "accuracy": 71.63794372686014}
{"phase": "train", "iteration": 350, "loss": 1.9754188358783722, "accuracy": 71.73226653766281}
{"epoch": 208, "learning_rate": 2.4181098713149252e-05, "next_learning_rate": 2.4181098713149252e-05, "learning_rates": {"all": 2.4181098713149252e-05}, "next_learning_rates": {"all": 2.4181098713149252e-05}, "train_loss": 1.9709886144638062, "train_accuracy": 71.84153376318402, "train_samples": 45000, "train_seconds": 45.530821084976196, "val_loss": 1.6401636940002442, "val_accuracy": 75.18, "val_samples": 5000, "val_seconds": 1.9456684589385986, "best_validation_accuracy": 75.4, "best_epoch": 182, "epochs_without_improvement": 26}




Epoch == 209
{"phase": "train", "iteration": 50, "loss": 2.1829910290241243, "accuracy": 66.19064648096698}
{"phase": "train", "iteration": 100, "loss": 2.2005466228723525, "accuracy": 65.23183847439601}
{"phase": "train", "iteration": 150, "loss": 2.1315505476792653, "accuracy": 67.30396956008602}
{"phase": "train", "iteration": 200, "loss": 2.078680089712143, "accuracy": 68.64102901593239}
{"phase": "train", "iteration": 250, "loss": 2.0532590913772584, "accuracy": 69.29367396747007}
{"phase": "train", "iteration": 300, "loss": 2.043936147292455, "accuracy": 69.64258715537329}
{"phase": "train", "iteration": 350, "loss": 2.035254232713154, "accuracy": 69.830312830157}
{"epoch": 209, "learning_rate": 2.4181098713149252e-05, "next_learning_rate": 2.4181098713149252e-05, "learning_rates": {"all": 2.4181098713149252e-05}, "next_learning_rates": {"all": 2.4181098713149252e-05}, "train_loss": 2.032412088669671, "train_accuracy": 69.91546533825024, "train_samples": 45000, "train_seconds": 44.97621035575867, "val_loss": 1.6409267761230468, "val_accuracy": 75.24, "val_samples": 5000, "val_seconds": 1.950101613998413, "best_validation_accuracy": 75.4, "best_epoch": 182, "epochs_without_improvement": 27}




Epoch == 210
{"phase": "train", "iteration": 50, "loss": 2.033049418926239, "accuracy": 69.58727567145684}
{"phase": "train", "iteration": 100, "loss": 2.0909892827272416, "accuracy": 68.30919379453363}
{"phase": "train", "iteration": 150, "loss": 2.0278956305980684, "accuracy": 70.00011144630366}
{"phase": "train", "iteration": 200, "loss": 1.9878600385785103, "accuracy": 70.97228018679125}
{"phase": "train", "iteration": 250, "loss": 1.9429312098026275, "accuracy": 72.32493701122738}
{"phase": "train", "iteration": 300, "loss": 1.9835721931854884, "accuracy": 71.30195945076355}
{"phase": "train", "iteration": 350, "loss": 1.9913427477223533, "accuracy": 71.11167853536048}
{"epoch": 210, "learning_rate": 2.4181098713149252e-05, "next_learning_rate": 2.0553933906176864e-05, "learning_rates": {"all": 2.4181098713149252e-05}, "next_learning_rates": {"all": 2.0553933906176864e-05}, "train_loss": 1.9901819717831082, "train_accuracy": 71.11834391502335, "train_samples": 45000, "train_seconds": 45.29171538352966, "val_loss": 1.6416291400909424, "val_accuracy": 75.18, "val_samples": 5000, "val_seconds": 1.9550752639770508, "best_validation_accuracy": 75.4, "best_epoch": 182, "epochs_without_improvement": 28}




Epoch == 211
{"phase": "train", "iteration": 50, "loss": 1.7952970552444458, "accuracy": 77.22681527220078}
{"phase": "train", "iteration": 100, "loss": 1.9349130529165268, "accuracy": 72.40044552506862}
{"phase": "train", "iteration": 150, "loss": 1.899840210278829, "accuracy": 73.26216623894344}
{"phase": "train", "iteration": 200, "loss": 1.905311659872532, "accuracy": 72.97871425076127}
{"phase": "train", "iteration": 250, "loss": 1.9325231711864472, "accuracy": 72.34300230535152}
{"phase": "train", "iteration": 300, "loss": 1.9508146437009175, "accuracy": 71.79171980533188}
{"phase": "train", "iteration": 350, "loss": 1.938264171395983, "accuracy": 72.17085241674259}
{"epoch": 211, "learning_rate": 2.0553933906176864e-05, "next_learning_rate": 2.0553933906176864e-05, "learning_rates": {"all": 2.0553933906176864e-05}, "next_learning_rates": {"all": 2.0553933906176864e-05}, "train_loss": 1.9393902851952447, "train_accuracy": 72.13440666462168, "train_samples": 45000, "train_seconds": 45.470160484313965, "val_loss": 1.6421549045562744, "val_accuracy": 75.22, "val_samples": 5000, "val_seconds": 1.947542428970337, "best_validation_accuracy": 75.4, "best_epoch": 182, "epochs_without_improvement": 29}




Epoch == 212
{"phase": "train", "iteration": 50, "loss": 1.9545937669277191, "accuracy": 71.7927090929784}
{"phase": "train", "iteration": 100, "loss": 1.9260678911209106, "accuracy": 72.81090985866022}
{"phase": "train", "iteration": 150, "loss": 1.9009350498517354, "accuracy": 73.61093401033102}
{"phase": "train", "iteration": 200, "loss": 1.8961303588747977, "accuracy": 73.5946583645365}
{"phase": "train", "iteration": 250, "loss": 1.9174347534179688, "accuracy": 72.73072399887135}
{"phase": "train", "iteration": 300, "loss": 1.9325508817036947, "accuracy": 72.41696623131803}
{"phase": "train", "iteration": 350, "loss": 1.929891872746604, "accuracy": 72.56286796915663}
{"epoch": 212, "learning_rate": 2.0553933906176864e-05, "next_learning_rate": 2.0553933906176864e-05, "learning_rates": {"all": 2.0553933906176864e-05}, "next_learning_rates": {"all": 2.0553933906176864e-05}, "train_loss": 1.9329696813159518, "train_accuracy": 72.489220201631, "train_samples": 45000, "train_seconds": 45.412466049194336, "val_loss": 1.6430583042144775, "val_accuracy": 75.26, "val_samples": 5000, "val_seconds": 1.9537997245788574, "best_validation_accuracy": 75.4, "best_epoch": 182, "epochs_without_improvement": 30}
Early stopping at epoch 212: validation accuracy did not improve for 30 epochs.
{"phase": "validation", "iteration": 50, "loss": 1.673282175064087, "accuracy": 74.28125}
{
  "best_epoch": 182,
  "last_epoch": 212,
  "best_validation_accuracy": 75.4,
  "epochs_without_improvement": 30,
  "early_stopped": true,
  "early_stopping_patience": 30,
  "test_metrics": {
    "loss": 1.662726538848877,
    "accuracy": 74.59,
    "samples": 10000,
    "seconds": 14.691756010055542
  },
  "best_checkpoint": "C:\\Users\\jafari.h\\Desktop\\ai_project\\ConvNeXt\\results\\cifar100\\ablation_delay_initialization\\low\\seed_7777\\best_checkpoint.pth",
  "last_checkpoint": "C:\\Users\\jafari.h\\Desktop\\ai_project\\ConvNeXt\\results\\cifar100\\ablation_delay_initialization\\low\\seed_7777\\last_checkpoint.pth"
}

==============================================
Delay initialization: high
Stage delays: 0.10,0.04,0.02,0.02
Seed: 7777
==============================================
Runtime downsample shapes: {0: (1, 96, 32, 32), 1: (1, 192, 16, 16), 2: (1, 384, 8, 8), 3: (1, 768, 4, 4)}
Dataset: CIFAR-100, classes=100, input_resolution=32x32
Architecture: dims=(96, 192, 384, 768), depths=(2, 2, 6, 2), parameters=20,920,036
TTFS normalization mode: score_layernorm
Depthwise convolution mode: dense
Downsampling convolution mode: dense
Non-negative effective pointwise weights: False
Final score normalization enabled: True
Augmentation settings: {'randaugment': True, 'randaugment_num_ops': 2, 'randaugment_magnitude': 9, 'mixup_alpha': 0.2, 'cutmix_alpha': 1.0, 'random_erasing': 0.1}
Actual stage delays: [{'stage': 0, 'mid': 0.10000000894069672, 'out': 0.10000000894069672}, {'stage': 1, 'mid': 0.03999999910593033, 'out': 0.03999999910593033}, {'stage': 2, 'mid': 0.019999999552965164, 'out': 0.019999999552965164}, {'stage': 3, 'mid': 0.019999999552965164, 'out': 0.019999999552965164}]
Delay gradient norms after test backward: [{'stage': 0, 'D_mid': 7.839023208321175e-05, 'D_out': 0.0002699950142979199}, {'stage': 1, 'D_mid': 0.00044885124194945895, 'D_out': 0.0012132451607838608}, {'stage': 2, 'D_mid': 0.0009595204071930658, 'D_out': 0.0017801276334390458}, {'stage': 3, 'D_mid': 0.0010136814440053813, 'D_out': 0.001454626042171763}]
TTFS normalization smoke test: {'logits_shape': [2, 100], 'logits_finite': True, 'delay_gradient_norms': [{'stage': 0, 'D_mid': 7.839023208321175e-05, 'D_out': 0.0002699950142979199}, {'stage': 1, 'D_mid': 0.00044885124194945895, 'D_out': 0.0012132451607838608}, {'stage': 2, 'D_mid': 0.0009595204071930658, 'D_out': 0.0017801276334390458}, {'stage': 3, 'D_mid': 0.0010136814440053813, 'D_out': 0.001454626042171763}], 'layernorm_gradient_norms': [{'stage': 0, 'block': 0, 'parameter': 'weight', 'gradient_norm': 0.00013631838373839855}, {'stage': 0, 'block': 0, 'parameter': 'bias', 'gradient_norm': 0.00016464425425510854}, {'stage': 0, 'block': 1, 'parameter': 'weight', 'gradient_norm': 0.0}, {'stage': 0, 'block': 1, 'parameter': 'bias', 'gradient_norm': 0.0}, {'stage': 1, 'block': 0, 'parameter': 'weight', 'gradient_norm': 0.002671221736818552}, {'stage': 1, 'block': 0, 'parameter': 'bias', 'gradient_norm': 0.0032259547151625156}, {'stage': 1, 'block': 1, 'parameter': 'weight', 'gradient_norm': 0.000853212783113122}, {'stage': 1, 'block': 1, 'parameter': 'bias', 'gradient_norm': 0.0007947608246468008}, {'stage': 2, 'block': 0, 'parameter': 'weight', 'gradient_norm': 0.007203562185168266}, {'stage': 2, 'block': 0, 'parameter': 'bias', 'gradient_norm': 0.008271749131381512}, {'stage': 2, 'block': 1, 'parameter': 'weight', 'gradient_norm': 0.005196516867727041}, {'stage': 2, 'block': 1, 'parameter': 'bias', 'gradient_norm': 0.007810703478753567}, {'stage': 2, 'block': 2, 'parameter': 'weight', 'gradient_norm': 0.007437161635607481}, {'stage': 2, 'block': 2, 'parameter': 'bias', 'gradient_norm': 0.008553714491426945}, {'stage': 2, 'block': 3, 'parameter': 'weight', 'gradient_norm': 0.005597766488790512}, {'stage': 2, 'block': 3, 'parameter': 'bias', 'gradient_norm': 0.005960801150649786}, {'stage': 2, 'block': 4, 'parameter': 'weight', 'gradient_norm': 0.006830183323472738}, {'stage': 2, 'block': 4, 'parameter': 'bias', 'gradient_norm': 0.006822658237069845}, {'stage': 2, 'block': 5, 'parameter': 'weight', 'gradient_norm': 0.011190898716449738}, {'stage': 2, 'block': 5, 'parameter': 'bias', 'gradient_norm': 0.008615986444056034}, {'stage': 3, 'block': 0, 'parameter': 'weight', 'gradient_norm': 0.019629735499620438}, {'stage': 3, 'block': 0, 'parameter': 'bias', 'gradient_norm': 0.021770711988210678}, {'stage': 3, 'block': 1, 'parameter': 'weight', 'gradient_norm': 0.01578063704073429}, {'stage': 3, 'block': 1, 'parameter': 'bias', 'gradient_norm': 0.018514452502131462}], 'final_layernorm_gradient_norms': [{'parameter': 'weight', 'gradient_norm': 0.06749232858419418}, {'parameter': 'bias', 'gradient_norm': 0.06230203062295914}], 'convolution_delay_gradient_norms': []}




Epoch == 0
{"phase": "train", "iteration": 50, "loss": 4.659993715286255, "accuracy": 1.004413881542325}
{"phase": "train", "iteration": 100, "loss": 4.6493400192260745, "accuracy": 0.9989159399817926}
{"phase": "train", "iteration": 150, "loss": 4.642650674184163, "accuracy": 1.074787801147671}
{"phase": "train", "iteration": 200, "loss": 4.637466332912445, "accuracy": 1.1163503488826383}
{"phase": "train", "iteration": 250, "loss": 4.627508563995361, "accuracy": 1.282595321695831}
{"phase": "train", "iteration": 300, "loss": 4.615183757146199, "accuracy": 1.39881440069908}
{"phase": "train", "iteration": 350, "loss": 4.6032612378256665, "accuracy": 1.515206622816652}
{"epoch": 0, "learning_rate": 2e-05, "next_learning_rate": 2e-05, "learning_rates": {"all": 2e-05}, "next_learning_rates": {"all": 2e-05}, "train_loss": 4.602985201687283, "train_accuracy": 1.5233291419930226, "train_samples": 45000, "train_seconds": 59.4291558265686, "val_loss": 4.710037001037597, "val_accuracy": 0.94, "val_samples": 5000, "val_seconds": 14.188627243041992, "best_validation_accuracy": 0.94, "best_epoch": 0, "epochs_without_improvement": 0}




Epoch == 1
{"phase": "train", "iteration": 50, "loss": 4.533350038528442, "accuracy": 2.4203663257804977}
{"phase": "train", "iteration": 100, "loss": 4.526047859191895, "accuracy": 2.3476441853526593}
{"phase": "train", "iteration": 150, "loss": 4.519735689163208, "accuracy": 2.4328730832189036}
{"phase": "train", "iteration": 200, "loss": 4.511309640407562, "accuracy": 2.4903578371892583}
{"phase": "train", "iteration": 250, "loss": 4.503746347427368, "accuracy": 2.6060254284006352}
{"phase": "train", "iteration": 300, "loss": 4.500551031430562, "accuracy": 2.678739485698008}
{"phase": "train", "iteration": 350, "loss": 4.493385395322528, "accuracy": 2.8679023734016056}
{"epoch": 1, "learning_rate": 4e-05, "next_learning_rate": 4e-05, "learning_rates": {"all": 4e-05}, "next_learning_rates": {"all": 4e-05}, "train_loss": 4.493308716498481, "train_accuracy": 2.866267251742043, "train_samples": 45000, "train_seconds": 45.525776863098145, "val_loss": 4.681382535552978, "val_accuracy": 1.54, "val_samples": 5000, "val_seconds": 1.6342127323150635, "best_validation_accuracy": 1.54, "best_epoch": 1, "epochs_without_improvement": 0}




Epoch == 2
{"phase": "train", "iteration": 50, "loss": 4.432182655334473, "accuracy": 3.864189790750393}
{"phase": "train", "iteration": 100, "loss": 4.424182109832763, "accuracy": 4.0759962309795235}
{"phase": "train", "iteration": 150, "loss": 4.419725103378296, "accuracy": 4.130933211573307}
{"phase": "train", "iteration": 200, "loss": 4.415273158550263, "accuracy": 4.253222838042197}
{"phase": "train", "iteration": 250, "loss": 4.4082181301116945, "accuracy": 4.302279708363015}
{"phase": "train", "iteration": 300, "loss": 4.405066119829813, "accuracy": 4.346930633006763}
{"phase": "train", "iteration": 350, "loss": 4.4044059371948245, "accuracy": 4.396965109527271}
{"epoch": 2, "learning_rate": 6e-05, "next_learning_rate": 6e-05, "learning_rates": {"all": 6e-05}, "next_learning_rates": {"all": 6e-05}, "train_loss": 4.404374160088433, "train_accuracy": 4.398302874184621, "train_samples": 45000, "train_seconds": 46.252041816711426, "val_loss": 4.654649217224121, "val_accuracy": 1.16, "val_samples": 5000, "val_seconds": 1.37005615234375, "best_validation_accuracy": 1.54, "best_epoch": 1, "epochs_without_improvement": 1}




Epoch == 3
{"phase": "train", "iteration": 50, "loss": 4.370649719238282, "accuracy": 4.959721121773429}
{"phase": "train", "iteration": 100, "loss": 4.354054913520813, "accuracy": 5.378089554251579}
{"phase": "train", "iteration": 150, "loss": 4.3504447142283125, "accuracy": 5.375707031744451}
{"phase": "train", "iteration": 200, "loss": 4.343025727272034, "accuracy": 5.5268258583503895}
{"phase": "train", "iteration": 250, "loss": 4.341284833908081, "accuracy": 5.586573435862627}
{"phase": "train", "iteration": 300, "loss": 4.33323702176412, "accuracy": 5.658339127406544}
{"phase": "train", "iteration": 350, "loss": 4.330390608651298, "accuracy": 5.748941250853631}
{"epoch": 3, "learning_rate": 8e-05, "next_learning_rate": 8e-05, "learning_rates": {"all": 8e-05}, "next_learning_rates": {"all": 8e-05}, "train_loss": 4.329410860104031, "train_accuracy": 5.769817147790162, "train_samples": 45000, "train_seconds": 45.9072527885437, "val_loss": 4.628391577911377, "val_accuracy": 1.16, "val_samples": 5000, "val_seconds": 1.3573613166809082, "best_validation_accuracy": 1.54, "best_epoch": 1, "epochs_without_improvement": 2}




Epoch == 4
{"phase": "train", "iteration": 50, "loss": 4.310248613357544, "accuracy": 6.177762567612881}
{"phase": "train", "iteration": 100, "loss": 4.288672828674317, "accuracy": 6.740315385532793}
{"phase": "train", "iteration": 150, "loss": 4.292811883290609, "accuracy": 6.537770097797299}
{"phase": "train", "iteration": 200, "loss": 4.287793900966644, "accuracy": 6.7477295363940595}
{"phase": "train", "iteration": 250, "loss": 4.2878815441131595, "accuracy": 6.6774076758739715}
{"phase": "train", "iteration": 300, "loss": 4.2872337317466735, "accuracy": 6.74638420749168}
{"phase": "train", "iteration": 350, "loss": 4.285136698995318, "accuracy": 6.760846951087357}
{"epoch": 4, "learning_rate": 0.0001, "next_learning_rate": 0.0001, "learning_rates": {"all": 0.0001}, "next_learning_rates": {"all": 0.0001}, "train_loss": 4.284914829084609, "train_accuracy": 6.764760316024228, "train_samples": 45000, "train_seconds": 45.577253580093384, "val_loss": 4.600429418945312, "val_accuracy": 1.32, "val_samples": 5000, "val_seconds": 1.393542766571045, "best_validation_accuracy": 1.54, "best_epoch": 1, "epochs_without_improvement": 3}




Epoch == 5
{"phase": "train", "iteration": 50, "loss": 4.242058658599854, "accuracy": 7.561374722296359}
{"phase": "train", "iteration": 100, "loss": 4.2470533919334414, "accuracy": 7.608580629277919}
{"phase": "train", "iteration": 150, "loss": 4.253734434445699, "accuracy": 7.596737499322618}
{"phase": "train", "iteration": 200, "loss": 4.249931727647781, "accuracy": 7.6555345549247455}
{"phase": "train", "iteration": 250, "loss": 4.249831503868103, "accuracy": 7.733764928788413}
{"phase": "train", "iteration": 300, "loss": 4.23680255095164, "accuracy": 7.838688723583575}
{"phase": "train", "iteration": 350, "loss": 4.227299566268921, "accuracy": 8.075757268213135}
{"epoch": 5, "learning_rate": 0.00012, "next_learning_rate": 0.00012, "learning_rates": {"all": 0.00012}, "next_learning_rates": {"all": 0.00012}, "train_loss": 4.228166041225857, "train_accuracy": 8.060546488903807, "train_samples": 45000, "train_seconds": 45.680930614471436, "val_loss": 4.56923786315918, "val_accuracy": 1.92, "val_samples": 5000, "val_seconds": 1.3927550315856934, "best_validation_accuracy": 1.92, "best_epoch": 5, "epochs_without_improvement": 0}




Epoch == 6
{"phase": "train", "iteration": 50, "loss": 4.188724045753479, "accuracy": 8.361804596080825}
{"phase": "train", "iteration": 100, "loss": 4.198539066314697, "accuracy": 8.353794248502016}
{"phase": "train", "iteration": 150, "loss": 4.212979068756104, "accuracy": 8.198218601008717}
{"phase": "train", "iteration": 200, "loss": 4.211409718990326, "accuracy": 8.337613043666375}
{"phase": "train", "iteration": 250, "loss": 4.203125651359558, "accuracy": 8.492196613201475}
{"phase": "train", "iteration": 300, "loss": 4.189040058453878, "accuracy": 8.707857543041639}
{"phase": "train", "iteration": 350, "loss": 4.185569028173174, "accuracy": 8.809521870735596}
{"epoch": 6, "learning_rate": 0.00014, "next_learning_rate": 0.00014, "learning_rates": {"all": 0.00014}, "next_learning_rates": {"all": 0.00014}, "train_loss": 4.186086602698432, "train_accuracy": 8.800546391587881, "train_samples": 45000, "train_seconds": 46.042819023132324, "val_loss": 4.531452191925049, "val_accuracy": 2.82, "val_samples": 5000, "val_seconds": 1.347245693206787, "best_validation_accuracy": 2.82, "best_epoch": 6, "epochs_without_improvement": 0}




Epoch == 7
{"phase": "train", "iteration": 50, "loss": 4.1009450340271, "accuracy": 10.77220346869385}
{"phase": "train", "iteration": 100, "loss": 4.094697070121765, "accuracy": 10.770486875376708}
{"phase": "train", "iteration": 150, "loss": 4.1106448809305824, "accuracy": 10.366077782811029}
{"phase": "train", "iteration": 200, "loss": 4.1009640431404115, "accuracy": 10.490168961581668}
{"phase": "train", "iteration": 250, "loss": 4.1018370952606205, "accuracy": 10.598094864209772}
{"phase": "train", "iteration": 300, "loss": 4.100481580893199, "accuracy": 10.65559393234959}
{"phase": "train", "iteration": 350, "loss": 4.097483233043126, "accuracy": 10.772326886307743}
{"epoch": 7, "learning_rate": 0.00016, "next_learning_rate": 0.00016, "learning_rates": {"all": 0.00016}, "next_learning_rates": {"all": 0.00016}, "train_loss": 4.096406516011556, "train_accuracy": 10.786018521509769, "train_samples": 45000, "train_seconds": 45.333049058914185, "val_loss": 4.483421043395996, "val_accuracy": 3.96, "val_samples": 5000, "val_seconds": 1.6178319454193115, "best_validation_accuracy": 3.96, "best_epoch": 7, "epochs_without_improvement": 0}




Epoch == 8
{"phase": "train", "iteration": 50, "loss": 4.125649523735047, "accuracy": 10.36375683232072}
{"phase": "train", "iteration": 100, "loss": 4.1222413063049315, "accuracy": 10.217397216348227}
{"phase": "train", "iteration": 150, "loss": 4.117915561993917, "accuracy": 10.40685124905087}
{"phase": "train", "iteration": 200, "loss": 4.1106289970874785, "accuracy": 10.59605261523289}
{"phase": "train", "iteration": 250, "loss": 4.097823441505432, "accuracy": 10.839919730283077}
{"phase": "train", "iteration": 300, "loss": 4.084788652261098, "accuracy": 11.135849572196063}
{"phase": "train", "iteration": 350, "loss": 4.079963568959918, "accuracy": 11.254866096361862}
{"epoch": 8, "learning_rate": 0.00018, "next_learning_rate": 0.00018, "learning_rates": {"all": 0.00018}, "next_learning_rates": {"all": 0.00018}, "train_loss": 4.080406203545464, "train_accuracy": 11.235917811234891, "train_samples": 45000, "train_seconds": 44.99305057525635, "val_loss": 4.426107576751709, "val_accuracy": 4.9, "val_samples": 5000, "val_seconds": 1.9575920104980469, "best_validation_accuracy": 4.9, "best_epoch": 8, "epochs_without_improvement": 0}




Epoch == 9
{"phase": "train", "iteration": 50, "loss": 4.063884034156799, "accuracy": 11.826021212154478}
{"phase": "train", "iteration": 100, "loss": 4.066558432579041, "accuracy": 11.614852127255409}
{"phase": "train", "iteration": 150, "loss": 4.05568161646525, "accuracy": 11.958191970795426}
{"phase": "train", "iteration": 200, "loss": 4.038360034227371, "accuracy": 12.299520081542878}
{"phase": "train", "iteration": 250, "loss": 4.040770128250122, "accuracy": 12.176045080326402}
{"phase": "train", "iteration": 300, "loss": 4.031317630608877, "accuracy": 12.274809208812135}
{"phase": "train", "iteration": 350, "loss": 4.033198336873736, "accuracy": 12.32146397422352}
{"epoch": 9, "learning_rate": 0.0002, "next_learning_rate": 0.0002, "learning_rates": {"all": 0.0002}, "next_learning_rates": {"all": 0.0002}, "train_loss": 4.033363803185357, "train_accuracy": 12.318664130737796, "train_samples": 45000, "train_seconds": 44.99058198928833, "val_loss": 4.36288318939209, "val_accuracy": 6.32, "val_samples": 5000, "val_seconds": 1.9484093189239502, "best_validation_accuracy": 6.32, "best_epoch": 9, "epochs_without_improvement": 0}




Epoch == 10
{"phase": "train", "iteration": 50, "loss": 3.8549102354049682, "accuracy": 15.651236590779563}
{"phase": "train", "iteration": 100, "loss": 3.931536717414856, "accuracy": 14.14902057219522}
{"phase": "train", "iteration": 150, "loss": 3.9410830211639403, "accuracy": 14.101670857832465}
{"phase": "train", "iteration": 200, "loss": 3.9328171479701997, "accuracy": 14.248025473609992}
{"phase": "train", "iteration": 250, "loss": 3.9367441883087158, "accuracy": 14.218595961568962}
{"phase": "train", "iteration": 300, "loss": 3.937225045363108, "accuracy": 14.251983083865962}
{"phase": "train", "iteration": 350, "loss": 3.936646930830819, "accuracy": 14.31861555084115}
{"epoch": 10, "learning_rate": 0.0002, "next_learning_rate": 0.0002, "learning_rates": {"all": 0.0002}, "next_learning_rates": {"all": 0.0002}, "train_loss": 3.9373490712059867, "train_accuracy": 14.307615980428398, "train_samples": 45000, "train_seconds": 45.09756398200989, "val_loss": 4.2967629737854, "val_accuracy": 7.42, "val_samples": 5000, "val_seconds": 1.9448776245117188, "best_validation_accuracy": 7.42, "best_epoch": 10, "epochs_without_improvement": 0}




Epoch == 11
{"phase": "train", "iteration": 50, "loss": 3.884024267196655, "accuracy": 15.98815640447242}
{"phase": "train", "iteration": 100, "loss": 3.859404227733612, "accuracy": 16.223753934264785}
{"phase": "train", "iteration": 150, "loss": 3.88073002020518, "accuracy": 15.813368317006567}
{"phase": "train", "iteration": 200, "loss": 3.88553350687027, "accuracy": 15.735964616036867}
{"phase": "train", "iteration": 250, "loss": 3.877561641693115, "accuracy": 15.806020499150605}
{"phase": "train", "iteration": 300, "loss": 3.877467149098714, "accuracy": 15.800860370034206}
{"phase": "train", "iteration": 350, "loss": 3.8733886248724803, "accuracy": 15.829252267672219}
{"epoch": 11, "learning_rate": 0.0002, "next_learning_rate": 0.0002, "learning_rates": {"all": 0.0002}, "next_learning_rates": {"all": 0.0002}, "train_loss": 3.8736215723673504, "train_accuracy": 15.816677805960678, "train_samples": 45000, "train_seconds": 45.67937088012695, "val_loss": 4.2318403503417965, "val_accuracy": 9.0, "val_samples": 5000, "val_seconds": 1.9356329441070557, "best_validation_accuracy": 9.0, "best_epoch": 11, "epochs_without_improvement": 0}




Epoch == 12
{"phase": "train", "iteration": 50, "loss": 3.826582522392273, "accuracy": 17.088561501295082}
{"phase": "train", "iteration": 100, "loss": 3.8158743143081666, "accuracy": 17.053661758259352}
{"phase": "train", "iteration": 150, "loss": 3.8380282243092854, "accuracy": 16.652800924712757}
{"phase": "train", "iteration": 200, "loss": 3.837129100561142, "accuracy": 16.746602829682327}
{"phase": "train", "iteration": 250, "loss": 3.8295197534561156, "accuracy": 17.023418452400627}
{"phase": "train", "iteration": 300, "loss": 3.8288225086530048, "accuracy": 17.004959278489792}
{"phase": "train", "iteration": 350, "loss": 3.827479895864214, "accuracy": 16.990439311685577}
{"epoch": 12, "learning_rate": 0.0002, "next_learning_rate": 0.0002, "learning_rates": {"all": 0.0002}, "next_learning_rates": {"all": 0.0002}, "train_loss": 3.8259967751397026, "train_accuracy": 17.03448759363896, "train_samples": 45000, "train_seconds": 45.466270208358765, "val_loss": 4.165985976409912, "val_accuracy": 10.48, "val_samples": 5000, "val_seconds": 1.9397218227386475, "best_validation_accuracy": 10.48, "best_epoch": 12, "epochs_without_improvement": 0}




Epoch == 13
{"phase": "train", "iteration": 50, "loss": 3.683964686393738, "accuracy": 19.548668248073458}
{"phase": "train", "iteration": 100, "loss": 3.740736730098724, "accuracy": 18.585683153947432}
{"phase": "train", "iteration": 150, "loss": 3.7586519225438435, "accuracy": 18.503497668255807}
{"phase": "train", "iteration": 200, "loss": 3.7504246652126314, "accuracy": 18.77882177252674}
{"phase": "train", "iteration": 250, "loss": 3.7615378065109253, "accuracy": 18.546001801537844}
{"phase": "train", "iteration": 300, "loss": 3.7728504888216654, "accuracy": 18.305560656431506}
{"phase": "train", "iteration": 350, "loss": 3.7621832622800553, "accuracy": 18.574097820111145}
{"epoch": 13, "learning_rate": 0.0002, "next_learning_rate": 0.0002, "learning_rates": {"all": 0.0002}, "next_learning_rates": {"all": 0.0002}, "train_loss": 3.7629827965630427, "train_accuracy": 18.548768496466206, "train_samples": 45000, "train_seconds": 43.031678438186646, "val_loss": 4.103978431320191, "val_accuracy": 11.78, "val_samples": 5000, "val_seconds": 0.725212574005127, "best_validation_accuracy": 11.78, "best_epoch": 13, "epochs_without_improvement": 0}




Epoch == 14
{"phase": "train", "iteration": 50, "loss": 3.680637459754944, "accuracy": 20.496443269673282}
{"phase": "train", "iteration": 100, "loss": 3.69999871969223, "accuracy": 20.14626557899451}
{"phase": "train", "iteration": 150, "loss": 3.7195727809270225, "accuracy": 19.74430718294539}
{"phase": "train", "iteration": 200, "loss": 3.701200944185257, "accuracy": 20.07424869720749}
{"phase": "train", "iteration": 250, "loss": 3.7005907802581786, "accuracy": 20.22818628795465}
{"phase": "train", "iteration": 300, "loss": 3.714669739405314, "accuracy": 19.94286042195926}
{"phase": "train", "iteration": 350, "loss": 3.710049203463963, "accuracy": 20.07034330796985}
{"epoch": 14, "learning_rate": 0.0002, "next_learning_rate": 0.0002, "learning_rates": {"all": 0.0002}, "next_learning_rates": {"all": 0.0002}, "train_loss": 3.7097582611931696, "train_accuracy": 20.074184316878874, "train_samples": 45000, "train_seconds": 20.092949390411377, "val_loss": 4.038576683807373, "val_accuracy": 12.96, "val_samples": 5000, "val_seconds": 0.7204277515411377, "best_validation_accuracy": 12.96, "best_epoch": 14, "epochs_without_improvement": 0}




Epoch == 15
{"phase": "train", "iteration": 50, "loss": 3.6762609910964965, "accuracy": 20.829323409066856}
{"phase": "train", "iteration": 100, "loss": 3.617317099571228, "accuracy": 22.241848546058588}
{"phase": "train", "iteration": 150, "loss": 3.644164090156555, "accuracy": 21.799596787443704}
{"phase": "train", "iteration": 200, "loss": 3.628112131357193, "accuracy": 22.0383408469988}
{"phase": "train", "iteration": 250, "loss": 3.6645503854751587, "accuracy": 21.166534436890988}
{"phase": "train", "iteration": 300, "loss": 3.6671827618281045, "accuracy": 21.202483694418696}
{"phase": "train", "iteration": 350, "loss": 3.6746887581689016, "accuracy": 21.08281172703661}
{"epoch": 15, "learning_rate": 0.0002, "next_learning_rate": 0.0002, "learning_rates": {"all": 0.0002}, "next_learning_rates": {"all": 0.0002}, "train_loss": 3.6736942726135253, "train_accuracy": 21.109318674916448, "train_samples": 45000, "train_seconds": 27.773911714553833, "val_loss": 3.968601787185669, "val_accuracy": 14.64, "val_samples": 5000, "val_seconds": 1.950408697128296, "best_validation_accuracy": 14.64, "best_epoch": 15, "epochs_without_improvement": 0}




Epoch == 16
{"phase": "train", "iteration": 50, "loss": 3.6861433124542238, "accuracy": 21.004806017365503}
{"phase": "train", "iteration": 100, "loss": 3.679921145439148, "accuracy": 21.36808372877035}
{"phase": "train", "iteration": 150, "loss": 3.6824854675928753, "accuracy": 21.0576266406752}
{"phase": "train", "iteration": 200, "loss": 3.6428120946884155, "accuracy": 21.865668702097846}
{"phase": "train", "iteration": 250, "loss": 3.641877408981323, "accuracy": 21.67913500223859}
{"phase": "train", "iteration": 300, "loss": 3.63079110066096, "accuracy": 21.949392794266494}
{"phase": "train", "iteration": 350, "loss": 3.6277369928359984, "accuracy": 22.103494871313387}
{"epoch": 16, "learning_rate": 0.0002, "next_learning_rate": 0.0002, "learning_rates": {"all": 0.0002}, "next_learning_rates": {"all": 0.0002}, "train_loss": 3.6265029657151966, "train_accuracy": 22.13150708142189, "train_samples": 45000, "train_seconds": 33.37277364730835, "val_loss": 3.896698237991333, "val_accuracy": 16.42, "val_samples": 5000, "val_seconds": 0.7215559482574463, "best_validation_accuracy": 16.42, "best_epoch": 16, "epochs_without_improvement": 0}




Epoch == 17
{"phase": "train", "iteration": 50, "loss": 3.5436054039001466, "accuracy": 23.575354323786378}
{"phase": "train", "iteration": 100, "loss": 3.5861838340759276, "accuracy": 22.682628850654638}
{"phase": "train", "iteration": 150, "loss": 3.561186157862345, "accuracy": 23.381718460580935}
{"phase": "train", "iteration": 200, "loss": 3.569070349931717, "accuracy": 23.364132934108913}
{"phase": "train", "iteration": 250, "loss": 3.584276798248291, "accuracy": 23.055924587653244}
{"phase": "train", "iteration": 300, "loss": 3.5853601996103923, "accuracy": 23.06780148042598}
{"phase": "train", "iteration": 350, "loss": 3.5956955766677856, "accuracy": 22.850573670792233}
{"epoch": 17, "learning_rate": 0.0002, "next_learning_rate": 0.0002, "learning_rates": {"all": 0.0002}, "next_learning_rates": {"all": 0.0002}, "train_loss": 3.5969056835598416, "train_accuracy": 22.830827113209253, "train_samples": 45000, "train_seconds": 38.60068869590759, "val_loss": 3.824892161178589, "val_accuracy": 18.22, "val_samples": 5000, "val_seconds": 1.9570586681365967, "best_validation_accuracy": 18.22, "best_epoch": 17, "epochs_without_improvement": 0}




Epoch == 18
{"phase": "train", "iteration": 50, "loss": 3.557617483139038, "accuracy": 24.0685508191008}
{"phase": "train", "iteration": 100, "loss": 3.539478075504303, "accuracy": 24.086505410780948}
{"phase": "train", "iteration": 150, "loss": 3.556772362391154, "accuracy": 23.78105733930227}
{"phase": "train", "iteration": 200, "loss": 3.535657650232315, "accuracy": 24.106100270137482}
{"phase": "train", "iteration": 250, "loss": 3.533056022644043, "accuracy": 24.310032684712223}
{"phase": "train", "iteration": 300, "loss": 3.538844709396362, "accuracy": 24.163042468253213}
{"phase": "train", "iteration": 350, "loss": 3.5350196879250664, "accuracy": 24.32899028156842}
{"epoch": 18, "learning_rate": 0.0002, "next_learning_rate": 0.0002, "learning_rates": {"all": 0.0002}, "next_learning_rates": {"all": 0.0002}, "train_loss": 3.53509724744161, "train_accuracy": 24.330221641262167, "train_samples": 45000, "train_seconds": 44.48951864242554, "val_loss": 3.7512237983703614, "val_accuracy": 19.52, "val_samples": 5000, "val_seconds": 1.9569673538208008, "best_validation_accuracy": 19.52, "best_epoch": 18, "epochs_without_improvement": 0}




Epoch == 19
{"phase": "train", "iteration": 50, "loss": 3.5722900438308716, "accuracy": 24.304374188514533}
{"phase": "train", "iteration": 100, "loss": 3.571462116241455, "accuracy": 24.179918365169886}
{"phase": "train", "iteration": 150, "loss": 3.539023103713989, "accuracy": 24.80028508537082}
{"phase": "train", "iteration": 200, "loss": 3.5376271069049836, "accuracy": 24.90753266612704}
{"phase": "train", "iteration": 250, "loss": 3.5468331470489503, "accuracy": 24.645542289538227}
{"phase": "train", "iteration": 300, "loss": 3.5272609599431357, "accuracy": 24.89670172268952}
{"phase": "train", "iteration": 350, "loss": 3.519822927202497, "accuracy": 25.063253085402405}
{"epoch": 19, "learning_rate": 0.0002, "next_learning_rate": 0.0002, "learning_rates": {"all": 0.0002}, "next_learning_rates": {"all": 0.0002}, "train_loss": 3.522155292341444, "train_accuracy": 24.99448237724506, "train_samples": 45000, "train_seconds": 44.47147488594055, "val_loss": 3.67586037940979, "val_accuracy": 21.06, "val_samples": 5000, "val_seconds": 1.9511799812316895, "best_validation_accuracy": 21.06, "best_epoch": 19, "epochs_without_improvement": 0}




Epoch == 20
{"phase": "train", "iteration": 50, "loss": 3.5482754945755004, "accuracy": 24.4898180695591}
{"phase": "train", "iteration": 100, "loss": 3.509343502521515, "accuracy": 25.314796713606043}
{"phase": "train", "iteration": 150, "loss": 3.4913885402679443, "accuracy": 25.759651727922083}
{"phase": "train", "iteration": 200, "loss": 3.481204423904419, "accuracy": 25.98476016722318}
{"phase": "train", "iteration": 250, "loss": 3.4784752893447877, "accuracy": 26.023852142309526}
{"phase": "train", "iteration": 300, "loss": 3.4714152654012045, "accuracy": 26.138162490555448}
{"phase": "train", "iteration": 350, "loss": 3.4766406522478377, "accuracy": 26.007384528849627}
{"epoch": 20, "learning_rate": 0.0002, "next_learning_rate": 0.0002, "learning_rates": {"all": 0.0002}, "next_learning_rates": {"all": 0.0002}, "train_loss": 3.4772371270921494, "train_accuracy": 25.99140552804847, "train_samples": 45000, "train_seconds": 44.44600701332092, "val_loss": 3.602003632736206, "val_accuracy": 22.88, "val_samples": 5000, "val_seconds": 1.9557600021362305, "best_validation_accuracy": 22.88, "best_epoch": 20, "epochs_without_improvement": 0}




Epoch == 21
{"phase": "train", "iteration": 50, "loss": 3.459043569564819, "accuracy": 26.06323912163427}
{"phase": "train", "iteration": 100, "loss": 3.4962079167366027, "accuracy": 25.605309958307643}
{"phase": "train", "iteration": 150, "loss": 3.4859735345840455, "accuracy": 26.0402189250945}
{"phase": "train", "iteration": 200, "loss": 3.48860013961792, "accuracy": 26.06595297116084}
{"phase": "train", "iteration": 250, "loss": 3.4643663959503175, "accuracy": 26.514724929861718}
{"phase": "train", "iteration": 300, "loss": 3.4666101257006328, "accuracy": 26.358547422110334}
{"phase": "train", "iteration": 350, "loss": 3.457460060800825, "accuracy": 26.545902476455886}
{"epoch": 21, "learning_rate": 0.0002, "next_learning_rate": 0.0002, "learning_rates": {"all": 0.0002}, "next_learning_rates": {"all": 0.0002}, "train_loss": 3.4557006251017253, "train_accuracy": 26.58466471110242, "train_samples": 45000, "train_seconds": 44.78741264343262, "val_loss": 3.525057926559448, "val_accuracy": 24.26, "val_samples": 5000, "val_seconds": 1.9536633491516113, "best_validation_accuracy": 24.26, "best_epoch": 21, "epochs_without_improvement": 0}




Epoch == 22
{"phase": "train", "iteration": 50, "loss": 3.204370422363281, "accuracy": 32.30984893457383}
{"phase": "train", "iteration": 100, "loss": 3.3516760754585264, "accuracy": 29.281782374899244}
{"phase": "train", "iteration": 150, "loss": 3.3296254380544026, "accuracy": 29.843531928565522}
{"phase": "train", "iteration": 200, "loss": 3.3526451814174654, "accuracy": 29.333818452271213}
{"phase": "train", "iteration": 250, "loss": 3.3591030197143557, "accuracy": 29.2158690765906}
{"phase": "train", "iteration": 300, "loss": 3.3577391266822816, "accuracy": 29.114348809418196}
{"phase": "train", "iteration": 350, "loss": 3.3625460399900162, "accuracy": 28.875608681767932}
{"epoch": 22, "learning_rate": 0.0002, "next_learning_rate": 0.0002, "learning_rates": {"all": 0.0002}, "next_learning_rates": {"all": 0.0002}, "train_loss": 3.362720019446479, "train_accuracy": 28.865221908185045, "train_samples": 45000, "train_seconds": 44.660972595214844, "val_loss": 3.445645062637329, "val_accuracy": 26.18, "val_samples": 5000, "val_seconds": 1.952759027481079, "best_validation_accuracy": 26.18, "best_epoch": 22, "epochs_without_improvement": 0}




Epoch == 23
{"phase": "train", "iteration": 50, "loss": 3.4357084465026855, "accuracy": 27.148561551559784}
{"phase": "train", "iteration": 100, "loss": 3.3386288857460023, "accuracy": 29.546334518254763}
{"phase": "train", "iteration": 150, "loss": 3.3435148111979167, "accuracy": 29.44993723502085}
{"phase": "train", "iteration": 200, "loss": 3.3419548225402833, "accuracy": 29.53118265999597}
{"phase": "train", "iteration": 250, "loss": 3.315615098953247, "accuracy": 30.01709129251865}
{"phase": "train", "iteration": 300, "loss": 3.3235456132888794, "accuracy": 29.804661697783533}
{"phase": "train", "iteration": 350, "loss": 3.329833722795759, "accuracy": 29.56292982154402}
{"epoch": 23, "learning_rate": 0.0002, "next_learning_rate": 0.0002, "learning_rates": {"all": 0.0002}, "next_learning_rates": {"all": 0.0002}, "train_loss": 3.329075610521105, "train_accuracy": 29.59972480063775, "train_samples": 45000, "train_seconds": 44.528400182724, "val_loss": 3.367218724822998, "val_accuracy": 27.94, "val_samples": 5000, "val_seconds": 1.9548380374908447, "best_validation_accuracy": 27.94, "best_epoch": 23, "epochs_without_improvement": 0}




Epoch == 24
{"phase": "train", "iteration": 50, "loss": 3.3713715505599975, "accuracy": 28.469743702175844}
{"phase": "train", "iteration": 100, "loss": 3.258505835533142, "accuracy": 31.062114441036048}
{"phase": "train", "iteration": 150, "loss": 3.300187784830729, "accuracy": 30.35708676095776}
{"phase": "train", "iteration": 200, "loss": 3.3091020476818085, "accuracy": 30.10105660021059}
{"phase": "train", "iteration": 250, "loss": 3.314124707221985, "accuracy": 29.90327793447149}
{"phase": "train", "iteration": 300, "loss": 3.3245670660336812, "accuracy": 29.71595650482408}
{"phase": "train", "iteration": 350, "loss": 3.3064305073874336, "accuracy": 30.0910409045445}
{"epoch": 24, "learning_rate": 0.0002, "next_learning_rate": 0.0002, "learning_rates": {"all": 0.0002}, "next_learning_rates": {"all": 0.0002}, "train_loss": 3.3063208419799803, "train_accuracy": 30.108433587329856, "train_samples": 45000, "train_seconds": 44.48870062828064, "val_loss": 3.290786563873291, "val_accuracy": 29.56, "val_samples": 5000, "val_seconds": 1.9519298076629639, "best_validation_accuracy": 29.56, "best_epoch": 24, "epochs_without_improvement": 0}




Epoch == 25
{"phase": "train", "iteration": 50, "loss": 3.3000967693328858, "accuracy": 30.103334082097636}
{"phase": "train", "iteration": 100, "loss": 3.3629658079147338, "accuracy": 28.816887257491608}
{"phase": "train", "iteration": 150, "loss": 3.3038304249445596, "accuracy": 30.309876998821746}
{"phase": "train", "iteration": 200, "loss": 3.2842015647888183, "accuracy": 30.752648930023096}
{"phase": "train", "iteration": 250, "loss": 3.3138027954101563, "accuracy": 30.198876770537247}
{"phase": "train", "iteration": 300, "loss": 3.304135931332906, "accuracy": 30.543498248385824}
{"phase": "train", "iteration": 350, "loss": 3.3168759298324586, "accuracy": 30.13993757180519}
{"epoch": 25, "learning_rate": 0.0002, "next_learning_rate": 0.0002, "learning_rates": {"all": 0.0002}, "next_learning_rates": {"all": 0.0002}, "train_loss": 3.3185823649088544, "train_accuracy": 30.11026523594385, "train_samples": 45000, "train_seconds": 44.570887327194214, "val_loss": 3.216414766693115, "val_accuracy": 30.7, "val_samples": 5000, "val_seconds": 1.9549775123596191, "best_validation_accuracy": 30.7, "best_epoch": 25, "epochs_without_improvement": 0}




Epoch == 26
{"phase": "train", "iteration": 50, "loss": 3.266410856246948, "accuracy": 30.784491109882712}
{"phase": "train", "iteration": 100, "loss": 3.314206511974335, "accuracy": 30.46528241723913}
{"phase": "train", "iteration": 150, "loss": 3.291644951502482, "accuracy": 30.932470698480987}
{"phase": "train", "iteration": 200, "loss": 3.269574865102768, "accuracy": 31.510790151552452}
{"phase": "train", "iteration": 250, "loss": 3.2478400287628175, "accuracy": 31.990068498865753}
{"phase": "train", "iteration": 300, "loss": 3.257643634478251, "accuracy": 31.73683533508649}
{"phase": "train", "iteration": 350, "loss": 3.2702760859898157, "accuracy": 31.47257579655974}
{"epoch": 26, "learning_rate": 0.0002, "next_learning_rate": 0.0002, "learning_rates": {"all": 0.0002}, "next_learning_rates": {"all": 0.0002}, "train_loss": 3.2669063989003497, "train_accuracy": 31.55195271638584, "train_samples": 45000, "train_seconds": 44.85253119468689, "val_loss": 3.142834868621826, "val_accuracy": 32.28, "val_samples": 5000, "val_seconds": 1.9540989398956299, "best_validation_accuracy": 32.28, "best_epoch": 26, "epochs_without_improvement": 0}




Epoch == 27
{"phase": "train", "iteration": 50, "loss": 3.4025997066497804, "accuracy": 28.015294342519518}
{"phase": "train", "iteration": 100, "loss": 3.4035148286819457, "accuracy": 28.090393870103252}
{"phase": "train", "iteration": 150, "loss": 3.349733322461446, "accuracy": 29.357953997893123}
{"phase": "train", "iteration": 200, "loss": 3.3083699214458466, "accuracy": 30.384496042291516}
{"phase": "train", "iteration": 250, "loss": 3.295827925682068, "accuracy": 30.62415163915833}
{"phase": "train", "iteration": 300, "loss": 3.283281525770823, "accuracy": 31.001579730725794}
{"phase": "train", "iteration": 350, "loss": 3.2892271280288696, "accuracy": 30.812593724040962}
{"epoch": 27, "learning_rate": 0.0002, "next_learning_rate": 0.0002, "learning_rates": {"all": 0.0002}, "next_learning_rates": {"all": 0.0002}, "train_loss": 3.289249541982015, "train_accuracy": 30.81845619821235, "train_samples": 45000, "train_seconds": 44.64210867881775, "val_loss": 3.0728382106781007, "val_accuracy": 34.02, "val_samples": 5000, "val_seconds": 1.9523036479949951, "best_validation_accuracy": 34.02, "best_epoch": 27, "epochs_without_improvement": 0}




Epoch == 28
{"phase": "train", "iteration": 50, "loss": 3.208175768852234, "accuracy": 33.078587887597294}
{"phase": "train", "iteration": 100, "loss": 3.181107428073883, "accuracy": 33.74868022231225}
{"phase": "train", "iteration": 150, "loss": 3.226406006813049, "accuracy": 32.5567898018409}
{"phase": "train", "iteration": 200, "loss": 3.2051289689540865, "accuracy": 33.18335975683224}
{"phase": "train", "iteration": 250, "loss": 3.204358818054199, "accuracy": 33.361242325730636}
{"phase": "train", "iteration": 300, "loss": 3.2163832155863443, "accuracy": 33.092080640253634}
{"phase": "train", "iteration": 350, "loss": 3.204186478342329, "accuracy": 33.39216095838131}
{"epoch": 28, "learning_rate": 0.0002, "next_learning_rate": 0.0002, "learning_rates": {"all": 0.0002}, "next_learning_rates": {"all": 0.0002}, "train_loss": 3.206453752814399, "train_accuracy": 33.33458468745518, "train_samples": 45000, "train_seconds": 44.403252363204956, "val_loss": 3.003416207885742, "val_accuracy": 35.68, "val_samples": 5000, "val_seconds": 1.951615571975708, "best_validation_accuracy": 35.68, "best_epoch": 28, "epochs_without_improvement": 0}




Epoch == 29
{"phase": "train", "iteration": 50, "loss": 3.183115644454956, "accuracy": 33.301048838469086}
{"phase": "train", "iteration": 100, "loss": 3.1975866532325745, "accuracy": 32.872849619422645}
{"phase": "train", "iteration": 150, "loss": 3.240949548085531, "accuracy": 32.07925728194993}
{"phase": "train", "iteration": 200, "loss": 3.2252976167201997, "accuracy": 32.43582771111347}
{"phase": "train", "iteration": 250, "loss": 3.218428988456726, "accuracy": 32.55256976159047}
{"phase": "train", "iteration": 300, "loss": 3.22849396387736, "accuracy": 32.354106785941774}
{"phase": "train", "iteration": 350, "loss": 3.221122480801174, "accuracy": 32.46741725859291}
{"epoch": 29, "learning_rate": 0.0002, "next_learning_rate": 0.0002, "learning_rates": {"all": 0.0002}, "next_learning_rates": {"all": 0.0002}, "train_loss": 3.2214173070695664, "train_accuracy": 32.456841409014494, "train_samples": 45000, "train_seconds": 44.2461473941803, "val_loss": 2.9383983467102053, "val_accuracy": 37.44, "val_samples": 5000, "val_seconds": 1.9539604187011719, "best_validation_accuracy": 37.44, "best_epoch": 29, "epochs_without_improvement": 0}




Epoch == 30
{"phase": "train", "iteration": 50, "loss": 3.14109320640564, "accuracy": 34.55318719794706}
{"phase": "train", "iteration": 100, "loss": 3.147806453704834, "accuracy": 34.66948670330035}
{"phase": "train", "iteration": 150, "loss": 3.1276401805877687, "accuracy": 35.26209424875473}
{"phase": "train", "iteration": 200, "loss": 3.1897703111171722, "accuracy": 33.857937524824905}
{"phase": "train", "iteration": 250, "loss": 3.179956841468811, "accuracy": 33.95043299718102}
{"phase": "train", "iteration": 300, "loss": 3.1536480927467347, "accuracy": 34.57426953108301}
{"phase": "train", "iteration": 350, "loss": 3.1495177514212473, "accuracy": 34.56856482415491}
{"epoch": 30, "learning_rate": 0.0002, "next_learning_rate": 0.0002, "learning_rates": {"all": 0.0002}, "next_learning_rates": {"all": 0.0002}, "train_loss": 3.1509207253350153, "train_accuracy": 34.54002224438089, "train_samples": 45000, "train_seconds": 44.72004151344299, "val_loss": 2.8739772830963135, "val_accuracy": 38.8, "val_samples": 5000, "val_seconds": 1.9494085311889648, "best_validation_accuracy": 38.8, "best_epoch": 30, "epochs_without_improvement": 0}




Epoch == 31
{"phase": "train", "iteration": 50, "loss": 3.1963589286804197, "accuracy": 32.91203581129545}
{"phase": "train", "iteration": 100, "loss": 3.1707803535461427, "accuracy": 33.848155281630454}
{"phase": "train", "iteration": 150, "loss": 3.139769949913025, "accuracy": 34.71034478344197}
{"phase": "train", "iteration": 200, "loss": 3.1661160302162172, "accuracy": 34.32356610512294}
{"phase": "train", "iteration": 250, "loss": 3.1644431867599487, "accuracy": 34.43258705522514}
{"phase": "train", "iteration": 300, "loss": 3.1611507312456766, "accuracy": 34.44144294144906}
{"phase": "train", "iteration": 350, "loss": 3.1740782390322004, "accuracy": 34.14160146338742}
{"epoch": 31, "learning_rate": 0.0002, "next_learning_rate": 0.0002, "learning_rates": {"all": 0.0002}, "next_learning_rates": {"all": 0.0002}, "train_loss": 3.175919102138943, "train_accuracy": 34.09467004021681, "train_samples": 45000, "train_seconds": 44.480916023254395, "val_loss": 2.8128654197692873, "val_accuracy": 40.36, "val_samples": 5000, "val_seconds": 1.9464960098266602, "best_validation_accuracy": 40.36, "best_epoch": 31, "epochs_without_improvement": 0}




Epoch == 32
{"phase": "train", "iteration": 50, "loss": 2.9980092287063598, "accuracy": 38.52509266671427}
{"phase": "train", "iteration": 100, "loss": 2.9867839002609253, "accuracy": 38.68082111142576}
{"phase": "train", "iteration": 150, "loss": 3.012013708750407, "accuracy": 37.998467487993935}
{"phase": "train", "iteration": 200, "loss": 3.0397387087345122, "accuracy": 37.47819749178761}
{"phase": "train", "iteration": 250, "loss": 3.0774936265945434, "accuracy": 36.51827442148642}
{"phase": "train", "iteration": 300, "loss": 3.085789305369059, "accuracy": 36.28089781674212}
{"phase": "train", "iteration": 350, "loss": 3.07876492023468, "accuracy": 36.425535739559166}
{"epoch": 32, "learning_rate": 0.0002, "next_learning_rate": 0.0002, "learning_rates": {"all": 0.0002}, "next_learning_rates": {"all": 0.0002}, "train_loss": 3.0801870764838326, "train_accuracy": 36.40692597364498, "train_samples": 45000, "train_seconds": 44.506043672561646, "val_loss": 2.754629549026489, "val_accuracy": 41.56, "val_samples": 5000, "val_seconds": 1.9520089626312256, "best_validation_accuracy": 41.56, "best_epoch": 32, "epochs_without_improvement": 0}




Epoch == 33
{"phase": "train", "iteration": 50, "loss": 3.1264555788040163, "accuracy": 35.53182637087256}
{"phase": "train", "iteration": 100, "loss": 3.122941017150879, "accuracy": 35.50789542089174}
{"phase": "train", "iteration": 150, "loss": 3.0836750157674153, "accuracy": 36.44002913201427}
{"phase": "train", "iteration": 200, "loss": 3.063532519340515, "accuracy": 36.91415288963983}
{"phase": "train", "iteration": 250, "loss": 3.0552479133605956, "accuracy": 37.143285543143755}
{"phase": "train", "iteration": 300, "loss": 3.065241394042969, "accuracy": 36.84764638432933}
{"phase": "train", "iteration": 350, "loss": 3.0912405259268625, "accuracy": 36.1391960226846}
{"epoch": 33, "learning_rate": 0.0002, "next_learning_rate": 0.0002, "learning_rates": {"all": 0.0002}, "next_learning_rates": {"all": 0.0002}, "train_loss": 3.091566989771525, "train_accuracy": 36.144065644060916, "train_samples": 45000, "train_seconds": 44.48047089576721, "val_loss": 2.6980115295410156, "val_accuracy": 43.1, "val_samples": 5000, "val_seconds": 1.950235366821289, "best_validation_accuracy": 43.1, "best_epoch": 33, "epochs_without_improvement": 0}




Epoch == 34
{"phase": "train", "iteration": 50, "loss": 3.223996820449829, "accuracy": 33.037900215300915}
{"phase": "train", "iteration": 100, "loss": 3.1719484996795653, "accuracy": 34.231606699221715}
{"phase": "train", "iteration": 150, "loss": 3.1815129311879478, "accuracy": 34.26217959390689}
{"phase": "train", "iteration": 200, "loss": 3.1756458008289337, "accuracy": 34.53549798415478}
{"phase": "train", "iteration": 250, "loss": 3.1759744462966917, "accuracy": 34.44824775715614}
{"phase": "train", "iteration": 300, "loss": 3.1685790959994, "accuracy": 34.57404530011014}
{"phase": "train", "iteration": 350, "loss": 3.1889017391204835, "accuracy": 34.12420505885692}
{"epoch": 34, "learning_rate": 0.0002, "next_learning_rate": 0.0002, "learning_rates": {"all": 0.0002}, "next_learning_rates": {"all": 0.0002}, "train_loss": 3.1916597861395943, "train_accuracy": 34.057125258595335, "train_samples": 45000, "train_seconds": 44.78558850288391, "val_loss": 2.6462252025604247, "val_accuracy": 44.22, "val_samples": 5000, "val_seconds": 1.953552484512329, "best_validation_accuracy": 44.22, "best_epoch": 34, "epochs_without_improvement": 0}




Epoch == 35
{"phase": "train", "iteration": 50, "loss": 3.042951350212097, "accuracy": 38.36546688080071}
{"phase": "train", "iteration": 100, "loss": 2.990972034931183, "accuracy": 39.329134499821286}
{"phase": "train", "iteration": 150, "loss": 3.023416256904602, "accuracy": 38.25073927412404}
{"phase": "train", "iteration": 200, "loss": 2.971899503469467, "accuracy": 39.41537062245813}
{"phase": "train", "iteration": 250, "loss": 3.021789026260376, "accuracy": 38.1138696031254}
{"phase": "train", "iteration": 300, "loss": 3.0453816215197245, "accuracy": 37.58918579954559}
{"phase": "train", "iteration": 350, "loss": 3.0426495409011842, "accuracy": 37.6544011873222}
{"epoch": 35, "learning_rate": 0.0002, "next_learning_rate": 0.0002, "learning_rates": {"all": 0.0002}, "next_learning_rates": {"all": 0.0002}, "train_loss": 3.038639453315735, "train_accuracy": 37.75098328401661, "train_samples": 45000, "train_seconds": 44.534905433654785, "val_loss": 2.5954604709625246, "val_accuracy": 45.36, "val_samples": 5000, "val_seconds": 1.9480483531951904, "best_validation_accuracy": 45.36, "best_epoch": 35, "epochs_without_improvement": 0}




Epoch == 36
{"phase": "train", "iteration": 50, "loss": 3.058666858673096, "accuracy": 37.627031919531255}
{"phase": "train", "iteration": 100, "loss": 3.0671021270751955, "accuracy": 37.732170894654715}
{"phase": "train", "iteration": 150, "loss": 3.095861366589864, "accuracy": 36.74852217703716}
{"phase": "train", "iteration": 200, "loss": 3.088052543401718, "accuracy": 36.849667511079296}
{"phase": "train", "iteration": 250, "loss": 3.049822527885437, "accuracy": 37.78138287801043}
{"phase": "train", "iteration": 300, "loss": 3.046463536421458, "accuracy": 37.75600165250278}
{"phase": "train", "iteration": 350, "loss": 3.041497119494847, "accuracy": 37.856704687255906}
{"epoch": 36, "learning_rate": 0.0002, "next_learning_rate": 0.0002, "learning_rates": {"all": 0.0002}, "next_learning_rates": {"all": 0.0002}, "train_loss": 3.0425445597330727, "train_accuracy": 37.82394387416079, "train_samples": 45000, "train_seconds": 44.54865622520447, "val_loss": 2.547959957122803, "val_accuracy": 46.18, "val_samples": 5000, "val_seconds": 1.9470000267028809, "best_validation_accuracy": 46.18, "best_epoch": 36, "epochs_without_improvement": 0}




Epoch == 37
{"phase": "train", "iteration": 50, "loss": 3.0818243265151977, "accuracy": 36.67644701121942}
{"phase": "train", "iteration": 100, "loss": 3.021028401851654, "accuracy": 38.28976126844022}
{"phase": "train", "iteration": 150, "loss": 2.977239597638448, "accuracy": 39.26623553505519}
{"phase": "train", "iteration": 200, "loss": 2.9975412952899934, "accuracy": 38.919092329492045}
{"phase": "train", "iteration": 250, "loss": 3.05709676361084, "accuracy": 37.620189881462174}
{"phase": "train", "iteration": 300, "loss": 3.0466679032643635, "accuracy": 37.82409813809944}
{"phase": "train", "iteration": 350, "loss": 3.043406776019505, "accuracy": 38.029070731934205}
{"epoch": 37, "learning_rate": 0.0002, "next_learning_rate": 0.0002, "learning_rates": {"all": 0.0002}, "next_learning_rates": {"all": 0.0002}, "train_loss": 3.041334196853638, "train_accuracy": 38.07813966773706, "train_samples": 45000, "train_seconds": 44.60584807395935, "val_loss": 2.502839122009277, "val_accuracy": 47.5, "val_samples": 5000, "val_seconds": 1.9484014511108398, "best_validation_accuracy": 47.5, "best_epoch": 37, "epochs_without_improvement": 0}




Epoch == 38
{"phase": "train", "iteration": 50, "loss": 3.0469812822341917, "accuracy": 38.17992789493826}
{"phase": "train", "iteration": 100, "loss": 3.0137588381767273, "accuracy": 38.68039015878845}
{"phase": "train", "iteration": 150, "loss": 3.0348430411020915, "accuracy": 38.084839572073385}
{"phase": "train", "iteration": 200, "loss": 3.0290531086921693, "accuracy": 38.273594156208524}
{"phase": "train", "iteration": 250, "loss": 3.0540209550857544, "accuracy": 37.758686712544765}
{"phase": "train", "iteration": 300, "loss": 3.0428156590461732, "accuracy": 38.02236463072416}
{"phase": "train", "iteration": 350, "loss": 3.0502905518668038, "accuracy": 37.829580929281}
{"epoch": 38, "learning_rate": 0.0002, "next_learning_rate": 0.0002, "learning_rates": {"all": 0.0002}, "next_learning_rates": {"all": 0.0002}, "train_loss": 3.05206543735928, "train_accuracy": 37.79065359644667, "train_samples": 45000, "train_seconds": 44.73558735847473, "val_loss": 2.4603851154327394, "val_accuracy": 48.64, "val_samples": 5000, "val_seconds": 1.9555318355560303, "best_validation_accuracy": 48.64, "best_epoch": 38, "epochs_without_improvement": 0}




Epoch == 39
{"phase": "train", "iteration": 50, "loss": 3.057033739089966, "accuracy": 37.11953436679507}
{"phase": "train", "iteration": 100, "loss": 3.113955724239349, "accuracy": 35.74725870963137}
{"phase": "train", "iteration": 150, "loss": 3.1261297178268435, "accuracy": 35.70716218630212}
{"phase": "train", "iteration": 200, "loss": 3.060875291824341, "accuracy": 37.43047397338039}
{"phase": "train", "iteration": 250, "loss": 3.008078170776367, "accuracy": 38.57640049697533}
{"phase": "train", "iteration": 300, "loss": 2.9883900046348573, "accuracy": 39.10537793453459}
{"phase": "train", "iteration": 350, "loss": 3.0113105535507203, "accuracy": 38.63689605575746}
{"epoch": 39, "learning_rate": 0.0002, "next_learning_rate": 0.0002, "learning_rates": {"all": 0.0002}, "next_learning_rates": {"all": 0.0002}, "train_loss": 3.0145413478427465, "train_accuracy": 38.567676517731876, "train_samples": 45000, "train_seconds": 44.8194465637207, "val_loss": 2.420129476928711, "val_accuracy": 50.12, "val_samples": 5000, "val_seconds": 1.956157922744751, "best_validation_accuracy": 50.12, "best_epoch": 39, "epochs_without_improvement": 0}




Epoch == 40
{"phase": "train", "iteration": 50, "loss": 2.9487266063690187, "accuracy": 40.660301986869534}
{"phase": "train", "iteration": 100, "loss": 2.959087219238281, "accuracy": 40.02301404233296}
{"phase": "train", "iteration": 150, "loss": 2.9309260066350302, "accuracy": 40.716742870725}
{"phase": "train", "iteration": 200, "loss": 2.961009522676468, "accuracy": 40.19328754828533}
{"phase": "train", "iteration": 250, "loss": 2.9555647735595705, "accuracy": 40.20705520268227}
{"phase": "train", "iteration": 300, "loss": 2.9639187471071877, "accuracy": 40.11953528859462}
{"phase": "train", "iteration": 350, "loss": 2.9676533937454224, "accuracy": 39.96402125564122}
{"epoch": 40, "learning_rate": 0.0002, "next_learning_rate": 0.0002, "learning_rates": {"all": 0.0002}, "next_learning_rates": {"all": 0.0002}, "train_loss": 2.9663558712853324, "train_accuracy": 39.9966882741429, "train_samples": 45000, "train_seconds": 44.61087226867676, "val_loss": 2.3816316455841062, "val_accuracy": 51.04, "val_samples": 5000, "val_seconds": 1.9515104293823242, "best_validation_accuracy": 51.04, "best_epoch": 40, "epochs_without_improvement": 0}




Epoch == 41
{"phase": "train", "iteration": 50, "loss": 2.901629083156586, "accuracy": 41.73071601393062}
{"phase": "train", "iteration": 100, "loss": 2.9016623413562774, "accuracy": 41.38631018678195}
{"phase": "train", "iteration": 150, "loss": 2.875714584986369, "accuracy": 42.12059064240058}
{"phase": "train", "iteration": 200, "loss": 2.9266759288311004, "accuracy": 40.87655580414486}
{"phase": "train", "iteration": 250, "loss": 2.927543529033661, "accuracy": 40.89937781359873}
{"phase": "train", "iteration": 300, "loss": 2.9429900475343067, "accuracy": 40.543794213998105}
{"phase": "train", "iteration": 350, "loss": 2.9387985035351343, "accuracy": 40.567556817231065}
{"epoch": 41, "learning_rate": 0.0002, "next_learning_rate": 0.0002, "learning_rates": {"all": 0.0002}, "next_learning_rates": {"all": 0.0002}, "train_loss": 2.9423602683173287, "train_accuracy": 40.49372357859893, "train_samples": 45000, "train_seconds": 44.720213413238525, "val_loss": 2.3462157863616944, "val_accuracy": 52.04, "val_samples": 5000, "val_seconds": 1.9568202495574951, "best_validation_accuracy": 52.04, "best_epoch": 41, "epochs_without_improvement": 0}




Epoch == 42
{"phase": "train", "iteration": 50, "loss": 2.9998981165885925, "accuracy": 39.67773694125567}
{"phase": "train", "iteration": 100, "loss": 2.9925272178649904, "accuracy": 39.621186589600846}
{"phase": "train", "iteration": 150, "loss": 3.013297651608785, "accuracy": 39.1811382621257}
{"phase": "train", "iteration": 200, "loss": 2.9746731305122376, "accuracy": 40.06536150485387}
{"phase": "train", "iteration": 250, "loss": 2.966596262931824, "accuracy": 40.152363505748845}
{"phase": "train", "iteration": 300, "loss": 2.9579060832659403, "accuracy": 40.26444578416999}
{"phase": "train", "iteration": 350, "loss": 2.951845284870693, "accuracy": 40.39225123924642}
{"epoch": 42, "learning_rate": 0.0002, "next_learning_rate": 0.0002, "learning_rates": {"all": 0.0002}, "next_learning_rates": {"all": 0.0002}, "train_loss": 2.952148045094808, "train_accuracy": 40.410564314949646, "train_samples": 45000, "train_seconds": 44.43990969657898, "val_loss": 2.312577286529541, "val_accuracy": 52.7, "val_samples": 5000, "val_seconds": 1.9528193473815918, "best_validation_accuracy": 52.7, "best_epoch": 42, "epochs_without_improvement": 0}




Epoch == 43
{"phase": "train", "iteration": 50, "loss": 2.854883975982666, "accuracy": 42.48748853986178}
{"phase": "train", "iteration": 100, "loss": 2.8533119463920595, "accuracy": 42.864803755429065}
{"phase": "train", "iteration": 150, "loss": 2.908184796969096, "accuracy": 41.286606002748734}
{"phase": "train", "iteration": 200, "loss": 2.920589224100113, "accuracy": 41.093182910257944}
{"phase": "train", "iteration": 250, "loss": 2.925309811592102, "accuracy": 40.96724830334062}
{"phase": "train", "iteration": 300, "loss": 2.9126056321461995, "accuracy": 41.31098936822319}
{"phase": "train", "iteration": 350, "loss": 2.928428010259356, "accuracy": 40.96320517515802}
{"epoch": 43, "learning_rate": 0.0002, "next_learning_rate": 0.0002, "learning_rates": {"all": 0.0002}, "next_learning_rates": {"all": 0.0002}, "train_loss": 2.9262392583211265, "train_accuracy": 41.01435792736964, "train_samples": 45000, "train_seconds": 44.49687623977661, "val_loss": 2.2811169883728026, "val_accuracy": 53.66, "val_samples": 5000, "val_seconds": 1.953031063079834, "best_validation_accuracy": 53.66, "best_epoch": 43, "epochs_without_improvement": 0}




Epoch == 44
{"phase": "train", "iteration": 50, "loss": 2.754687247276306, "accuracy": 46.29402754761051}
{"phase": "train", "iteration": 100, "loss": 2.7778996562957765, "accuracy": 45.23880552495511}
{"phase": "train", "iteration": 150, "loss": 2.8155949370066327, "accuracy": 43.97561750109466}
{"phase": "train", "iteration": 200, "loss": 2.8416980797052385, "accuracy": 43.23012923857579}
{"phase": "train", "iteration": 250, "loss": 2.865589532852173, "accuracy": 42.643270856091334}
{"phase": "train", "iteration": 300, "loss": 2.8841357191403705, "accuracy": 42.12163937247155}
{"phase": "train", "iteration": 350, "loss": 2.9008970635277884, "accuracy": 41.654817618942964}
{"epoch": 44, "learning_rate": 0.0002, "next_learning_rate": 0.0002, "learning_rates": {"all": 0.0002}, "next_learning_rates": {"all": 0.0002}, "train_loss": 2.900250984488593, "train_accuracy": 41.67785509624568, "train_samples": 45000, "train_seconds": 44.49188423156738, "val_loss": 2.251309429550171, "val_accuracy": 54.42, "val_samples": 5000, "val_seconds": 1.9525418281555176, "best_validation_accuracy": 54.42, "best_epoch": 44, "epochs_without_improvement": 0}




Epoch == 45
{"phase": "train", "iteration": 50, "loss": 2.8535660243034364, "accuracy": 43.39788148809678}
{"phase": "train", "iteration": 100, "loss": 2.841647229194641, "accuracy": 43.86929367719429}
{"phase": "train", "iteration": 150, "loss": 2.8639952158927917, "accuracy": 43.07426531868928}
{"phase": "train", "iteration": 200, "loss": 2.878689731359482, "accuracy": 42.65594725519084}
{"phase": "train", "iteration": 250, "loss": 2.9225618658065797, "accuracy": 41.465519086290236}
{"phase": "train", "iteration": 300, "loss": 2.922576535542806, "accuracy": 41.43901849008496}
{"phase": "train", "iteration": 350, "loss": 2.928089153426034, "accuracy": 41.22469058907686}
{"epoch": 45, "learning_rate": 0.0002, "next_learning_rate": 0.0002, "learning_rates": {"all": 0.0002}, "next_learning_rates": {"all": 0.0002}, "train_loss": 2.931026311959161, "train_accuracy": 41.144528518364744, "train_samples": 45000, "train_seconds": 44.64081931114197, "val_loss": 2.223273085021973, "val_accuracy": 55.16, "val_samples": 5000, "val_seconds": 1.9524388313293457, "best_validation_accuracy": 55.16, "best_epoch": 45, "epochs_without_improvement": 0}




Epoch == 46
{"phase": "train", "iteration": 50, "loss": 2.956895742416382, "accuracy": 41.04802612535592}
{"phase": "train", "iteration": 100, "loss": 2.9272187471389772, "accuracy": 41.71691354698838}
{"phase": "train", "iteration": 150, "loss": 2.892482635974884, "accuracy": 42.52710113078427}
{"phase": "train", "iteration": 200, "loss": 2.9092317074537277, "accuracy": 42.02555862118925}
{"phase": "train", "iteration": 250, "loss": 2.9077282967567446, "accuracy": 41.830909310726604}
{"phase": "train", "iteration": 300, "loss": 2.908903005917867, "accuracy": 41.71343858430345}
{"phase": "train", "iteration": 350, "loss": 2.888494668006897, "accuracy": 42.207636351695484}
{"epoch": 46, "learning_rate": 0.0002, "next_learning_rate": 0.0002, "learning_rates": {"all": 0.0002}, "next_learning_rates": {"all": 0.0002}, "train_loss": 2.8880976558261446, "train_accuracy": 42.23771681813309, "train_samples": 45000, "train_seconds": 44.62437558174133, "val_loss": 2.1973507802963255, "val_accuracy": 55.56, "val_samples": 5000, "val_seconds": 1.9525339603424072, "best_validation_accuracy": 55.56, "best_epoch": 46, "epochs_without_improvement": 0}




Epoch == 47
{"phase": "train", "iteration": 50, "loss": 2.8767299127578734, "accuracy": 42.68168015289048}
{"phase": "train", "iteration": 100, "loss": 2.883741762638092, "accuracy": 42.53919364010093}
{"phase": "train", "iteration": 150, "loss": 2.893800163269043, "accuracy": 42.41103063744706}
{"phase": "train", "iteration": 200, "loss": 2.867770635485649, "accuracy": 43.14987864225534}
{"phase": "train", "iteration": 250, "loss": 2.872005642414093, "accuracy": 43.07248654104382}
{"phase": "train", "iteration": 300, "loss": 2.8772564562161764, "accuracy": 42.8821537570577}
{"phase": "train", "iteration": 350, "loss": 2.8839442712920054, "accuracy": 42.60638086346144}
{"epoch": 47, "learning_rate": 0.0002, "next_learning_rate": 0.0002, "learning_rates": {"all": 0.0002}, "next_learning_rates": {"all": 0.0002}, "train_loss": 2.888215160030789, "train_accuracy": 42.50885274845457, "train_samples": 45000, "train_seconds": 44.48746204376221, "val_loss": 2.1725358642578123, "val_accuracy": 56.38, "val_samples": 5000, "val_seconds": 1.954482078552246, "best_validation_accuracy": 56.38, "best_epoch": 47, "epochs_without_improvement": 0}




Epoch == 48
{"phase": "train", "iteration": 50, "loss": 2.793398532867432, "accuracy": 44.29726311725276}
{"phase": "train", "iteration": 100, "loss": 2.860495960712433, "accuracy": 42.91396042509865}
{"phase": "train", "iteration": 150, "loss": 2.8788167611757913, "accuracy": 42.59841635014592}
{"phase": "train", "iteration": 200, "loss": 2.8440115237236023, "accuracy": 43.355035694567334}
{"phase": "train", "iteration": 250, "loss": 2.832735755443573, "accuracy": 43.76386886159418}
{"phase": "train", "iteration": 300, "loss": 2.8462872274716697, "accuracy": 43.38391545918896}
{"phase": "train", "iteration": 350, "loss": 2.8580533378464836, "accuracy": 43.12731424864911}
{"epoch": 48, "learning_rate": 0.0002, "next_learning_rate": 0.0002, "learning_rates": {"all": 0.0002}, "next_learning_rates": {"all": 0.0002}, "train_loss": 2.8594555852254233, "train_accuracy": 43.09272931032178, "train_samples": 45000, "train_seconds": 44.907787799835205, "val_loss": 2.148524256324768, "val_accuracy": 56.88, "val_samples": 5000, "val_seconds": 1.9552993774414062, "best_validation_accuracy": 56.88, "best_epoch": 48, "epochs_without_improvement": 0}




Epoch == 49
{"phase": "train", "iteration": 50, "loss": 2.9428983759880065, "accuracy": 41.22794809628707}
{"phase": "train", "iteration": 100, "loss": 2.8305409276485443, "accuracy": 44.22900567343212}
{"phase": "train", "iteration": 150, "loss": 2.851473251978556, "accuracy": 43.359636314198255}
{"phase": "train", "iteration": 200, "loss": 2.829853248000145, "accuracy": 43.772782155516445}
{"phase": "train", "iteration": 250, "loss": 2.83629886674881, "accuracy": 43.704679964815675}
{"phase": "train", "iteration": 300, "loss": 2.847054089307785, "accuracy": 43.419057422801835}
{"phase": "train", "iteration": 350, "loss": 2.84688896383558, "accuracy": 43.344763555892285}
{"epoch": 49, "learning_rate": 0.0002, "next_learning_rate": 0.0002, "learning_rates": {"all": 0.0002}, "next_learning_rates": {"all": 0.0002}, "train_loss": 2.844185188208686, "train_accuracy": 43.40483717619943, "train_samples": 45000, "train_seconds": 45.797789573669434, "val_loss": 2.1263210342407226, "val_accuracy": 57.64, "val_samples": 5000, "val_seconds": 1.9929015636444092, "best_validation_accuracy": 57.64, "best_epoch": 49, "epochs_without_improvement": 0}




Epoch == 50
{"phase": "train", "iteration": 50, "loss": 2.7024861359596253, "accuracy": 46.885563531569524}
{"phase": "train", "iteration": 100, "loss": 2.8037080502510072, "accuracy": 44.55643658443053}
{"phase": "train", "iteration": 150, "loss": 2.8348991616566974, "accuracy": 44.01600331825696}
{"phase": "train", "iteration": 200, "loss": 2.8329879558086395, "accuracy": 43.950185815365124}
{"phase": "train", "iteration": 250, "loss": 2.8353266859054567, "accuracy": 43.9365710096695}
{"phase": "train", "iteration": 300, "loss": 2.828068271080653, "accuracy": 44.06673786817437}
{"phase": "train", "iteration": 350, "loss": 2.828278132166181, "accuracy": 44.09766584784352}
{"epoch": 50, "learning_rate": 0.0002, "next_learning_rate": 0.0002, "learning_rates": {"all": 0.0002}, "next_learning_rates": {"all": 0.0002}, "train_loss": 2.831846650950114, "train_accuracy": 44.01664804060806, "train_samples": 45000, "train_seconds": 45.71888971328735, "val_loss": 2.105412762832642, "val_accuracy": 58.22, "val_samples": 5000, "val_seconds": 1.9852032661437988, "best_validation_accuracy": 58.22, "best_epoch": 50, "epochs_without_improvement": 0}




Epoch == 51
{"phase": "train", "iteration": 50, "loss": 2.806416399478912, "accuracy": 44.6375847811933}
{"phase": "train", "iteration": 100, "loss": 2.854228093624115, "accuracy": 43.28673605932258}
{"phase": "train", "iteration": 150, "loss": 2.8604157082239787, "accuracy": 43.33717522360414}
{"phase": "train", "iteration": 200, "loss": 2.917471455335617, "accuracy": 41.8213084659681}
{"phase": "train", "iteration": 250, "loss": 2.9176743998527526, "accuracy": 41.74097770259719}
{"phase": "train", "iteration": 300, "loss": 2.9275306538740793, "accuracy": 41.526187410888184}
{"phase": "train", "iteration": 350, "loss": 2.9288763434546334, "accuracy": 41.45474846465141}
{"epoch": 51, "learning_rate": 0.0002, "next_learning_rate": 0.0002, "learning_rates": {"all": 0.0002}, "next_learning_rates": {"all": 0.0002}, "train_loss": 2.9300359781477185, "train_accuracy": 41.43490769918207, "train_samples": 45000, "train_seconds": 44.54314208030701, "val_loss": 2.086136011886597, "val_accuracy": 58.82, "val_samples": 5000, "val_seconds": 1.953874111175537, "best_validation_accuracy": 58.82, "best_epoch": 51, "epochs_without_improvement": 0}




Epoch == 52
{"phase": "train", "iteration": 50, "loss": 2.8326500630378724, "accuracy": 43.74433343284065}
{"phase": "train", "iteration": 100, "loss": 2.794020572900772, "accuracy": 44.81970730059279}
{"phase": "train", "iteration": 150, "loss": 2.8335202376047772, "accuracy": 43.891293846406846}
{"phase": "train", "iteration": 200, "loss": 2.8331859058141706, "accuracy": 43.805725066623154}
{"phase": "train", "iteration": 250, "loss": 2.8280544662475586, "accuracy": 44.093473886145716}
{"phase": "train", "iteration": 300, "loss": 2.825449595053991, "accuracy": 44.23278779667635}
{"phase": "train", "iteration": 350, "loss": 2.836120662689209, "accuracy": 43.933463448231095}
{"epoch": 52, "learning_rate": 0.0002, "next_learning_rate": 0.0002, "learning_rates": {"all": 0.0002}, "next_learning_rates": {"all": 0.0002}, "train_loss": 2.833645324367947, "train_accuracy": 43.98983120116793, "train_samples": 45000, "train_seconds": 44.57506704330444, "val_loss": 2.068010242843628, "val_accuracy": 59.28, "val_samples": 5000, "val_seconds": 1.9509665966033936, "best_validation_accuracy": 59.28, "best_epoch": 52, "epochs_without_improvement": 0}




Epoch == 53
{"phase": "train", "iteration": 50, "loss": 2.721613919734955, "accuracy": 47.48384472275811}
{"phase": "train", "iteration": 100, "loss": 2.6686393177509307, "accuracy": 48.77358921932218}
{"phase": "train", "iteration": 150, "loss": 2.6840780552228294, "accuracy": 48.460125378975526}
{"phase": "train", "iteration": 200, "loss": 2.7107625126838686, "accuracy": 47.445278115797365}
{"phase": "train", "iteration": 250, "loss": 2.73564622592926, "accuracy": 46.76113071895807}
{"phase": "train", "iteration": 300, "loss": 2.779260454575221, "accuracy": 45.620955614726626}
{"phase": "train", "iteration": 350, "loss": 2.781922481060028, "accuracy": 45.57279564829816}
{"epoch": 53, "learning_rate": 0.0002, "next_learning_rate": 0.0002, "learning_rates": {"all": 0.0002}, "next_learning_rates": {"all": 0.0002}, "train_loss": 2.782965507528517, "train_accuracy": 45.55314498523644, "train_samples": 45000, "train_seconds": 44.598052978515625, "val_loss": 2.050379085159302, "val_accuracy": 59.96, "val_samples": 5000, "val_seconds": 1.9556775093078613, "best_validation_accuracy": 59.96, "best_epoch": 53, "epochs_without_improvement": 0}




Epoch == 54
{"phase": "train", "iteration": 50, "loss": 2.893583269119263, "accuracy": 42.469599424742725}
{"phase": "train", "iteration": 100, "loss": 2.783959182500839, "accuracy": 45.399752796702494}
{"phase": "train", "iteration": 150, "loss": 2.7875925342241925, "accuracy": 45.432110243938226}
{"phase": "train", "iteration": 200, "loss": 2.7925616466999053, "accuracy": 45.328498510918706}
{"phase": "train", "iteration": 250, "loss": 2.799359881401062, "accuracy": 45.084932560833636}
{"phase": "train", "iteration": 300, "loss": 2.784706720908483, "accuracy": 45.56619410992465}
{"phase": "train", "iteration": 350, "loss": 2.793190709522792, "accuracy": 45.38856466615331}
{"epoch": 54, "learning_rate": 0.0002, "next_learning_rate": 0.0002, "learning_rates": {"all": 0.0002}, "next_learning_rates": {"all": 0.0002}, "train_loss": 2.794580058500502, "train_accuracy": 45.3414297259704, "train_samples": 45000, "train_seconds": 44.424744606018066, "val_loss": 2.034295210266113, "val_accuracy": 60.6, "val_samples": 5000, "val_seconds": 1.9523727893829346, "best_validation_accuracy": 60.6, "best_epoch": 54, "epochs_without_improvement": 0}




Epoch == 55
{"phase": "train", "iteration": 50, "loss": 2.882552161216736, "accuracy": 43.80820958954141}
{"phase": "train", "iteration": 100, "loss": 2.861933385133743, "accuracy": 43.569449981198105}
{"phase": "train", "iteration": 150, "loss": 2.8388819177945455, "accuracy": 44.269369983949254}
{"phase": "train", "iteration": 200, "loss": 2.8417745810747146, "accuracy": 44.04949359784944}
{"phase": "train", "iteration": 250, "loss": 2.8146309533119203, "accuracy": 44.6938661092101}
{"phase": "train", "iteration": 300, "loss": 2.7983877897262572, "accuracy": 44.99905139457279}
{"phase": "train", "iteration": 350, "loss": 2.802003517150879, "accuracy": 44.93080059541161}
{"epoch": 55, "learning_rate": 0.0002, "next_learning_rate": 0.0002, "learning_rates": {"all": 0.0002}, "next_learning_rates": {"all": 0.0002}, "train_loss": 2.803173495992025, "train_accuracy": 44.89253609969632, "train_samples": 45000, "train_seconds": 44.85250782966614, "val_loss": 2.0187189239501953, "val_accuracy": 60.9, "val_samples": 5000, "val_seconds": 1.9490888118743896, "best_validation_accuracy": 60.9, "best_epoch": 55, "epochs_without_improvement": 0}




Epoch == 56
{"phase": "train", "iteration": 50, "loss": 2.8426770067214964, "accuracy": 44.345532871112006}
{"phase": "train", "iteration": 100, "loss": 2.7741478073596952, "accuracy": 45.856222840608574}
{"phase": "train", "iteration": 150, "loss": 2.8114777843157452, "accuracy": 44.961667328069005}
{"phase": "train", "iteration": 200, "loss": 2.8007011169195177, "accuracy": 45.209989197953234}
{"phase": "train", "iteration": 250, "loss": 2.7694620661735536, "accuracy": 45.93195700454961}
{"phase": "train", "iteration": 300, "loss": 2.788638203938802, "accuracy": 45.50831356054221}
{"phase": "train", "iteration": 350, "loss": 2.818108182294028, "accuracy": 44.80109566126834}
{"epoch": 56, "learning_rate": 0.0002, "next_learning_rate": 0.0002, "learning_rates": {"all": 0.0002}, "next_learning_rates": {"all": 0.0002}, "train_loss": 2.8187032034979924, "train_accuracy": 44.789733586801596, "train_samples": 45000, "train_seconds": 44.62871289253235, "val_loss": 2.003712731933594, "val_accuracy": 61.5, "val_samples": 5000, "val_seconds": 1.9490387439727783, "best_validation_accuracy": 61.5, "best_epoch": 56, "epochs_without_improvement": 0}




Epoch == 57
{"phase": "train", "iteration": 50, "loss": 2.706174955368042, "accuracy": 47.24538637316639}
{"phase": "train", "iteration": 100, "loss": 2.765340930223465, "accuracy": 45.74776269491779}
{"phase": "train", "iteration": 150, "loss": 2.7445613026618956, "accuracy": 46.41050361239287}
{"phase": "train", "iteration": 200, "loss": 2.7218010383844375, "accuracy": 47.11473726233364}
{"phase": "train", "iteration": 250, "loss": 2.7442609539031984, "accuracy": 46.69553402906483}
{"phase": "train", "iteration": 300, "loss": 2.724670785268148, "accuracy": 47.04287185186225}
{"phase": "train", "iteration": 350, "loss": 2.7285395176070075, "accuracy": 46.963985873149866}
{"epoch": 57, "learning_rate": 0.0002, "next_learning_rate": 0.0002, "learning_rates": {"all": 0.0002}, "next_learning_rates": {"all": 0.0002}, "train_loss": 2.730761213344998, "train_accuracy": 46.930048713713646, "train_samples": 45000, "train_seconds": 44.329728841781616, "val_loss": 1.988826768875122, "val_accuracy": 61.96, "val_samples": 5000, "val_seconds": 1.9544391632080078, "best_validation_accuracy": 61.96, "best_epoch": 57, "epochs_without_improvement": 0}




Epoch == 58
{"phase": "train", "iteration": 50, "loss": 2.8170656251907347, "accuracy": 45.06433127910266}
{"phase": "train", "iteration": 100, "loss": 2.7438869559764862, "accuracy": 46.922235251620265}
{"phase": "train", "iteration": 150, "loss": 2.7604151129722596, "accuracy": 46.397495244868935}
{"phase": "train", "iteration": 200, "loss": 2.711616778373718, "accuracy": 47.54621817461407}
{"phase": "train", "iteration": 250, "loss": 2.6799645190238954, "accuracy": 48.22982201491843}
{"phase": "train", "iteration": 300, "loss": 2.6847915025552114, "accuracy": 48.11429750995788}
{"phase": "train", "iteration": 350, "loss": 2.680092747552054, "accuracy": 48.20814519127755}
{"epoch": 58, "learning_rate": 0.0002, "next_learning_rate": 0.0002, "learning_rates": {"all": 0.0002}, "next_learning_rates": {"all": 0.0002}, "train_loss": 2.6838486319647896, "train_accuracy": 48.142129303533935, "train_samples": 45000, "train_seconds": 44.3121817111969, "val_loss": 1.9738890249252319, "val_accuracy": 62.22, "val_samples": 5000, "val_seconds": 1.9509239196777344, "best_validation_accuracy": 62.22, "best_epoch": 58, "epochs_without_improvement": 0}




Epoch == 59
{"phase": "train", "iteration": 50, "loss": 2.744570426940918, "accuracy": 46.99741513887075}
{"phase": "train", "iteration": 100, "loss": 2.661408703327179, "accuracy": 49.60231492447185}
{"phase": "train", "iteration": 150, "loss": 2.7409184352556863, "accuracy": 47.481670532741276}
{"phase": "train", "iteration": 200, "loss": 2.7202681744098665, "accuracy": 47.72305401561968}
{"phase": "train", "iteration": 250, "loss": 2.7198991289138794, "accuracy": 47.79389944790982}
{"phase": "train", "iteration": 300, "loss": 2.7358386182785033, "accuracy": 47.15488487008797}
{"phase": "train", "iteration": 350, "loss": 2.7410548302105493, "accuracy": 46.99927122165454}
{"epoch": 59, "learning_rate": 0.0002, "next_learning_rate": 0.0002, "learning_rates": {"all": 0.0002}, "next_learning_rates": {"all": 0.0002}, "train_loss": 2.739318224673801, "train_accuracy": 47.03742040407254, "train_samples": 45000, "train_seconds": 44.50043439865112, "val_loss": 1.9598690872192384, "val_accuracy": 62.7, "val_samples": 5000, "val_seconds": 1.9475078582763672, "best_validation_accuracy": 62.7, "best_epoch": 59, "epochs_without_improvement": 0}




Epoch == 60
{"phase": "train", "iteration": 50, "loss": 2.6470347332954405, "accuracy": 48.896803068769735}
{"phase": "train", "iteration": 100, "loss": 2.603703900575638, "accuracy": 50.35485366164717}
{"phase": "train", "iteration": 150, "loss": 2.6362912130355833, "accuracy": 49.41387211804317}
{"phase": "train", "iteration": 200, "loss": 2.6437529945373535, "accuracy": 49.26699951328435}
{"phase": "train", "iteration": 250, "loss": 2.6898458886146543, "accuracy": 48.24873456799708}
{"phase": "train", "iteration": 300, "loss": 2.659754641453425, "accuracy": 48.98704204724397}
{"phase": "train", "iteration": 350, "loss": 2.6784905760628837, "accuracy": 48.48471176885453}
{"epoch": 60, "learning_rate": 0.0002, "next_learning_rate": 0.0002, "learning_rates": {"all": 0.0002}, "next_learning_rates": {"all": 0.0002}, "train_loss": 2.6771906365500557, "train_accuracy": 48.54359558431885, "train_samples": 45000, "train_seconds": 44.71163558959961, "val_loss": 1.9463569007873536, "val_accuracy": 63.12, "val_samples": 5000, "val_seconds": 1.958848476409912, "best_validation_accuracy": 63.12, "best_epoch": 60, "epochs_without_improvement": 0}




Epoch == 61
{"phase": "train", "iteration": 50, "loss": 2.6729879069328306, "accuracy": 48.71766195565179}
{"phase": "train", "iteration": 100, "loss": 2.6924575090408327, "accuracy": 48.18550176848888}
{"phase": "train", "iteration": 150, "loss": 2.690366264184316, "accuracy": 48.156856796428876}
{"phase": "train", "iteration": 200, "loss": 2.686582201719284, "accuracy": 48.22115936905202}
{"phase": "train", "iteration": 250, "loss": 2.706309718608856, "accuracy": 47.6671733090065}
{"phase": "train", "iteration": 300, "loss": 2.70545748035113, "accuracy": 47.73141050706522}
{"phase": "train", "iteration": 350, "loss": 2.7191963951928275, "accuracy": 47.368564082747305}
{"epoch": 61, "learning_rate": 0.0002, "next_learning_rate": 0.0002, "learning_rates": {"all": 0.0002}, "next_learning_rates": {"all": 0.0002}, "train_loss": 2.7203038913302953, "train_accuracy": 47.33524199237954, "train_samples": 45000, "train_seconds": 44.45217680931091, "val_loss": 1.933405784225464, "val_accuracy": 63.46, "val_samples": 5000, "val_seconds": 1.9487395286560059, "best_validation_accuracy": 63.46, "best_epoch": 61, "epochs_without_improvement": 0}




Epoch == 62
{"phase": "train", "iteration": 50, "loss": 2.6760620164871214, "accuracy": 49.11954687040663}
{"phase": "train", "iteration": 100, "loss": 2.628674327135086, "accuracy": 50.419573345559805}
{"phase": "train", "iteration": 150, "loss": 2.6257506330808003, "accuracy": 50.32697682660552}
{"phase": "train", "iteration": 200, "loss": 2.679879370927811, "accuracy": 48.807587305699755}
{"phase": "train", "iteration": 250, "loss": 2.692287798404694, "accuracy": 48.49350926380022}
{"phase": "train", "iteration": 300, "loss": 2.7084093181292217, "accuracy": 47.95266492301178}
{"phase": "train", "iteration": 350, "loss": 2.6878359283719746, "accuracy": 48.3874947968594}
{"epoch": 62, "learning_rate": 0.0002, "next_learning_rate": 0.0002, "learning_rates": {"all": 0.0002}, "next_learning_rates": {"all": 0.0002}, "train_loss": 2.6847599257575143, "train_accuracy": 48.46416040303527, "train_samples": 45000, "train_seconds": 44.49204087257385, "val_loss": 1.9208230686187744, "val_accuracy": 63.86, "val_samples": 5000, "val_seconds": 1.9528241157531738, "best_validation_accuracy": 63.86, "best_epoch": 62, "epochs_without_improvement": 0}




Epoch == 63
{"phase": "train", "iteration": 50, "loss": 2.69816255569458, "accuracy": 48.84451683898576}
{"phase": "train", "iteration": 100, "loss": 2.6953765428066254, "accuracy": 48.38193477155041}
{"phase": "train", "iteration": 150, "loss": 2.7067274983723957, "accuracy": 47.98478667001456}
{"phase": "train", "iteration": 200, "loss": 2.758861343860626, "accuracy": 46.62406610017064}
{"phase": "train", "iteration": 250, "loss": 2.727079542160034, "accuracy": 47.364268603095184}
{"phase": "train", "iteration": 300, "loss": 2.7177991672356923, "accuracy": 47.594107049602115}
{"phase": "train", "iteration": 350, "loss": 2.727569466318403, "accuracy": 47.50061241751756}
{"epoch": 63, "learning_rate": 0.0002, "next_learning_rate": 0.0002, "learning_rates": {"all": 0.0002}, "next_learning_rates": {"all": 0.0002}, "train_loss": 2.7263991151597766, "train_accuracy": 47.52355578931042, "train_samples": 45000, "train_seconds": 44.57765603065491, "val_loss": 1.9086795558929444, "val_accuracy": 64.34, "val_samples": 5000, "val_seconds": 1.9549102783203125, "best_validation_accuracy": 64.34, "best_epoch": 63, "epochs_without_improvement": 0}




Epoch == 64
{"phase": "train", "iteration": 50, "loss": 2.49698823928833, "accuracy": 54.35284430374273}
{"phase": "train", "iteration": 100, "loss": 2.64359965801239, "accuracy": 50.306766668230765}
{"phase": "train", "iteration": 150, "loss": 2.6774274635314943, "accuracy": 49.11328324207699}
{"phase": "train", "iteration": 200, "loss": 2.670986263155937, "accuracy": 49.219198775059176}
{"phase": "train", "iteration": 250, "loss": 2.666715634346008, "accuracy": 49.102960433742815}
{"phase": "train", "iteration": 300, "loss": 2.671299046278, "accuracy": 48.94118589313651}
{"phase": "train", "iteration": 350, "loss": 2.6990722925322395, "accuracy": 48.05240438132933}
{"epoch": 64, "learning_rate": 0.0002, "next_learning_rate": 0.0002, "learning_rates": {"all": 0.0002}, "next_learning_rates": {"all": 0.0002}, "train_loss": 2.701055673641629, "train_accuracy": 48.01590509587687, "train_samples": 45000, "train_seconds": 44.52152371406555, "val_loss": 1.897591716003418, "val_accuracy": 64.66, "val_samples": 5000, "val_seconds": 1.954714298248291, "best_validation_accuracy": 64.66, "best_epoch": 64, "epochs_without_improvement": 0}




Epoch == 65
{"phase": "train", "iteration": 50, "loss": 2.7361686611175537, "accuracy": 47.66069082475961}
{"phase": "train", "iteration": 100, "loss": 2.6490087938308715, "accuracy": 49.76729779835617}
{"phase": "train", "iteration": 150, "loss": 2.659231569766998, "accuracy": 49.62771773395377}
{"phase": "train", "iteration": 200, "loss": 2.688891019821167, "accuracy": 48.91905330605616}
{"phase": "train", "iteration": 250, "loss": 2.740376019477844, "accuracy": 47.48451961230927}
{"phase": "train", "iteration": 300, "loss": 2.737768681446711, "accuracy": 47.54818412290432}
{"phase": "train", "iteration": 350, "loss": 2.7173914905956815, "accuracy": 48.051826432031646}
{"epoch": 65, "learning_rate": 0.0002, "next_learning_rate": 0.0002, "learning_rates": {"all": 0.0002}, "next_learning_rates": {"all": 0.0002}, "train_loss": 2.714318717956543, "train_accuracy": 48.13709500546793, "train_samples": 45000, "train_seconds": 44.71735763549805, "val_loss": 1.8868078861236572, "val_accuracy": 64.96, "val_samples": 5000, "val_seconds": 1.9552676677703857, "best_validation_accuracy": 64.96, "best_epoch": 65, "epochs_without_improvement": 0}




Epoch == 66
{"phase": "train", "iteration": 50, "loss": 2.40271372795105, "accuracy": 56.43484550408911}
{"phase": "train", "iteration": 100, "loss": 2.6585184383392333, "accuracy": 49.74883395811894}
{"phase": "train", "iteration": 150, "loss": 2.704069993495941, "accuracy": 48.44545472905205}
{"phase": "train", "iteration": 200, "loss": 2.67332518696785, "accuracy": 49.187724676326795}
{"phase": "train", "iteration": 250, "loss": 2.661351399421692, "accuracy": 49.42894826549871}
{"phase": "train", "iteration": 300, "loss": 2.6610263403256735, "accuracy": 49.373349170013455}
{"phase": "train", "iteration": 350, "loss": 2.6791138328824724, "accuracy": 48.80672567435656}
{"epoch": 66, "learning_rate": 0.0002, "next_learning_rate": 0.0002, "learning_rates": {"all": 0.0002}, "next_learning_rates": {"all": 0.0002}, "train_loss": 2.6800107586330837, "train_accuracy": 48.78264035378334, "train_samples": 45000, "train_seconds": 44.57482552528381, "val_loss": 1.8767446990966796, "val_accuracy": 65.3, "val_samples": 5000, "val_seconds": 1.9550113677978516, "best_validation_accuracy": 65.3, "best_epoch": 66, "epochs_without_improvement": 0}




Epoch == 67
{"phase": "train", "iteration": 50, "loss": 2.7408407378196715, "accuracy": 46.97135576495994}
{"phase": "train", "iteration": 100, "loss": 2.667936226129532, "accuracy": 49.163084482466864}
{"phase": "train", "iteration": 150, "loss": 2.6152284916241966, "accuracy": 50.61749384690878}
{"phase": "train", "iteration": 200, "loss": 2.6345168536901475, "accuracy": 50.434169179864156}
{"phase": "train", "iteration": 250, "loss": 2.671439685344696, "accuracy": 49.40658906949976}
{"phase": "train", "iteration": 300, "loss": 2.6717474234104155, "accuracy": 49.36440733011792}
{"phase": "train", "iteration": 350, "loss": 2.7057255349840434, "accuracy": 48.491076390938275}
{"epoch": 67, "learning_rate": 0.0002, "next_learning_rate": 0.0002, "learning_rates": {"all": 0.0002}, "next_learning_rates": {"all": 0.0002}, "train_loss": 2.704296589999729, "train_accuracy": 48.523167179415424, "train_samples": 45000, "train_seconds": 44.43666481971741, "val_loss": 1.8669423234939575, "val_accuracy": 65.64, "val_samples": 5000, "val_seconds": 1.953260898590088, "best_validation_accuracy": 65.64, "best_epoch": 67, "epochs_without_improvement": 0}




Epoch == 68
{"phase": "train", "iteration": 50, "loss": 2.6888340640068056, "accuracy": 49.24057895988981}
{"phase": "train", "iteration": 100, "loss": 2.6773568522930145, "accuracy": 49.44631183541626}
{"phase": "train", "iteration": 150, "loss": 2.6511951875686646, "accuracy": 49.702247287935094}
{"phase": "train", "iteration": 200, "loss": 2.6396989172697065, "accuracy": 49.95515467575687}
{"phase": "train", "iteration": 250, "loss": 2.669999507904053, "accuracy": 49.25627306819891}
{"phase": "train", "iteration": 300, "loss": 2.651203600962957, "accuracy": 49.74852543431995}
{"phase": "train", "iteration": 350, "loss": 2.6618193422045024, "accuracy": 49.553134418551046}
{"epoch": 68, "learning_rate": 0.0002, "next_learning_rate": 0.0002, "learning_rates": {"all": 0.0002}, "next_learning_rates": {"all": 0.0002}, "train_loss": 2.660707202826606, "train_accuracy": 49.58810154163798, "train_samples": 45000, "train_seconds": 44.81726908683777, "val_loss": 1.8574593181610108, "val_accuracy": 66.1, "val_samples": 5000, "val_seconds": 1.9565176963806152, "best_validation_accuracy": 66.1, "best_epoch": 68, "epochs_without_improvement": 0}




Epoch == 69
{"phase": "train", "iteration": 50, "loss": 2.7709190797805787, "accuracy": 46.286533539105605}
{"phase": "train", "iteration": 100, "loss": 2.770697327852249, "accuracy": 46.2661286732281}
{"phase": "train", "iteration": 150, "loss": 2.723165511290232, "accuracy": 47.771922818592714}
{"phase": "train", "iteration": 200, "loss": 2.7115931338071824, "accuracy": 47.94918979991182}
{"phase": "train", "iteration": 250, "loss": 2.6928533596992494, "accuracy": 48.39928720461613}
{"phase": "train", "iteration": 300, "loss": 2.6889765775203704, "accuracy": 48.52093773557652}
{"phase": "train", "iteration": 350, "loss": 2.6923935328211104, "accuracy": 48.47455740232497}
{"epoch": 69, "learning_rate": 0.0002, "next_learning_rate": 0.0002, "learning_rates": {"all": 0.0002}, "next_learning_rates": {"all": 0.0002}, "train_loss": 2.6905097683376735, "train_accuracy": 48.50532152220352, "train_samples": 45000, "train_seconds": 44.46118998527527, "val_loss": 1.8487201755523681, "val_accuracy": 66.3, "val_samples": 5000, "val_seconds": 1.9504165649414062, "best_validation_accuracy": 66.3, "best_epoch": 69, "epochs_without_improvement": 0}




Epoch == 70
{"phase": "train", "iteration": 50, "loss": 2.659230101108551, "accuracy": 50.27061487256339}
{"phase": "train", "iteration": 100, "loss": 2.706429579257965, "accuracy": 48.690174798645124}
{"phase": "train", "iteration": 150, "loss": 2.6754852072397868, "accuracy": 49.57139612082951}
{"phase": "train", "iteration": 200, "loss": 2.7114284348487856, "accuracy": 48.5793249578717}
{"phase": "train", "iteration": 250, "loss": 2.7211946058273315, "accuracy": 48.19629915935983}
{"phase": "train", "iteration": 300, "loss": 2.715364511013031, "accuracy": 48.22399307777913}
{"phase": "train", "iteration": 350, "loss": 2.717152076448713, "accuracy": 48.236590788474565}
{"epoch": 70, "learning_rate": 0.0002, "next_learning_rate": 0.0002, "learning_rates": {"all": 0.0002}, "next_learning_rates": {"all": 0.0002}, "train_loss": 2.720538484530979, "train_accuracy": 48.15725140862291, "train_samples": 45000, "train_seconds": 44.4171199798584, "val_loss": 1.8405057453155518, "val_accuracy": 66.66, "val_samples": 5000, "val_seconds": 1.9516024589538574, "best_validation_accuracy": 66.66, "best_epoch": 70, "epochs_without_improvement": 0}




Epoch == 71
{"phase": "train", "iteration": 50, "loss": 2.6450479769706727, "accuracy": 49.390872417003585}
{"phase": "train", "iteration": 100, "loss": 2.7224027156829833, "accuracy": 47.334361475759245}
{"phase": "train", "iteration": 150, "loss": 2.6593480070432025, "accuracy": 49.194041117745805}
{"phase": "train", "iteration": 200, "loss": 2.6599708718061446, "accuracy": 49.23366886774228}
{"phase": "train", "iteration": 250, "loss": 2.6693542857170103, "accuracy": 48.99811900218436}
{"phase": "train", "iteration": 300, "loss": 2.6539072779814403, "accuracy": 49.41644200228881}
{"phase": "train", "iteration": 350, "loss": 2.6783619035993302, "accuracy": 48.73728592003738}
{"epoch": 71, "learning_rate": 0.0002, "next_learning_rate": 0.0002, "learning_rates": {"all": 0.0002}, "next_learning_rates": {"all": 0.0002}, "train_loss": 2.6791678417629665, "train_accuracy": 48.74288930205944, "train_samples": 45000, "train_seconds": 44.44635486602783, "val_loss": 1.8325222011566162, "val_accuracy": 66.94, "val_samples": 5000, "val_seconds": 1.9545257091522217, "best_validation_accuracy": 66.94, "best_epoch": 71, "epochs_without_improvement": 0}




Epoch == 72
{"phase": "train", "iteration": 50, "loss": 2.7128559279441835, "accuracy": 49.250120034936465}
{"phase": "train", "iteration": 100, "loss": 2.653464504480362, "accuracy": 50.181102127782395}
{"phase": "train", "iteration": 150, "loss": 2.628880169391632, "accuracy": 50.8634290960546}
{"phase": "train", "iteration": 200, "loss": 2.6089765840768813, "accuracy": 51.189450763387995}
{"phase": "train", "iteration": 250, "loss": 2.627931918144226, "accuracy": 50.565523500440094}
{"phase": "train", "iteration": 300, "loss": 2.6308171725273133, "accuracy": 50.489366086381224}
{"phase": "train", "iteration": 350, "loss": 2.6171197029522486, "accuracy": 50.78848961604667}
{"epoch": 72, "learning_rate": 0.0002, "next_learning_rate": 0.0002, "learning_rates": {"all": 0.0002}, "next_learning_rates": {"all": 0.0002}, "train_loss": 2.6137190348731147, "train_accuracy": 50.87546798466613, "train_samples": 45000, "train_seconds": 44.40339517593384, "val_loss": 1.824623413658142, "val_accuracy": 67.2, "val_samples": 5000, "val_seconds": 1.9572505950927734, "best_validation_accuracy": 67.2, "best_epoch": 72, "epochs_without_improvement": 0}




Epoch == 73
{"phase": "train", "iteration": 50, "loss": 2.7506711435317994, "accuracy": 48.20401640522307}
{"phase": "train", "iteration": 100, "loss": 2.67067279458046, "accuracy": 49.72304598937578}
{"phase": "train", "iteration": 150, "loss": 2.693626554807027, "accuracy": 48.809136060120906}
{"phase": "train", "iteration": 200, "loss": 2.6733033120632173, "accuracy": 49.50347858304421}
{"phase": "train", "iteration": 250, "loss": 2.6595759773254395, "accuracy": 49.7709021619079}
{"phase": "train", "iteration": 300, "loss": 2.6909029241402944, "accuracy": 48.941410174292436}
{"phase": "train", "iteration": 350, "loss": 2.6799000103133066, "accuracy": 49.1733731675054}
{"epoch": 73, "learning_rate": 0.0002, "next_learning_rate": 0.0002, "learning_rates": {"all": 0.0002}, "next_learning_rates": {"all": 0.0002}, "train_loss": 2.6812332533094616, "train_accuracy": 49.13445591870538, "train_samples": 45000, "train_seconds": 44.581753969192505, "val_loss": 1.8174905979156495, "val_accuracy": 67.38, "val_samples": 5000, "val_seconds": 1.950578212738037, "best_validation_accuracy": 67.38, "best_epoch": 73, "epochs_without_improvement": 0}




Epoch == 74
{"phase": "train", "iteration": 50, "loss": 2.76687326669693, "accuracy": 46.355081417936816}
{"phase": "train", "iteration": 100, "loss": 2.7637771940231324, "accuracy": 46.30129102828785}
{"phase": "train", "iteration": 150, "loss": 2.7308018318812053, "accuracy": 47.320252643276326}
{"phase": "train", "iteration": 200, "loss": 2.7040185755491257, "accuracy": 48.247367009122655}
{"phase": "train", "iteration": 250, "loss": 2.6975630049705503, "accuracy": 48.6007393605745}
{"phase": "train", "iteration": 300, "loss": 2.6757947913805644, "accuracy": 49.07297777615132}
{"phase": "train", "iteration": 350, "loss": 2.642584569794791, "accuracy": 50.09442328657931}
{"epoch": 74, "learning_rate": 0.0002, "next_learning_rate": 0.0002, "learning_rates": {"all": 0.0002}, "next_learning_rates": {"all": 0.0002}, "train_loss": 2.6438790417141385, "train_accuracy": 50.058112741674584, "train_samples": 45000, "train_seconds": 44.5616672039032, "val_loss": 1.8104034397125244, "val_accuracy": 67.46, "val_samples": 5000, "val_seconds": 1.9463136196136475, "best_validation_accuracy": 67.46, "best_epoch": 74, "epochs_without_improvement": 0}




Epoch == 75
{"phase": "train", "iteration": 50, "loss": 2.5759777498245238, "accuracy": 52.14510903034075}
{"phase": "train", "iteration": 100, "loss": 2.5451962745189665, "accuracy": 53.30769879934198}
{"phase": "train", "iteration": 150, "loss": 2.6083937891324362, "accuracy": 51.552549116381726}
{"phase": "train", "iteration": 200, "loss": 2.5803763484954834, "accuracy": 52.20499834538688}
{"phase": "train", "iteration": 250, "loss": 2.5831428742408753, "accuracy": 52.06510628092195}
{"phase": "train", "iteration": 300, "loss": 2.5719614545504252, "accuracy": 52.267532411933395}
{"phase": "train", "iteration": 350, "loss": 2.57926397562027, "accuracy": 51.98013976367475}
{"epoch": 75, "learning_rate": 0.0002, "next_learning_rate": 0.0002, "learning_rates": {"all": 0.0002}, "next_learning_rates": {"all": 0.0002}, "train_loss": 2.5790660791609024, "train_accuracy": 51.99292776013018, "train_samples": 45000, "train_seconds": 44.37039113044739, "val_loss": 1.803249006652832, "val_accuracy": 67.66, "val_samples": 5000, "val_seconds": 1.9532294273376465, "best_validation_accuracy": 67.66, "best_epoch": 75, "epochs_without_improvement": 0}




Epoch == 76
{"phase": "train", "iteration": 50, "loss": 2.515939416885376, "accuracy": 53.113970600632435}
{"phase": "train", "iteration": 100, "loss": 2.479757299423218, "accuracy": 54.49779658967953}
{"phase": "train", "iteration": 150, "loss": 2.577217923005422, "accuracy": 52.010372032343994}
{"phase": "train", "iteration": 200, "loss": 2.6175622695684435, "accuracy": 51.05851450508548}
{"phase": "train", "iteration": 250, "loss": 2.63136065864563, "accuracy": 50.59234700898556}
{"phase": "train", "iteration": 300, "loss": 2.632211745182673, "accuracy": 50.64636181833679}
{"phase": "train", "iteration": 350, "loss": 2.6013916873931886, "accuracy": 51.41150674304374}
{"epoch": 76, "learning_rate": 0.0002, "next_learning_rate": 0.0002, "learning_rates": {"all": 0.0002}, "next_learning_rates": {"all": 0.0002}, "train_loss": 2.6041332582261827, "train_accuracy": 51.36269541681811, "train_samples": 45000, "train_seconds": 44.73856997489929, "val_loss": 1.7967191688537598, "val_accuracy": 67.92, "val_samples": 5000, "val_seconds": 1.9545395374298096, "best_validation_accuracy": 67.92, "best_epoch": 76, "epochs_without_improvement": 0}




Epoch == 77
{"phase": "train", "iteration": 50, "loss": 2.5099686050415038, "accuracy": 52.90169841194647}
{"phase": "train", "iteration": 100, "loss": 2.569935930967331, "accuracy": 51.94094127137257}
{"phase": "train", "iteration": 150, "loss": 2.6560828177134197, "accuracy": 49.351946496619284}
{"phase": "train", "iteration": 200, "loss": 2.6656481754779815, "accuracy": 49.20308755747849}
{"phase": "train", "iteration": 250, "loss": 2.6809960107803343, "accuracy": 48.878976281451614}
{"phase": "train", "iteration": 300, "loss": 2.6748488930861156, "accuracy": 49.0518130502156}
{"phase": "train", "iteration": 350, "loss": 2.678840091909681, "accuracy": 49.07502354523085}
{"epoch": 77, "learning_rate": 0.0002, "next_learning_rate": 0.0002, "learning_rates": {"all": 0.0002}, "next_learning_rates": {"all": 0.0002}, "train_loss": 2.6763825939178467, "train_accuracy": 49.14463776022059, "train_samples": 45000, "train_seconds": 44.47128248214722, "val_loss": 1.7904401008605957, "val_accuracy": 68.1, "val_samples": 5000, "val_seconds": 1.9508013725280762, "best_validation_accuracy": 68.1, "best_epoch": 77, "epochs_without_improvement": 0}




Epoch == 78
{"phase": "train", "iteration": 50, "loss": 2.4824411273002625, "accuracy": 53.934498342143435}
{"phase": "train", "iteration": 100, "loss": 2.5495642483234406, "accuracy": 52.556273718360806}
{"phase": "train", "iteration": 150, "loss": 2.556542288462321, "accuracy": 52.489441564224656}
{"phase": "train", "iteration": 200, "loss": 2.558740902543068, "accuracy": 52.4782716561682}
{"phase": "train", "iteration": 250, "loss": 2.5911338315010073, "accuracy": 51.62423289287397}
{"phase": "train", "iteration": 300, "loss": 2.6042352990309396, "accuracy": 51.284052037845335}
{"phase": "train", "iteration": 350, "loss": 2.568457053388868, "accuracy": 52.14426806867692}
{"epoch": 78, "learning_rate": 0.0002, "next_learning_rate": 0.0002, "learning_rates": {"all": 0.0002}, "next_learning_rates": {"all": 0.0002}, "train_loss": 2.5701736811531917, "train_accuracy": 52.11334040290939, "train_samples": 45000, "train_seconds": 44.989906549453735, "val_loss": 1.7844348392486573, "val_accuracy": 68.18, "val_samples": 5000, "val_seconds": 1.9684793949127197, "best_validation_accuracy": 68.18, "best_epoch": 78, "epochs_without_improvement": 0}




Epoch == 79
{"phase": "train", "iteration": 50, "loss": 2.778995943069458, "accuracy": 47.1465443877029}
{"phase": "train", "iteration": 100, "loss": 2.724197566509247, "accuracy": 48.242292877493064}
{"phase": "train", "iteration": 150, "loss": 2.637441368897756, "accuracy": 50.50385691012493}
{"phase": "train", "iteration": 200, "loss": 2.5899607104063036, "accuracy": 51.769380297270374}
{"phase": "train", "iteration": 250, "loss": 2.562297899723053, "accuracy": 52.52649307212532}
{"phase": "train", "iteration": 300, "loss": 2.6094382135073344, "accuracy": 51.17904680231209}
{"phase": "train", "iteration": 350, "loss": 2.5947077557018825, "accuracy": 51.54385560177607}
{"epoch": 79, "learning_rate": 0.0002, "next_learning_rate": 0.0002, "learning_rates": {"all": 0.0002}, "next_learning_rates": {"all": 0.0002}, "train_loss": 2.5953639950646297, "train_accuracy": 51.53343528998517, "train_samples": 45000, "train_seconds": 44.290846824645996, "val_loss": 1.7784340377807617, "val_accuracy": 68.5, "val_samples": 5000, "val_seconds": 1.9513540267944336, "best_validation_accuracy": 68.5, "best_epoch": 79, "epochs_without_improvement": 0}




Epoch == 80
{"phase": "train", "iteration": 50, "loss": 2.5855023217201234, "accuracy": 51.78430040013233}
{"phase": "train", "iteration": 100, "loss": 2.5927319169044494, "accuracy": 51.858637957108265}
{"phase": "train", "iteration": 150, "loss": 2.551035075187683, "accuracy": 53.12880012485382}
{"phase": "train", "iteration": 200, "loss": 2.5544443142414095, "accuracy": 52.94330911870004}
{"phase": "train", "iteration": 250, "loss": 2.546747275352478, "accuracy": 53.01790675446662}
{"phase": "train", "iteration": 300, "loss": 2.5522569851080577, "accuracy": 52.778738312053335}
{"phase": "train", "iteration": 350, "loss": 2.5538526252337865, "accuracy": 52.79361328506154}
{"epoch": 80, "learning_rate": 0.0002, "next_learning_rate": 0.0002, "learning_rates": {"all": 0.0002}, "next_learning_rates": {"all": 0.0002}, "train_loss": 2.5546626809861923, "train_accuracy": 52.76008611167756, "train_samples": 45000, "train_seconds": 44.473779916763306, "val_loss": 1.77225479927063, "val_accuracy": 68.56, "val_samples": 5000, "val_seconds": 1.954021692276001, "best_validation_accuracy": 68.56, "best_epoch": 80, "epochs_without_improvement": 0}




Epoch == 81
{"phase": "train", "iteration": 50, "loss": 2.4690831780433653, "accuracy": 54.44202955468941}
{"phase": "train", "iteration": 100, "loss": 2.5536741495132445, "accuracy": 52.76495803085975}
{"phase": "train", "iteration": 150, "loss": 2.5330153417587282, "accuracy": 53.46161412932497}
{"phase": "train", "iteration": 200, "loss": 2.544882901906967, "accuracy": 53.25622389681009}
{"phase": "train", "iteration": 250, "loss": 2.542560270309448, "accuracy": 53.28919504750298}
{"phase": "train", "iteration": 300, "loss": 2.553637608687083, "accuracy": 53.10174175989721}
{"phase": "train", "iteration": 350, "loss": 2.55348352091653, "accuracy": 53.02380936957597}
{"epoch": 81, "learning_rate": 0.0002, "next_learning_rate": 0.0002, "learning_rates": {"all": 0.0002}, "next_learning_rates": {"all": 0.0002}, "train_loss": 2.552869460720486, "train_accuracy": 53.028538619600084, "train_samples": 45000, "train_seconds": 44.69719386100769, "val_loss": 1.7666409664154052, "val_accuracy": 68.76, "val_samples": 5000, "val_seconds": 1.9470081329345703, "best_validation_accuracy": 68.76, "best_epoch": 81, "epochs_without_improvement": 0}




Epoch == 82
{"phase": "train", "iteration": 50, "loss": 2.467740955352783, "accuracy": 55.20020846249883}
{"phase": "train", "iteration": 100, "loss": 2.571703233718872, "accuracy": 52.497102710138044}
{"phase": "train", "iteration": 150, "loss": 2.600296680132548, "accuracy": 51.63377391886689}
{"phase": "train", "iteration": 200, "loss": 2.6235883694887163, "accuracy": 51.035064170425265}
{"phase": "train", "iteration": 250, "loss": 2.6211566314697268, "accuracy": 51.20224191151145}
{"phase": "train", "iteration": 300, "loss": 2.5798851013183595, "accuracy": 52.35398606956155}
{"phase": "train", "iteration": 350, "loss": 2.569564846924373, "accuracy": 52.65087303960059}
{"epoch": 82, "learning_rate": 0.0002, "next_learning_rate": 0.0002, "learning_rates": {"all": 0.0002}, "next_learning_rates": {"all": 0.0002}, "train_loss": 2.566460070080227, "train_accuracy": 52.71874163944564, "train_samples": 45000, "train_seconds": 44.581069231033325, "val_loss": 1.7612243740081788, "val_accuracy": 69.04, "val_samples": 5000, "val_seconds": 1.953505277633667, "best_validation_accuracy": 69.04, "best_epoch": 82, "epochs_without_improvement": 0}




Epoch == 83
{"phase": "train", "iteration": 50, "loss": 2.6687458419799803, "accuracy": 49.812543988721536}
{"phase": "train", "iteration": 100, "loss": 2.5734007477760317, "accuracy": 52.1066946028482}
{"phase": "train", "iteration": 150, "loss": 2.6517475406328836, "accuracy": 50.57658500772626}
{"phase": "train", "iteration": 200, "loss": 2.5903924643993377, "accuracy": 52.07845641318293}
{"phase": "train", "iteration": 250, "loss": 2.576530963897705, "accuracy": 52.49656320231681}
{"phase": "train", "iteration": 300, "loss": 2.5484679992993673, "accuracy": 53.20303560643677}
{"phase": "train", "iteration": 350, "loss": 2.545783140318734, "accuracy": 53.3235138571984}
{"epoch": 83, "learning_rate": 0.0002, "next_learning_rate": 0.0002, "learning_rates": {"all": 0.0002}, "next_learning_rates": {"all": 0.0002}, "train_loss": 2.5481236906263565, "train_accuracy": 53.271388928636235, "train_samples": 45000, "train_seconds": 44.32546615600586, "val_loss": 1.755743389892578, "val_accuracy": 69.34, "val_samples": 5000, "val_seconds": 1.9522690773010254, "best_validation_accuracy": 69.34, "best_epoch": 83, "epochs_without_improvement": 0}




Epoch == 84
{"phase": "train", "iteration": 50, "loss": 2.5327932024002076, "accuracy": 52.98553058864624}
{"phase": "train", "iteration": 100, "loss": 2.5186162054538728, "accuracy": 53.61032745567735}
{"phase": "train", "iteration": 150, "loss": 2.548130752245585, "accuracy": 53.10418839473653}
{"phase": "train", "iteration": 200, "loss": 2.5673513835668564, "accuracy": 52.47192668636231}
{"phase": "train", "iteration": 250, "loss": 2.5926291913986206, "accuracy": 51.784165151309686}
{"phase": "train", "iteration": 300, "loss": 2.5384704554080963, "accuracy": 53.155628181140635}
{"phase": "train", "iteration": 350, "loss": 2.537702831540789, "accuracy": 53.15227322798721}
{"epoch": 84, "learning_rate": 0.0002, "next_learning_rate": 0.0002, "learning_rates": {"all": 0.0002}, "next_learning_rates": {"all": 0.0002}, "train_loss": 2.5341944313473173, "train_accuracy": 53.2409020103046, "train_samples": 45000, "train_seconds": 44.45525646209717, "val_loss": 1.7503621620178222, "val_accuracy": 69.54, "val_samples": 5000, "val_seconds": 1.9504389762878418, "best_validation_accuracy": 69.54, "best_epoch": 84, "epochs_without_improvement": 0}




Epoch == 85
{"phase": "train", "iteration": 50, "loss": 2.710777990818024, "accuracy": 49.16774728353272}
{"phase": "train", "iteration": 100, "loss": 2.6094025599956514, "accuracy": 51.39233554024113}
{"phase": "train", "iteration": 150, "loss": 2.5873919796943663, "accuracy": 52.12119632070246}
{"phase": "train", "iteration": 200, "loss": 2.5875583308935166, "accuracy": 52.32624517690223}
{"phase": "train", "iteration": 250, "loss": 2.5828853011131288, "accuracy": 52.385464563301184}
{"phase": "train", "iteration": 300, "loss": 2.6045763882001243, "accuracy": 51.81682636164775}
{"phase": "train", "iteration": 350, "loss": 2.610015436581203, "accuracy": 51.67193396280388}
{"epoch": 85, "learning_rate": 0.0002, "next_learning_rate": 0.0002, "learning_rates": {"all": 0.0002}, "next_learning_rates": {"all": 0.0002}, "train_loss": 2.606311539035373, "train_accuracy": 51.759992753264626, "train_samples": 45000, "train_seconds": 44.48473858833313, "val_loss": 1.745344228744507, "val_accuracy": 69.68, "val_samples": 5000, "val_seconds": 1.9425952434539795, "best_validation_accuracy": 69.68, "best_epoch": 85, "epochs_without_improvement": 0}




Epoch == 86
{"phase": "train", "iteration": 50, "loss": 2.543694570064545, "accuracy": 53.65574669479272}
{"phase": "train", "iteration": 100, "loss": 2.5544196271896364, "accuracy": 53.04068432072533}
{"phase": "train", "iteration": 150, "loss": 2.604031213919322, "accuracy": 51.75356709951666}
{"phase": "train", "iteration": 200, "loss": 2.594537783265114, "accuracy": 51.915391051588074}
{"phase": "train", "iteration": 250, "loss": 2.588896201610565, "accuracy": 52.0451609868594}
{"phase": "train", "iteration": 300, "loss": 2.5768076157569886, "accuracy": 52.408696459966286}
{"phase": "train", "iteration": 350, "loss": 2.5695442468779426, "accuracy": 52.458168787616316}
{"epoch": 86, "learning_rate": 0.0002, "next_learning_rate": 0.0002, "learning_rates": {"all": 0.0002}, "next_learning_rates": {"all": 0.0002}, "train_loss": 2.571919243282742, "train_accuracy": 52.40933345291172, "train_samples": 45000, "train_seconds": 44.461225509643555, "val_loss": 1.7405541221618652, "val_accuracy": 69.74, "val_samples": 5000, "val_seconds": 1.9514191150665283, "best_validation_accuracy": 69.74, "best_epoch": 86, "epochs_without_improvement": 0}




Epoch == 87
{"phase": "train", "iteration": 50, "loss": 2.567357506752014, "accuracy": 52.647268764614566}
{"phase": "train", "iteration": 100, "loss": 2.5945966029167176, "accuracy": 51.99552538968351}
{"phase": "train", "iteration": 150, "loss": 2.6087016582489015, "accuracy": 51.72873651302896}
{"phase": "train", "iteration": 200, "loss": 2.5795046746730805, "accuracy": 52.695507065911144}
{"phase": "train", "iteration": 250, "loss": 2.568724735736847, "accuracy": 52.916394453704}
{"phase": "train", "iteration": 300, "loss": 2.5624798754851024, "accuracy": 53.141809630634185}
{"phase": "train", "iteration": 350, "loss": 2.579423018864223, "accuracy": 52.54012179509688}
{"epoch": 87, "learning_rate": 0.0002, "next_learning_rate": 0.0002, "learning_rates": {"all": 0.0002}, "next_learning_rates": {"all": 0.0002}, "train_loss": 2.5836702464633516, "train_accuracy": 52.41986412600487, "train_samples": 45000, "train_seconds": 44.43275833129883, "val_loss": 1.7360854413986206, "val_accuracy": 70.16, "val_samples": 5000, "val_seconds": 1.9529035091400146, "best_validation_accuracy": 70.16, "best_epoch": 87, "epochs_without_improvement": 0}




Epoch == 88
{"phase": "train", "iteration": 50, "loss": 2.416808533668518, "accuracy": 57.05640614991993}
{"phase": "train", "iteration": 100, "loss": 2.488727709054947, "accuracy": 55.268038771024585}
{"phase": "train", "iteration": 150, "loss": 2.5189688976605735, "accuracy": 54.40607428716806}
{"phase": "train", "iteration": 200, "loss": 2.479075546860695, "accuracy": 55.34893923723829}
{"phase": "train", "iteration": 250, "loss": 2.465921805858612, "accuracy": 55.80635570152916}
{"phase": "train", "iteration": 300, "loss": 2.4724034257729848, "accuracy": 55.516218077461964}
{"phase": "train", "iteration": 350, "loss": 2.478699982506888, "accuracy": 55.30537581409614}
{"epoch": 88, "learning_rate": 0.0002, "next_learning_rate": 0.0002, "learning_rates": {"all": 0.0002}, "next_learning_rates": {"all": 0.0002}, "train_loss": 2.4789980847676594, "train_accuracy": 55.31292049797793, "train_samples": 45000, "train_seconds": 44.55718946456909, "val_loss": 1.7317640571594237, "val_accuracy": 70.32, "val_samples": 5000, "val_seconds": 1.9581871032714844, "best_validation_accuracy": 70.32, "best_epoch": 88, "epochs_without_improvement": 0}




Epoch == 89
{"phase": "train", "iteration": 50, "loss": 2.464286561012268, "accuracy": 55.34361201888053}
{"phase": "train", "iteration": 100, "loss": 2.478712614774704, "accuracy": 54.90395896731266}
{"phase": "train", "iteration": 150, "loss": 2.4189339462916055, "accuracy": 56.28187432432897}
{"phase": "train", "iteration": 200, "loss": 2.4259880888462066, "accuracy": 56.1500472718403}
{"phase": "train", "iteration": 250, "loss": 2.4119106636047363, "accuracy": 56.65800535398954}
{"phase": "train", "iteration": 300, "loss": 2.468936035633087, "accuracy": 55.1376225105736}
{"phase": "train", "iteration": 350, "loss": 2.451986904825483, "accuracy": 55.5498923022266}
{"epoch": 89, "learning_rate": 0.0002, "next_learning_rate": 0.0002, "learning_rates": {"all": 0.0002}, "next_learning_rates": {"all": 0.0002}, "train_loss": 2.454498139529758, "train_accuracy": 55.47502888160695, "train_samples": 45000, "train_seconds": 44.44087052345276, "val_loss": 1.7271832618713379, "val_accuracy": 70.44, "val_samples": 5000, "val_seconds": 1.9513661861419678, "best_validation_accuracy": 70.44, "best_epoch": 89, "epochs_without_improvement": 0}




Epoch == 90
{"phase": "train", "iteration": 50, "loss": 2.3780311512947083, "accuracy": 58.552887992808444}
{"phase": "train", "iteration": 100, "loss": 2.4361494219303133, "accuracy": 56.60066980446583}
{"phase": "train", "iteration": 150, "loss": 2.440111074447632, "accuracy": 56.27052360121386}
{"phase": "train", "iteration": 200, "loss": 2.4600109994411468, "accuracy": 55.74581716112536}
{"phase": "train", "iteration": 250, "loss": 2.472434898853302, "accuracy": 55.37871604397147}
{"phase": "train", "iteration": 300, "loss": 2.4720534948507944, "accuracy": 55.40523069505446}
{"phase": "train", "iteration": 350, "loss": 2.4828098470824105, "accuracy": 54.96872899007143}
{"epoch": 90, "learning_rate": 0.0002, "next_learning_rate": 0.0002, "learning_rates": {"all": 0.0002}, "next_learning_rates": {"all": 0.0002}, "train_loss": 2.4814343120151094, "train_accuracy": 55.01729726148066, "train_samples": 45000, "train_seconds": 44.52211928367615, "val_loss": 1.7231445816040039, "val_accuracy": 70.46, "val_samples": 5000, "val_seconds": 1.948518991470337, "best_validation_accuracy": 70.46, "best_epoch": 90, "epochs_without_improvement": 1}




Epoch == 91
{"phase": "train", "iteration": 50, "loss": 2.5141084671020506, "accuracy": 53.75528508378543}
{"phase": "train", "iteration": 100, "loss": 2.54720107793808, "accuracy": 53.14609849012}
{"phase": "train", "iteration": 150, "loss": 2.556177326043447, "accuracy": 53.142511803578124}
{"phase": "train", "iteration": 200, "loss": 2.53368553340435, "accuracy": 53.61713575884122}
{"phase": "train", "iteration": 250, "loss": 2.5451299085617065, "accuracy": 53.10288763747866}
{"phase": "train", "iteration": 300, "loss": 2.526392386754354, "accuracy": 53.64309769417099}
{"phase": "train", "iteration": 350, "loss": 2.5057422583443776, "accuracy": 54.20784831873627}
{"epoch": 91, "learning_rate": 0.0002, "next_learning_rate": 0.0002, "learning_rates": {"all": 0.0002}, "next_learning_rates": {"all": 0.0002}, "train_loss": 2.504475876405504, "train_accuracy": 54.251279159693254, "train_samples": 45000, "train_seconds": 44.586973667144775, "val_loss": 1.7192467315673827, "val_accuracy": 70.62, "val_samples": 5000, "val_seconds": 1.958207368850708, "best_validation_accuracy": 70.62, "best_epoch": 91, "epochs_without_improvement": 0}




Epoch == 92
{"phase": "train", "iteration": 50, "loss": 2.4948763990402223, "accuracy": 55.01700776717994}
{"phase": "train", "iteration": 100, "loss": 2.531932753324509, "accuracy": 53.9525469521753}
{"phase": "train", "iteration": 150, "loss": 2.526324214140574, "accuracy": 53.8886559605591}
{"phase": "train", "iteration": 200, "loss": 2.5297373259067535, "accuracy": 53.97772041371186}
{"phase": "train", "iteration": 250, "loss": 2.539970061779022, "accuracy": 53.637232118410445}
{"phase": "train", "iteration": 300, "loss": 2.491312719583511, "accuracy": 54.92786620695012}
{"phase": "train", "iteration": 350, "loss": 2.502627992289407, "accuracy": 54.69595181583718}
{"epoch": 92, "learning_rate": 0.0002, "next_learning_rate": 0.0002, "learning_rates": {"all": 0.0002}, "next_learning_rates": {"all": 0.0002}, "train_loss": 2.5037275546603732, "train_accuracy": 54.67702536332235, "train_samples": 45000, "train_seconds": 44.57150888442993, "val_loss": 1.7151689529418945, "val_accuracy": 70.82, "val_samples": 5000, "val_seconds": 1.947986125946045, "best_validation_accuracy": 70.82, "best_epoch": 92, "epochs_without_improvement": 0}




Epoch == 93
{"phase": "train", "iteration": 50, "loss": 2.5111861038208008, "accuracy": 54.16865809478536}
{"phase": "train", "iteration": 100, "loss": 2.355530571937561, "accuracy": 58.51719656749995}
{"phase": "train", "iteration": 150, "loss": 2.4177617104848226, "accuracy": 56.7600203891778}
{"phase": "train", "iteration": 200, "loss": 2.451404406428337, "accuracy": 55.97995153161459}
{"phase": "train", "iteration": 250, "loss": 2.4385162801742553, "accuracy": 56.31374049870087}
{"phase": "train", "iteration": 300, "loss": 2.452906897068024, "accuracy": 55.9321736236084}
{"phase": "train", "iteration": 350, "loss": 2.447680572101048, "accuracy": 56.03220311433735}
{"epoch": 93, "learning_rate": 0.0002, "next_learning_rate": 0.0002, "learning_rates": {"all": 0.0002}, "next_learning_rates": {"all": 0.0002}, "train_loss": 2.4462926948547365, "train_accuracy": 56.066345458107875, "train_samples": 45000, "train_seconds": 44.39201474189758, "val_loss": 1.7114622079849242, "val_accuracy": 70.98, "val_samples": 5000, "val_seconds": 1.955308198928833, "best_validation_accuracy": 70.98, "best_epoch": 93, "epochs_without_improvement": 0}




Epoch == 94
{"phase": "train", "iteration": 50, "loss": 2.4293431782722474, "accuracy": 56.974560248298346}
{"phase": "train", "iteration": 100, "loss": 2.365524169206619, "accuracy": 58.64924587110714}
{"phase": "train", "iteration": 150, "loss": 2.4415414110819498, "accuracy": 56.528673600853814}
{"phase": "train", "iteration": 200, "loss": 2.443657415509224, "accuracy": 56.334681258553104}
{"phase": "train", "iteration": 250, "loss": 2.4589366254806517, "accuracy": 55.85167508667869}
{"phase": "train", "iteration": 300, "loss": 2.4456181852022807, "accuracy": 56.31533724488358}
{"phase": "train", "iteration": 350, "loss": 2.454015838759286, "accuracy": 56.08476131349059}
{"epoch": 94, "learning_rate": 0.0002, "next_learning_rate": 0.0002, "learning_rates": {"all": 0.0002}, "next_learning_rates": {"all": 0.0002}, "train_loss": 2.451578081512451, "train_accuracy": 56.138210075458254, "train_samples": 45000, "train_seconds": 45.3250675201416, "val_loss": 1.7078467882156372, "val_accuracy": 71.06, "val_samples": 5000, "val_seconds": 1.9447855949401855, "best_validation_accuracy": 71.06, "best_epoch": 94, "epochs_without_improvement": 0}




Epoch == 95
{"phase": "train", "iteration": 50, "loss": 2.4915134501457215, "accuracy": 55.45862264544208}
{"phase": "train", "iteration": 100, "loss": 2.480798466205597, "accuracy": 55.44784591245368}
{"phase": "train", "iteration": 150, "loss": 2.4849047152201336, "accuracy": 55.139360522229474}
{"phase": "train", "iteration": 200, "loss": 2.487928789258003, "accuracy": 55.05040234741452}
{"phase": "train", "iteration": 250, "loss": 2.4711814198493958, "accuracy": 55.484951465492365}
{"phase": "train", "iteration": 300, "loss": 2.4750565258661905, "accuracy": 55.39340839881567}
{"phase": "train", "iteration": 350, "loss": 2.5001263741084507, "accuracy": 54.80315762731221}
{"epoch": 95, "learning_rate": 0.0002, "next_learning_rate": 0.0002, "learning_rates": {"all": 0.0002}, "next_learning_rates": {"all": 0.0002}, "train_loss": 2.5047376777648926, "train_accuracy": 54.67559845894547, "train_samples": 45000, "train_seconds": 45.166433572769165, "val_loss": 1.7044470571517945, "val_accuracy": 71.16, "val_samples": 5000, "val_seconds": 1.9504799842834473, "best_validation_accuracy": 71.16, "best_epoch": 95, "epochs_without_improvement": 0}




Epoch == 96
{"phase": "train", "iteration": 50, "loss": 2.5506963968276977, "accuracy": 54.49594086749769}
{"phase": "train", "iteration": 100, "loss": 2.470743498802185, "accuracy": 56.47287834105364}
{"phase": "train", "iteration": 150, "loss": 2.468106563091278, "accuracy": 56.37540302259031}
{"phase": "train", "iteration": 200, "loss": 2.4843001699447633, "accuracy": 55.75728284988279}
{"phase": "train", "iteration": 250, "loss": 2.467891022205353, "accuracy": 56.04084258396914}
{"phase": "train", "iteration": 300, "loss": 2.4913391025861102, "accuracy": 55.29657878050793}
{"phase": "train", "iteration": 350, "loss": 2.5255318873269217, "accuracy": 54.42717554143}
{"epoch": 96, "learning_rate": 0.0002, "next_learning_rate": 0.0002, "learning_rates": {"all": 0.0002}, "next_learning_rates": {"all": 0.0002}, "train_loss": 2.5243419061024985, "train_accuracy": 54.44993817203471, "train_samples": 45000, "train_seconds": 44.69466257095337, "val_loss": 1.701494885635376, "val_accuracy": 71.28, "val_samples": 5000, "val_seconds": 1.9510021209716797, "best_validation_accuracy": 71.28, "best_epoch": 96, "epochs_without_improvement": 0}




Epoch == 97
{"phase": "train", "iteration": 50, "loss": 2.3639764761924744, "accuracy": 58.25419746796859}
{"phase": "train", "iteration": 100, "loss": 2.3531041967868807, "accuracy": 58.96779389475515}
{"phase": "train", "iteration": 150, "loss": 2.3629821149508157, "accuracy": 58.83058437937498}
{"phase": "train", "iteration": 200, "loss": 2.4110949873924254, "accuracy": 57.46707528936072}
{"phase": "train", "iteration": 250, "loss": 2.3886957817077636, "accuracy": 57.89083573684598}
{"phase": "train", "iteration": 300, "loss": 2.3969761129220326, "accuracy": 57.55342470770811}
{"phase": "train", "iteration": 350, "loss": 2.413372633457184, "accuracy": 57.09522024854365}
{"epoch": 97, "learning_rate": 0.0002, "next_learning_rate": 0.0002, "learning_rates": {"all": 0.0002}, "next_learning_rates": {"all": 0.0002}, "train_loss": 2.40976957804362, "train_accuracy": 57.17238202892233, "train_samples": 45000, "train_seconds": 44.703261375427246, "val_loss": 1.698623943901062, "val_accuracy": 71.64, "val_samples": 5000, "val_seconds": 1.95330810546875, "best_validation_accuracy": 71.64, "best_epoch": 97, "epochs_without_improvement": 0}




Epoch == 98
{"phase": "train", "iteration": 50, "loss": 2.41187420129776, "accuracy": 57.7919139069869}
{"phase": "train", "iteration": 100, "loss": 2.3634784269332885, "accuracy": 58.7062106819127}
{"phase": "train", "iteration": 150, "loss": 2.3514726535479227, "accuracy": 59.00576629348884}
{"phase": "train", "iteration": 200, "loss": 2.353386256098747, "accuracy": 59.11868062295147}
{"phase": "train", "iteration": 250, "loss": 2.3595547518730164, "accuracy": 58.97684055437446}
{"phase": "train", "iteration": 300, "loss": 2.3783960525194803, "accuracy": 58.456886987262614}
{"phase": "train", "iteration": 350, "loss": 2.38449647801263, "accuracy": 58.11435506041825}
{"epoch": 98, "learning_rate": 0.0002, "next_learning_rate": 0.0002, "learning_rates": {"all": 0.0002}, "next_learning_rates": {"all": 0.0002}, "train_loss": 2.387740346823798, "train_accuracy": 58.04412270935218, "train_samples": 45000, "train_seconds": 44.87144422531128, "val_loss": 1.6953609964370728, "val_accuracy": 71.64, "val_samples": 5000, "val_seconds": 1.9617409706115723, "best_validation_accuracy": 71.64, "best_epoch": 97, "epochs_without_improvement": 1}




Epoch == 99
{"phase": "train", "iteration": 50, "loss": 2.4850350689888, "accuracy": 56.05244641804838}
{"phase": "train", "iteration": 100, "loss": 2.465389097929001, "accuracy": 56.41974630751731}
{"phase": "train", "iteration": 150, "loss": 2.422904224395752, "accuracy": 57.01674031314639}
{"phase": "train", "iteration": 200, "loss": 2.4172620683908463, "accuracy": 57.16516554166091}
{"phase": "train", "iteration": 250, "loss": 2.411692691326141, "accuracy": 57.193564114243806}
{"phase": "train", "iteration": 300, "loss": 2.422396889925003, "accuracy": 56.87647481711505}
{"phase": "train", "iteration": 350, "loss": 2.439770029953548, "accuracy": 56.46006252429102}
{"epoch": 99, "learning_rate": 0.0002, "next_learning_rate": 0.0002, "learning_rates": {"all": 0.0002}, "next_learning_rates": {"all": 0.0002}, "train_loss": 2.440288790512085, "train_accuracy": 56.46889480473362, "train_samples": 45000, "train_seconds": 44.33793663978577, "val_loss": 1.692267502784729, "val_accuracy": 71.7, "val_samples": 5000, "val_seconds": 1.9230132102966309, "best_validation_accuracy": 71.7, "best_epoch": 99, "epochs_without_improvement": 0}




Epoch == 100
{"phase": "train", "iteration": 50, "loss": 2.3028328108787535, "accuracy": 60.06257140083953}
{"phase": "train", "iteration": 100, "loss": 2.3530134057998655, "accuracy": 58.942838130653044}
{"phase": "train", "iteration": 150, "loss": 2.381167323589325, "accuracy": 58.0809779194677}
{"phase": "train", "iteration": 200, "loss": 2.3635239189863206, "accuracy": 58.607677606684085}
{"phase": "train", "iteration": 250, "loss": 2.381879412651062, "accuracy": 58.14105667282208}
{"phase": "train", "iteration": 300, "loss": 2.3877217233181, "accuracy": 58.02385784064693}
{"phase": "train", "iteration": 350, "loss": 2.398817537852696, "accuracy": 57.61989838507449}
{"epoch": 100, "learning_rate": 0.0002, "next_learning_rate": 0.0002, "learning_rates": {"all": 0.0002}, "next_learning_rates": {"all": 0.0002}, "train_loss": 2.3998489557054308, "train_accuracy": 57.600185647508006, "train_samples": 45000, "train_seconds": 44.566081523895264, "val_loss": 1.6895066835403443, "val_accuracy": 71.8, "val_samples": 5000, "val_seconds": 1.922818660736084, "best_validation_accuracy": 71.8, "best_epoch": 100, "epochs_without_improvement": 0}




Epoch == 101
{"phase": "train", "iteration": 50, "loss": 2.418304588794708, "accuracy": 57.06365196518211}
{"phase": "train", "iteration": 100, "loss": 2.4161459231376647, "accuracy": 57.05021523736169}
{"phase": "train", "iteration": 150, "loss": 2.4378375140825908, "accuracy": 56.692245326954215}
{"phase": "train", "iteration": 200, "loss": 2.4304901641607284, "accuracy": 56.88657332283709}
{"phase": "train", "iteration": 250, "loss": 2.3920100841522216, "accuracy": 57.90451538396866}
{"phase": "train", "iteration": 300, "loss": 2.419455746014913, "accuracy": 57.28682341642477}
{"phase": "train", "iteration": 350, "loss": 2.423578440121242, "accuracy": 57.1384096461291}
{"epoch": 101, "learning_rate": 0.0002, "next_learning_rate": 0.0002, "learning_rates": {"all": 0.0002}, "next_learning_rates": {"all": 0.0002}, "train_loss": 2.4266782908969455, "train_accuracy": 57.062460290757414, "train_samples": 45000, "train_seconds": 44.41626501083374, "val_loss": 1.6867323640823364, "val_accuracy": 71.98, "val_samples": 5000, "val_seconds": 1.9200201034545898, "best_validation_accuracy": 71.98, "best_epoch": 101, "epochs_without_improvement": 0}




Epoch == 102
{"phase": "train", "iteration": 50, "loss": 2.4524554061889647, "accuracy": 56.46816445225762}
{"phase": "train", "iteration": 100, "loss": 2.475377733707428, "accuracy": 55.960808147508445}
{"phase": "train", "iteration": 150, "loss": 2.465467633406321, "accuracy": 56.297443381698336}
{"phase": "train", "iteration": 200, "loss": 2.436872608065605, "accuracy": 56.955270194970765}
{"phase": "train", "iteration": 250, "loss": 2.4771442651748656, "accuracy": 55.763895560389635}
{"phase": "train", "iteration": 300, "loss": 2.460816866159439, "accuracy": 56.21537775424224}
{"phase": "train", "iteration": 350, "loss": 2.4446885524477278, "accuracy": 56.656037907896625}
{"epoch": 102, "learning_rate": 0.0002, "next_learning_rate": 0.0002, "learning_rates": {"all": 0.0002}, "next_learning_rates": {"all": 0.0002}, "train_loss": 2.444698236380683, "train_accuracy": 56.675530160039884, "train_samples": 45000, "train_seconds": 44.4918897151947, "val_loss": 1.684307025718689, "val_accuracy": 72.04, "val_samples": 5000, "val_seconds": 1.9261868000030518, "best_validation_accuracy": 72.04, "best_epoch": 102, "epochs_without_improvement": 0}




Epoch == 103
{"phase": "train", "iteration": 50, "loss": 2.5164498043060304, "accuracy": 55.31053329155841}
{"phase": "train", "iteration": 100, "loss": 2.505376949310303, "accuracy": 55.17349415897814}
{"phase": "train", "iteration": 150, "loss": 2.455165575345357, "accuracy": 56.64231602334451}
{"phase": "train", "iteration": 200, "loss": 2.4321760469675064, "accuracy": 57.43413926590903}
{"phase": "train", "iteration": 250, "loss": 2.437944056034088, "accuracy": 57.23588633187393}
{"phase": "train", "iteration": 300, "loss": 2.4379493157068888, "accuracy": 57.163099207845434}
{"phase": "train", "iteration": 350, "loss": 2.447956986427307, "accuracy": 56.81539240934177}
{"epoch": 103, "learning_rate": 0.0002, "next_learning_rate": 0.0002, "learning_rates": {"all": 0.0002}, "next_learning_rates": {"all": 0.0002}, "train_loss": 2.444129436238607, "train_accuracy": 56.910614764045405, "train_samples": 45000, "train_seconds": 44.34119129180908, "val_loss": 1.681439143371582, "val_accuracy": 72.22, "val_samples": 5000, "val_seconds": 1.9315893650054932, "best_validation_accuracy": 72.22, "best_epoch": 103, "epochs_without_improvement": 0}




Epoch == 104
{"phase": "train", "iteration": 50, "loss": 2.3361252403259276, "accuracy": 59.62741864548729}
{"phase": "train", "iteration": 100, "loss": 2.386879613399506, "accuracy": 58.038594939476035}
{"phase": "train", "iteration": 150, "loss": 2.3934520578384397, "accuracy": 57.88393820057544}
{"phase": "train", "iteration": 200, "loss": 2.381824655532837, "accuracy": 58.23594079589232}
{"phase": "train", "iteration": 250, "loss": 2.417369364738464, "accuracy": 57.37137861772824}
{"phase": "train", "iteration": 300, "loss": 2.433705712556839, "accuracy": 56.948107152906374}
{"phase": "train", "iteration": 350, "loss": 2.4240016330991474, "accuracy": 57.15496348816678}
{"epoch": 104, "learning_rate": 0.0002, "next_learning_rate": 0.0002, "learning_rates": {"all": 0.0002}, "next_learning_rates": {"all": 0.0002}, "train_loss": 2.4268986879984538, "train_accuracy": 57.07624524766381, "train_samples": 45000, "train_seconds": 44.90278625488281, "val_loss": 1.678385108947754, "val_accuracy": 72.4, "val_samples": 5000, "val_seconds": 1.942357063293457, "best_validation_accuracy": 72.4, "best_epoch": 104, "epochs_without_improvement": 0}




Epoch == 105
{"phase": "train", "iteration": 50, "loss": 2.3445357275009155, "accuracy": 59.6249795124912}
{"phase": "train", "iteration": 100, "loss": 2.405244590044022, "accuracy": 58.11947653727545}
{"phase": "train", "iteration": 150, "loss": 2.399240089257558, "accuracy": 58.38824507955948}
{"phase": "train", "iteration": 200, "loss": 2.3933617639541627, "accuracy": 58.50943704428212}
{"phase": "train", "iteration": 250, "loss": 2.3740878767967226, "accuracy": 58.78428243452925}
{"phase": "train", "iteration": 300, "loss": 2.412247137228648, "accuracy": 57.77955737632591}
{"phase": "train", "iteration": 350, "loss": 2.435593202454703, "accuracy": 57.10968075645434}
{"epoch": 105, "learning_rate": 0.0002, "next_learning_rate": 0.0002, "learning_rates": {"all": 0.0002}, "next_learning_rates": {"all": 0.0002}, "train_loss": 2.434233598497179, "train_accuracy": 57.14875884864917, "train_samples": 45000, "train_seconds": 44.514495849609375, "val_loss": 1.675625937652588, "val_accuracy": 72.5, "val_samples": 5000, "val_seconds": 1.928704023361206, "best_validation_accuracy": 72.5, "best_epoch": 105, "epochs_without_improvement": 0}




Epoch == 106
{"phase": "train", "iteration": 50, "loss": 2.5576388382911683, "accuracy": 54.28727690506664}
{"phase": "train", "iteration": 100, "loss": 2.5574300682544706, "accuracy": 54.42729733791452}
{"phase": "train", "iteration": 150, "loss": 2.5031117192904153, "accuracy": 55.80227090810662}
{"phase": "train", "iteration": 200, "loss": 2.5077702695131303, "accuracy": 55.43336146234046}
{"phase": "train", "iteration": 250, "loss": 2.501586039543152, "accuracy": 55.59929604153858}
{"phase": "train", "iteration": 300, "loss": 2.4929373808701834, "accuracy": 55.759852545543716}
{"phase": "train", "iteration": 350, "loss": 2.503122110707419, "accuracy": 55.41345334203167}
{"epoch": 106, "learning_rate": 0.0002, "next_learning_rate": 0.0002, "learning_rates": {"all": 0.0002}, "next_learning_rates": {"all": 0.0002}, "train_loss": 2.501940249803331, "train_accuracy": 55.438990308873315, "train_samples": 45000, "train_seconds": 44.34279155731201, "val_loss": 1.6731570411682128, "val_accuracy": 72.6, "val_samples": 5000, "val_seconds": 1.937168836593628, "best_validation_accuracy": 72.6, "best_epoch": 106, "epochs_without_improvement": 0}




Epoch == 107
{"phase": "train", "iteration": 50, "loss": 2.6135410904884337, "accuracy": 52.7429957216622}
{"phase": "train", "iteration": 100, "loss": 2.538570207357407, "accuracy": 54.40499788422589}
{"phase": "train", "iteration": 150, "loss": 2.519654493331909, "accuracy": 54.999139142570726}
{"phase": "train", "iteration": 200, "loss": 2.5084539806842803, "accuracy": 55.33672762963567}
{"phase": "train", "iteration": 250, "loss": 2.4845365896224973, "accuracy": 55.83718518877998}
{"phase": "train", "iteration": 300, "loss": 2.4807963009675342, "accuracy": 56.100482278044744}
{"phase": "train", "iteration": 350, "loss": 2.455527608054025, "accuracy": 56.72392334348265}
{"epoch": 107, "learning_rate": 0.0002, "next_learning_rate": 0.0002, "learning_rates": {"all": 0.0002}, "next_learning_rates": {"all": 0.0002}, "train_loss": 2.45861395272149, "train_accuracy": 56.62144198898703, "train_samples": 45000, "train_seconds": 44.22207522392273, "val_loss": 1.6705419483184814, "val_accuracy": 72.68, "val_samples": 5000, "val_seconds": 1.9338560104370117, "best_validation_accuracy": 72.68, "best_epoch": 107, "epochs_without_improvement": 0}




Epoch == 108
{"phase": "train", "iteration": 50, "loss": 2.363895571231842, "accuracy": 59.253769570692654}
{"phase": "train", "iteration": 100, "loss": 2.368554803133011, "accuracy": 59.02206424448369}
{"phase": "train", "iteration": 150, "loss": 2.3692468786239624, "accuracy": 59.026258786387494}
{"phase": "train", "iteration": 200, "loss": 2.426369811296463, "accuracy": 57.68413525459675}
{"phase": "train", "iteration": 250, "loss": 2.4206585507392884, "accuracy": 57.682275895282466}
{"phase": "train", "iteration": 300, "loss": 2.437192623615265, "accuracy": 57.09594505061104}
{"phase": "train", "iteration": 350, "loss": 2.426144801889147, "accuracy": 57.401316478311635}
{"epoch": 108, "learning_rate": 0.0002, "next_learning_rate": 0.0002, "learning_rates": {"all": 0.0002}, "next_learning_rates": {"all": 0.0002}, "train_loss": 2.4246438188764783, "train_accuracy": 57.444281720218484, "train_samples": 45000, "train_seconds": 44.41699528694153, "val_loss": 1.6677895668029785, "val_accuracy": 72.74, "val_samples": 5000, "val_seconds": 1.9216845035552979, "best_validation_accuracy": 72.74, "best_epoch": 108, "epochs_without_improvement": 0}




Epoch == 109
{"phase": "train", "iteration": 50, "loss": 2.527888457775116, "accuracy": 54.0657354946058}
{"phase": "train", "iteration": 100, "loss": 2.4324707591533663, "accuracy": 56.568994701591215}
{"phase": "train", "iteration": 150, "loss": 2.4692441097895306, "accuracy": 55.779037889881884}
{"phase": "train", "iteration": 200, "loss": 2.4840433263778685, "accuracy": 55.49701203122081}
{"phase": "train", "iteration": 250, "loss": 2.4640028257369995, "accuracy": 56.06569106791988}
{"phase": "train", "iteration": 300, "loss": 2.4553911952177683, "accuracy": 56.36351729397695}
{"phase": "train", "iteration": 350, "loss": 2.4598799920082093, "accuracy": 56.21150220654373}
{"epoch": 109, "learning_rate": 0.0002, "next_learning_rate": 0.0002, "learning_rates": {"all": 0.0002}, "next_learning_rates": {"all": 0.0002}, "train_loss": 2.45748213941786, "train_accuracy": 56.27140245310321, "train_samples": 45000, "train_seconds": 44.33126354217529, "val_loss": 1.6652028964996337, "val_accuracy": 72.8, "val_samples": 5000, "val_seconds": 1.9400434494018555, "best_validation_accuracy": 72.8, "best_epoch": 109, "epochs_without_improvement": 0}




Epoch == 110
{"phase": "train", "iteration": 50, "loss": 2.3862460803985597, "accuracy": 57.73216201385373}
{"phase": "train", "iteration": 100, "loss": 2.446459369659424, "accuracy": 56.96049590818646}
{"phase": "train", "iteration": 150, "loss": 2.4274197538693745, "accuracy": 57.59968799263831}
{"phase": "train", "iteration": 200, "loss": 2.4088835310935974, "accuracy": 58.24592416738976}
{"phase": "train", "iteration": 250, "loss": 2.414894791126251, "accuracy": 57.97880088545034}
{"phase": "train", "iteration": 300, "loss": 2.3818199853102366, "accuracy": 58.80220647724139}
{"phase": "train", "iteration": 350, "loss": 2.419908823626382, "accuracy": 57.723269516805644}
{"epoch": 110, "learning_rate": 0.0002, "next_learning_rate": 0.0002, "learning_rates": {"all": 0.0002}, "next_learning_rates": {"all": 0.0002}, "train_loss": 2.4236544927808974, "train_accuracy": 57.5912355411754, "train_samples": 45000, "train_seconds": 44.97661375999451, "val_loss": 1.6630396757125854, "val_accuracy": 72.92, "val_samples": 5000, "val_seconds": 1.978593111038208, "best_validation_accuracy": 72.92, "best_epoch": 110, "epochs_without_improvement": 0}




Epoch == 111
{"phase": "train", "iteration": 50, "loss": 2.585795969963074, "accuracy": 54.17747024056656}
{"phase": "train", "iteration": 100, "loss": 2.370992056131363, "accuracy": 59.6990418102413}
{"phase": "train", "iteration": 150, "loss": 2.3954110097885133, "accuracy": 59.01065761748614}
{"phase": "train", "iteration": 200, "loss": 2.3183248943090438, "accuracy": 60.81710363804759}
{"phase": "train", "iteration": 250, "loss": 2.366326272010803, "accuracy": 59.44265810940496}
{"phase": "train", "iteration": 300, "loss": 2.403271806240082, "accuracy": 58.4902221157659}
{"phase": "train", "iteration": 350, "loss": 2.388558223928724, "accuracy": 58.79115237051959}
{"epoch": 111, "learning_rate": 0.0002, "next_learning_rate": 0.0002, "learning_rates": {"all": 0.0002}, "next_learning_rates": {"all": 0.0002}, "train_loss": 2.3841206064224245, "train_accuracy": 58.90303061208872, "train_samples": 45000, "train_seconds": 44.791085958480835, "val_loss": 1.6609821067810058, "val_accuracy": 72.94, "val_samples": 5000, "val_seconds": 1.9734022617340088, "best_validation_accuracy": 72.94, "best_epoch": 111, "epochs_without_improvement": 1}




Epoch == 112
{"phase": "train", "iteration": 50, "loss": 2.3798881697654726, "accuracy": 58.51561585114535}
{"phase": "train", "iteration": 100, "loss": 2.356782156229019, "accuracy": 59.24751835057848}
{"phase": "train", "iteration": 150, "loss": 2.4267471130688985, "accuracy": 57.43710028306766}
{"phase": "train", "iteration": 200, "loss": 2.4484508520364763, "accuracy": 56.84753826070612}
{"phase": "train", "iteration": 250, "loss": 2.4789240169525146, "accuracy": 55.97775107349297}
{"phase": "train", "iteration": 300, "loss": 2.4680980495611826, "accuracy": 56.314138418432755}
{"phase": "train", "iteration": 350, "loss": 2.453828169277736, "accuracy": 56.52018122495343}
{"epoch": 112, "learning_rate": 0.0002, "next_learning_rate": 0.0002, "learning_rates": {"all": 0.0002}, "next_learning_rates": {"all": 0.0002}, "train_loss": 2.4548122916751436, "train_accuracy": 56.50409854690295, "train_samples": 45000, "train_seconds": 44.9630024433136, "val_loss": 1.6589707260131836, "val_accuracy": 73.0, "val_samples": 5000, "val_seconds": 1.9762656688690186, "best_validation_accuracy": 73.0, "best_epoch": 112, "epochs_without_improvement": 0}
